// 4.25.0 0x2bff0528 D2 R0 FARGB8888 U565 N0 SIntFlashSection
// Generated by imageconverter. Please, do not edit!

#include <touchgfx/hal/Config.hpp>

LOCATION_PRAGMA("IntFlashSection")
KEEP extern const unsigned char image_background1[] LOCATION_ATTRIBUTE("IntFlashSection") = { // 89x119 ARGB8888 pixels.
    0x68, 0x24, 0x28, 0xff, 0x70, 0x24, 0x28, 0xff, 0x68, 0x24, 0x20, 0xff,
    0x68, 0x24, 0x28, 0xff, 0x70, 0x24, 0x28, 0xff, 0x68, 0x24, 0x20, 0xff,
    0x68, 0x24, 0x28, 0xff, 0x70, 0x24, 0x28, 0xff, 0x68, 0x24, 0x20, 0xff,
    0x68, 0x24, 0x28, 0xff, 0x70, 0x24, 0x28, 0xff, 0x68, 0x24, 0x20, 0xff,
    0x68, 0x24, 0x28, 0xff, 0x70, 0x24, 0x28, 0xff, 0x68, 0x24, 0x20, 0xff,
    0x68, 0x24, 0x28, 0xff, 0x70, 0x24, 0x28, 0xff, 0x68, 0x24, 0x20, 0xff,
    0x68, 0x24, 0x28, 0xff, 0x70, 0x24, 0x28, 0xff, 0x68, 0x24, 0x20, 0xff,
    0x68, 0x24, 0x28, 0xff, 0x70, 0x24, 0x28, 0xff, 0x68, 0x24, 0x20, 0xff,
    0x68, 0x24, 0x28, 0xff, 0x70, 0x24, 0x28, 0xff, 0x68, 0x24, 0x20, 0xff,
    0x68, 0x24, 0x28, 0xff, 0x70, 0x24, 0x28, 0xff, 0x68, 0x24, 0x20, 0xff,
    0x68, 0x24, 0x28, 0xff, 0x70, 0x24, 0x28, 0xff, 0x68, 0x24, 0x20, 0xff,
    0x68, 0x24, 0x28, 0xff, 0x70, 0x24, 0x28, 0xff, 0x68, 0x24, 0x20, 0xff,
    0x68, 0x24, 0x28, 0xff, 0x70, 0x24, 0x28, 0xff, 0x68, 0x24, 0x20, 0xff,
    0x68, 0x24, 0x28, 0xff, 0x70, 0x24, 0x28, 0xff, 0x68, 0x24, 0x20, 0xff,
    0x68, 0x24, 0x28, 0xff, 0x70, 0x24, 0x28, 0xff, 0x68, 0x24, 0x20, 0xff,
    0x68, 0x24, 0x28, 0xff, 0x70, 0x24, 0x28, 0xff, 0x68, 0x24, 0x20, 0xff,
    0x68, 0x24, 0x28, 0xff, 0x70, 0x24, 0x28, 0xff, 0x68, 0x24, 0x20, 0xff,
    0x68, 0x24, 0x28, 0xff, 0x70, 0x24, 0x28, 0xff, 0x68, 0x24, 0x20, 0xff,
    0x68, 0x24, 0x28, 0xff, 0x70, 0x24, 0x28, 0xff, 0x68, 0x24, 0x20, 0xff,
    0x68, 0x24, 0x28, 0xff, 0x70, 0x24, 0x28, 0xff, 0x68, 0x24, 0x20, 0xff,
    0x68, 0x24, 0x28, 0xff, 0x70, 0x24, 0x28, 0xff, 0x68, 0x24, 0x20, 0xff,
    0x68, 0x24, 0x28, 0xff, 0x70, 0x24, 0x28, 0xff, 0x68, 0x24, 0x20, 0xff,
    0x68, 0x24, 0x28, 0xff, 0x70, 0x28, 0x28, 0xff, 0x68, 0x24, 0x28, 0xff,
    0x70, 0x24, 0x28, 0xff, 0x68, 0x24, 0x20, 0xff, 0x68, 0x24, 0x28, 0xff,
    0x70, 0x24, 0x28, 0xff, 0x68, 0x24, 0x20, 0xff, 0x68, 0x24, 0x28, 0xff,
    0x70, 0x24, 0x28, 0xff, 0x68, 0x24, 0x20, 0xff, 0x68, 0x24, 0x28, 0xff,
    0x70, 0x24, 0x28, 0xff, 0x78, 0x38, 0x38, 0xff, 0x68, 0x24, 0x20, 0xff,
    0x68, 0x24, 0x28, 0xff, 0x70, 0x24, 0x28, 0xff, 0x68, 0x24, 0x20, 0xff,
    0x68, 0x24, 0x28, 0xff, 0x70, 0x24, 0x28, 0xff, 0x68, 0x24, 0x20, 0xff,
    0x68, 0x24, 0x28, 0xff, 0x70, 0x24, 0x28, 0xff, 0x68, 0x24, 0x20, 0xff,
    0x70, 0x24, 0x28, 0xff, 0x70, 0x24, 0x28, 0xff, 0x68, 0x24, 0x20, 0xff,
    0x70, 0x24, 0x28, 0xff, 0x70, 0x24, 0x28, 0xff, 0x68, 0x24, 0x20, 0xff,
    0x70, 0x24, 0x28, 0xff, 0x70, 0x24, 0x28, 0xff, 0x68, 0x24, 0x20, 0xff,
    0x70, 0x24, 0x28, 0xff, 0x70, 0x24, 0x28, 0xff, 0x68, 0x24, 0x20, 0xff,
    0x70, 0x24, 0x28, 0xff, 0x70, 0x24, 0x28, 0xff, 0x68, 0x24, 0x20, 0xff,
    0x70, 0x24, 0x28, 0xff, 0x70, 0x24, 0x28, 0xff, 0x68, 0x24, 0x20, 0xff,
    0x70, 0x24, 0x28, 0xff, 0x70, 0x24, 0x28, 0xff, 0x68, 0x24, 0x20, 0xff,
    0x70, 0x24, 0x28, 0xff, 0x70, 0x24, 0x28, 0xff, 0x68, 0x24, 0x20, 0xff,
    0x70, 0x24, 0x28, 0xff, 0x70, 0x24, 0x28, 0xff, 0x68, 0x24, 0x20, 0xff,
    0x70, 0x24, 0x28, 0xff, 0x70, 0x24, 0x28, 0xff, 0x68, 0x24, 0x20, 0xff,
    0x70, 0x24, 0x28, 0xff, 0x70, 0x24, 0x28, 0xff, 0x68, 0x24, 0x20, 0xff,
    0x70, 0x24, 0x28, 0xff, 0x70, 0x24, 0x28, 0xff, 0x68, 0x24, 0x20, 0xff,
    0x70, 0x24, 0x28, 0xff, 0x70, 0x24, 0x28, 0xff, 0x68, 0x24, 0x20, 0xff,
    0x70, 0x24, 0x28, 0xff, 0x70, 0x24, 0x28, 0xff, 0x68, 0x24, 0x20, 0xff,
    0x70, 0x24, 0x28, 0xff, 0x70, 0x24, 0x28, 0xff, 0x68, 0x24, 0x20, 0xff,
    0x70, 0x24, 0x28, 0xff, 0x70, 0x24, 0x28, 0xff, 0x68, 0x24, 0x20, 0xff,
    0x70, 0x24, 0x28, 0xff, 0x70, 0x24, 0x28, 0xff, 0x68, 0x24, 0x20, 0xff,
    0x70, 0x24, 0x28, 0xff, 0x70, 0x24, 0x28, 0xff, 0x68, 0x24, 0x20, 0xff,
    0x70, 0x24, 0x28, 0xff, 0x70, 0x24, 0x28, 0xff, 0x68, 0x24, 0x20, 0xff,
    0x70, 0x24, 0x28, 0xff, 0x70, 0x24, 0x28, 0xff, 0x68, 0x24, 0x20, 0xff,
    0x70, 0x24, 0x28, 0xff, 0x70, 0x24, 0x28, 0xff, 0x68, 0x24, 0x20, 0xff,
    0x70, 0x24, 0x28, 0xff, 0x70, 0x24, 0x28, 0xff, 0x68, 0x24, 0x20, 0xff,
    0x70, 0x2c, 0x30, 0xff, 0x68, 0x24, 0x20, 0xff, 0x70, 0x24, 0x28, 0xff,
    0x70, 0x24, 0x20, 0xff, 0x68, 0x24, 0x28, 0xff, 0x70, 0x24, 0x28, 0xff,
    0x70, 0x24, 0x20, 0xff, 0x68, 0x24, 0x28, 0xff, 0x70, 0x24, 0x28, 0xff,
    0x70, 0x24, 0x20, 0xff, 0x68, 0x24, 0x28, 0xff, 0x70, 0x24, 0x20, 0xff,
    0x68, 0x28, 0x28, 0xff, 0x68, 0x24, 0x28, 0xff, 0x70, 0x24, 0x20, 0xff,
    0x70, 0x24, 0x28, 0xff, 0x68, 0x24, 0x28, 0xff, 0x70, 0x24, 0x20, 0xff,
    0x70, 0x24, 0x28, 0xff, 0x68, 0x24, 0x28, 0xff, 0x70, 0x24, 0x20, 0xff,
    0x68, 0x24, 0x28, 0xff, 0x68, 0x24, 0x28, 0xff, 0x70, 0x24, 0x20, 0xff,
    0x68, 0x28, 0x28, 0xff, 0x68, 0x24, 0x20, 0xff, 0x70, 0x28, 0x28, 0xff,
    0x68, 0x24, 0x28, 0xff, 0x68, 0x28, 0x20, 0xff, 0x70, 0x24, 0x28, 0xff,
    0x68, 0x28, 0x28, 0xff, 0x68, 0x24, 0x20, 0xff, 0x70, 0x28, 0x28, 0xff,
    0x68, 0x24, 0x28, 0xff, 0x68, 0x28, 0x20, 0xff, 0x70, 0x24, 0x28, 0xff,
    0x68, 0x28, 0x28, 0xff, 0x68, 0x24, 0x20, 0xff, 0x70, 0x28, 0x28, 0xff,
    0x68, 0x24, 0x28, 0xff, 0x68, 0x28, 0x20, 0xff, 0x70, 0x24, 0x28, 0xff,
    0x68, 0x28, 0x28, 0xff, 0x68, 0x24, 0x20, 0xff, 0x70, 0x28, 0x28, 0xff,
    0x68, 0x24, 0x28, 0xff, 0x68, 0x28, 0x20, 0xff, 0x70, 0x24, 0x28, 0xff,
    0x68, 0x28, 0x28, 0xff, 0x68, 0x24, 0x20, 0xff, 0x70, 0x28, 0x28, 0xff,
    0x68, 0x24, 0x28, 0xff, 0x68, 0x28, 0x20, 0xff, 0x70, 0x24, 0x28, 0xff,
    0x68, 0x28, 0x28, 0xff, 0x68, 0x24, 0x20, 0xff, 0x70, 0x28, 0x28, 0xff,
    0x68, 0x24, 0x28, 0xff, 0x68, 0x28, 0x20, 0xff, 0x70, 0x24, 0x28, 0xff,
    0x68, 0x28, 0x28, 0xff, 0x68, 0x24, 0x20, 0xff, 0x70, 0x28, 0x28, 0xff,
    0x68, 0x24, 0x28, 0xff, 0x68, 0x28, 0x20, 0xff, 0x70, 0x24, 0x28, 0xff,
    0x68, 0x28, 0x28, 0xff, 0x68, 0x24, 0x20, 0xff, 0x70, 0x28, 0x28, 0xff,
    0x68, 0x24, 0x28, 0xff, 0x68, 0x28, 0x20, 0xff, 0x70, 0x24, 0x28, 0xff,
    0x68, 0x28, 0x28, 0xff, 0x68, 0x24, 0x20, 0xff, 0x70, 0x28, 0x28, 0xff,
    0x68, 0x24, 0x28, 0xff, 0x68, 0x28, 0x20, 0xff, 0x70, 0x24, 0x28, 0xff,
    0x68, 0x28, 0x28, 0xff, 0x68, 0x24, 0x20, 0xff, 0x70, 0x28, 0x28, 0xff,
    0x68, 0x24, 0x28, 0xff, 0x68, 0x28, 0x20, 0xff, 0x70, 0x24, 0x28, 0xff,
    0x68, 0x28, 0x28, 0xff, 0x68, 0x24, 0x20, 0xff, 0x70, 0x28, 0x28, 0xff,
    0x70, 0x24, 0x28, 0xff, 0x70, 0x28, 0x20, 0xff, 0x68, 0x24, 0x28, 0xff,
    0x70, 0x28, 0x28, 0xff, 0x68, 0x24, 0x20, 0xff, 0x70, 0x28, 0x28, 0xff,
    0x68, 0x24, 0x20, 0xff, 0x68, 0x28, 0x28, 0xff, 0x70, 0x24, 0x28, 0xff,
    0x68, 0x28, 0x20, 0xff, 0x68, 0x24, 0x28, 0xff, 0x70, 0x28, 0x28, 0xff,
    0x68, 0x24, 0x20, 0xff, 0x70, 0x24, 0x28, 0xff, 0x70, 0x24, 0x20, 0xff,
    0x68, 0x24, 0x28, 0xff, 0x70, 0x28, 0x20, 0xff, 0x68, 0x24, 0x28, 0xff,
    0x68, 0x28, 0x28, 0xff, 0x70, 0x24, 0x20, 0xff, 0x68, 0x28, 0x28, 0xff,
    0x70, 0x24, 0x28, 0xff, 0x70, 0x24, 0x20, 0xff, 0x68, 0x24, 0x20, 0xff,
    0x70, 0x24, 0x28, 0xff, 0x68, 0x24, 0x28, 0xff, 0x70, 0x24, 0x20, 0xff,
    0x70, 0x24, 0x28, 0xff, 0x68, 0x24, 0x20, 0xff, 0x70, 0x28, 0x28, 0xff,
    0x70, 0x24, 0x20, 0xff, 0x68, 0x24, 0x28, 0xff, 0x70, 0x24, 0x20, 0xff,
    0x70, 0x28, 0x28, 0xff, 0x68, 0x24, 0x20, 0xff, 0x70, 0x24, 0x28, 0xff,
    0x70, 0x24, 0x20, 0xff, 0x68, 0x28, 0x28, 0xff, 0x70, 0x24, 0x20, 0xff,
    0x70, 0x24, 0x28, 0xff, 0x68, 0x24, 0x20, 0xff, 0x70, 0x28, 0x28, 0xff,
    0x70, 0x24, 0x20, 0xff, 0x68, 0x24, 0x28, 0xff, 0x70, 0x24, 0x20, 0xff,
    0x70, 0x28, 0x28, 0xff, 0x68, 0x24, 0x20, 0xff, 0x70, 0x24, 0x28, 0xff,
    0x70, 0x24, 0x20, 0xff, 0x68, 0x28, 0x28, 0xff, 0x70, 0x24, 0x20, 0xff,
    0x70, 0x24, 0x28, 0xff, 0x68, 0x24, 0x20, 0xff, 0x70, 0x28, 0x28, 0xff,
    0x70, 0x24, 0x20, 0xff, 0x68, 0x24, 0x28, 0xff, 0x70, 0x24, 0x20, 0xff,
    0x70, 0x28, 0x28, 0xff, 0x68, 0x24, 0x20, 0xff, 0x70, 0x24, 0x28, 0xff,
    0x70, 0x24, 0x20, 0xff, 0x68, 0x28, 0x28, 0xff, 0x70, 0x24, 0x20, 0xff,
    0x70, 0x24, 0x28, 0xff, 0x68, 0x24, 0x20, 0xff, 0x70, 0x28, 0x28, 0xff,
    0x70, 0x24, 0x20, 0xff, 0x68, 0x24, 0x28, 0xff, 0x70, 0x24, 0x20, 0xff,
    0x70, 0x28, 0x28, 0xff, 0x68, 0x24, 0x20, 0xff, 0x70, 0x24, 0x28, 0xff,
    0x70, 0x24, 0x20, 0xff, 0x68, 0x28, 0x28, 0xff, 0x70, 0x24, 0x20, 0xff,
    0x70, 0x24, 0x28, 0xff, 0x68, 0x24, 0x20, 0xff, 0x70, 0x28, 0x28, 0xff,
    0x70, 0x24, 0x20, 0xff, 0x68, 0x24, 0x28, 0xff, 0x70, 0x24, 0x20, 0xff,
    0x70, 0x28, 0x28, 0xff, 0x68, 0x24, 0x20, 0xff, 0x70, 0x24, 0x28, 0xff,
    0x70, 0x24, 0x20, 0xff, 0x68, 0x28, 0x28, 0xff, 0x70, 0x24, 0x20, 0xff,
    0x68, 0x24, 0x28, 0xff, 0x68, 0x24, 0x20, 0xff, 0x68, 0x28, 0x28, 0xff,
    0x70, 0x24, 0x20, 0xff, 0x70, 0x24, 0x28, 0xff, 0x68, 0x24, 0x28, 0xff,
    0x70, 0x28, 0x20, 0xff, 0x68, 0x24, 0x28, 0xff, 0x70, 0x24, 0x28, 0xff,
    0x70, 0x24, 0x20, 0xff, 0x68, 0x28, 0x28, 0xff, 0x70, 0x24, 0x20, 0xff,
    0x70, 0x24, 0x28, 0xff, 0x68, 0x24, 0x28, 0xff, 0x68, 0x28, 0x20, 0xff,
    0x70, 0x24, 0x28, 0xff, 0x68, 0x24, 0x28, 0xff, 0x70, 0x28, 0x20, 0xff,
    0x68, 0x24, 0x28, 0xff, 0x70, 0x24, 0x20, 0xff, 0x70, 0x24, 0x28, 0xff,
    0x68, 0x24, 0x20, 0xff, 0x68, 0x28, 0x28, 0xff, 0x70, 0x24, 0x28, 0xff,
    0x68, 0x24, 0x28, 0xff, 0x70, 0x28, 0x28, 0xff, 0x68, 0x24, 0x20, 0xff,
    0x70, 0x24, 0x28, 0xff, 0x68, 0x28, 0x28, 0xff, 0x70, 0x24, 0x20, 0xff,
    0x68, 0x24, 0x28, 0xff, 0x68, 0x24, 0x28, 0xff, 0x70, 0x24, 0x28, 0xff,
    0x68, 0x24, 0x20, 0xff, 0x70, 0x24, 0x28, 0xff, 0x68, 0x24, 0x28, 0xff,
    0x68, 0x24, 0x20, 0xff, 0x70, 0x24, 0x28, 0xff, 0x68, 0x24, 0x28, 0xff,
    0x68, 0x24, 0x20, 0xff, 0x70, 0x24, 0x28, 0xff, 0x68, 0x24, 0x28, 0xff,
    0x68, 0x24, 0x20, 0xff, 0x70, 0x24, 0x28, 0xff, 0x68, 0x24, 0x28, 0xff,
    0x68, 0x24, 0x20, 0xff, 0x70, 0x24, 0x28, 0xff, 0x68, 0x24, 0x28, 0xff,
    0x68, 0x24, 0x20, 0xff, 0x70, 0x24, 0x28, 0xff, 0x68, 0x24, 0x28, 0xff,
    0x68, 0x24, 0x20, 0xff, 0x70, 0x24, 0x28, 0xff, 0x68, 0x24, 0x28, 0xff,
    0x68, 0x24, 0x20, 0xff, 0x70, 0x24, 0x28, 0xff, 0x68, 0x24, 0x28, 0xff,
    0x68, 0x24, 0x20, 0xff, 0x70, 0x24, 0x28, 0xff, 0x68, 0x24, 0x28, 0xff,
    0x68, 0x24, 0x20, 0xff, 0x70, 0x24, 0x28, 0xff, 0x68, 0x24, 0x28, 0xff,
    0x68, 0x24, 0x20, 0xff, 0x70, 0x24, 0x28, 0xff, 0x68, 0x24, 0x28, 0xff,
    0x68, 0x24, 0x20, 0xff, 0x70, 0x24, 0x28, 0xff, 0x68, 0x24, 0x28, 0xff,
    0x68, 0x24, 0x20, 0xff, 0x70, 0x24, 0x28, 0xff, 0x68, 0x24, 0x28, 0xff,
    0x68, 0x24, 0x20, 0xff, 0x70, 0x24, 0x28, 0xff, 0x68, 0x24, 0x28, 0xff,
    0x68, 0x24, 0x20, 0xff, 0x70, 0x24, 0x28, 0xff, 0x68, 0x24, 0x28, 0xff,
    0x68, 0x24, 0x20, 0xff, 0x70, 0x24, 0x28, 0xff, 0x68, 0x24, 0x28, 0xff,
    0x68, 0x24, 0x20, 0xff, 0x70, 0x24, 0x28, 0xff, 0x68, 0x24, 0x28, 0xff,
    0x68, 0x24, 0x20, 0xff, 0x70, 0x24, 0x28, 0xff, 0x68, 0x24, 0x28, 0xff,
    0x70, 0x24, 0x20, 0xff, 0x70, 0x24, 0x28, 0xff, 0x70, 0x24, 0x28, 0xff,
    0x68, 0x24, 0x20, 0xff, 0x70, 0x24, 0x28, 0xff, 0x68, 0x24, 0x28, 0xff,
    0x68, 0x24, 0x20, 0xff, 0x70, 0x24, 0x28, 0xff, 0x68, 0x24, 0x28, 0xff,
    0x68, 0x24, 0x20, 0xff, 0x70, 0x24, 0x28, 0xff, 0x68, 0x24, 0x28, 0xff,
    0x68, 0x24, 0x20, 0xff, 0x70, 0x24, 0x28, 0xff, 0x70, 0x24, 0x20, 0xff,
    0x68, 0x24, 0x28, 0xff, 0x70, 0x28, 0x28, 0xff, 0x68, 0x24, 0x20, 0xff,
    0x68, 0x24, 0x28, 0xff, 0x70, 0x24, 0x28, 0xff, 0x68, 0x24, 0x28, 0xff,
    0x70, 0x28, 0x28, 0xff, 0x70, 0x24, 0x20, 0xff, 0x68, 0x24, 0x28, 0xff,
    0x70, 0x24, 0x20, 0xff, 0x68, 0x24, 0x20, 0xff, 0x68, 0x28, 0x28, 0xff,
    0x70, 0x24, 0x28, 0xff, 0x68, 0x24, 0x28, 0xff, 0x70, 0x24, 0x20, 0xff,
    0x68, 0x28, 0x28, 0xff, 0x68, 0x24, 0x28, 0xff, 0x70, 0x24, 0x20, 0xff,
    0x70, 0x28, 0x28, 0xff, 0x68, 0x24, 0x20, 0xff, 0x70, 0x28, 0x28, 0xff,
    0x68, 0x24, 0x28, 0xff, 0x70, 0x24, 0x20, 0xff, 0x70, 0x28, 0x28, 0xff,
    0x68, 0x28, 0x20, 0xff, 0x70, 0x24, 0x28, 0xff, 0x70, 0x28, 0x28, 0xff,
    0x68, 0x24, 0x20, 0xff, 0x70, 0x28, 0x28, 0xff, 0x70, 0x24, 0x28, 0xff,
    0x70, 0x2c, 0x28, 0xff, 0x68, 0x28, 0x28, 0xff, 0x70, 0x28, 0x28, 0xff,
    0x70, 0x24, 0x20, 0xff, 0x68, 0x24, 0x28, 0xff, 0x70, 0x28, 0x28, 0xff,
    0x70, 0x28, 0x20, 0xff, 0x68, 0x24, 0x28, 0xff, 0x70, 0x24, 0x28, 0xff,
    0x70, 0x28, 0x20, 0xff, 0x68, 0x28, 0x28, 0xff, 0x70, 0x24, 0x28, 0xff,
    0x70, 0x24, 0x20, 0xff, 0x68, 0x28, 0x28, 0xff, 0x70, 0x28, 0x28, 0xff,
    0x70, 0x24, 0x20, 0xff, 0x68, 0x24, 0x28, 0xff, 0x70, 0x28, 0x28, 0xff,
    0x70, 0x28, 0x20, 0xff, 0x68, 0x24, 0x28, 0xff, 0x70, 0x24, 0x28, 0xff,
    0x70, 0x28, 0x20, 0xff, 0x68, 0x28, 0x28, 0xff, 0x70, 0x24, 0x28, 0xff,
    0x70, 0x24, 0x20, 0xff, 0x68, 0x28, 0x28, 0xff, 0x70, 0x28, 0x28, 0xff,
    0x70, 0x24, 0x20, 0xff, 0x68, 0x24, 0x28, 0xff, 0x70, 0x28, 0x28, 0xff,
    0x70, 0x28, 0x20, 0xff, 0x68, 0x24, 0x28, 0xff, 0x70, 0x24, 0x28, 0xff,
    0x70, 0x28, 0x20, 0xff, 0x68, 0x28, 0x28, 0xff, 0x70, 0x24, 0x28, 0xff,
    0x70, 0x24, 0x20, 0xff, 0x68, 0x28, 0x28, 0xff, 0x70, 0x28, 0x28, 0xff,
    0x70, 0x28, 0x28, 0xff, 0x68, 0x24, 0x20, 0xff, 0x70, 0x28, 0x28, 0xff,
    0x68, 0x24, 0x28, 0xff, 0x68, 0x28, 0x20, 0xff, 0x68, 0x24, 0x28, 0xff,
    0x70, 0x28, 0x28, 0xff, 0x68, 0x28, 0x20, 0xff, 0x70, 0x24, 0x28, 0xff,
    0x70, 0x24, 0x28, 0xff, 0x68, 0x28, 0x20, 0xff, 0x70, 0x28, 0x20, 0xff,
    0x70, 0x24, 0x28, 0xff, 0x68, 0x24, 0x28, 0xff, 0x70, 0x28, 0x20, 0xff,
    0x70, 0x28, 0x28, 0xff, 0x68, 0x24, 0x28, 0xff, 0x70, 0x24, 0x20, 0xff,
    0x68, 0x28, 0x28, 0xff, 0x68, 0x24, 0x28, 0xff, 0x70, 0x24, 0x20, 0xff,
    0x70, 0x24, 0x28, 0xff, 0x68, 0x28, 0x20, 0xff, 0x70, 0x24, 0x20, 0xff,
    0x70, 0x24, 0x28, 0xff, 0x68, 0x28, 0x20, 0xff, 0x68, 0x24, 0x28, 0xff,
    0x68, 0x24, 0x28, 0xff, 0x70, 0x28, 0x28, 0xff, 0x70, 0x24, 0x20, 0xff,
    0x68, 0x24, 0x28, 0xff, 0x70, 0x24, 0x20, 0xff, 0x68, 0x24, 0x20, 0xff,
    0x70, 0x24, 0x28, 0xff, 0x68, 0x24, 0x20, 0xff, 0x70, 0x24, 0x28, 0xff,
    0x70, 0x24, 0x28, 0xff, 0x68, 0x28, 0x20, 0xff, 0x70, 0x24, 0x28, 0xff,
    0x68, 0x24, 0x28, 0xff, 0x68, 0x28, 0x20, 0xff, 0x70, 0x24, 0x28, 0xff,
    0x68, 0x24, 0x28, 0xff, 0x70, 0x28, 0x20, 0xff, 0x68, 0x24, 0x28, 0xff,
    0x68, 0x24, 0x28, 0xff, 0x70, 0x24, 0x20, 0xff, 0x68, 0x24, 0x28, 0xff,
    0x68, 0x28, 0x20, 0xff, 0x70, 0x24, 0x28, 0xff, 0x68, 0x24, 0x20, 0xff,
    0x70, 0x24, 0x28, 0xff, 0x70, 0x24, 0x28, 0xff, 0x68, 0x28, 0x20, 0xff,
    0x68, 0x24, 0x28, 0xff, 0x70, 0x24, 0x28, 0xff, 0x68, 0x24, 0x20, 0xff,
    0x68, 0x24, 0x28, 0xff, 0x70, 0x24, 0x28, 0xff, 0x68, 0x24, 0x20, 0xff,
    0x68, 0x24, 0x28, 0xff, 0x70, 0x28, 0x28, 0xff, 0x68, 0x24, 0x20, 0xff,
    0x68, 0x24, 0x28, 0xff, 0x70, 0x24, 0x28, 0xff, 0x68, 0x24, 0x20, 0xff,
    0x68, 0x24, 0x28, 0xff, 0x70, 0x24, 0x28, 0xff, 0x68, 0x24, 0x20, 0xff,
    0x68, 0x28, 0x28, 0xff, 0x70, 0x24, 0x28, 0xff, 0x68, 0x24, 0x20, 0xff,
    0x68, 0x24, 0x28, 0xff, 0x70, 0x24, 0x28, 0xff, 0x68, 0x24, 0x20, 0xff,
    0x68, 0x24, 0x28, 0xff, 0x70, 0x24, 0x28, 0xff, 0x68, 0x28, 0x20, 0xff,
    0x68, 0x24, 0x28, 0xff, 0x70, 0x24, 0x28, 0xff, 0x68, 0x24, 0x20, 0xff,
    0x68, 0x24, 0x28, 0xff, 0x70, 0x24, 0x28, 0xff, 0x68, 0x24, 0x20, 0xff,
    0x68, 0x24, 0x28, 0xff, 0x70, 0x28, 0x28, 0xff, 0x68, 0x24, 0x20, 0xff,
    0x68, 0x24, 0x20, 0xff, 0x68, 0x28, 0x28, 0xff, 0x90, 0x44, 0x48, 0xff,
    0x68, 0x24, 0x20, 0xff, 0x70, 0x24, 0x28, 0xff, 0x70, 0x24, 0x20, 0xff,
    0x70, 0x24, 0x28, 0xff, 0x68, 0x24, 0x28, 0xff, 0x68, 0x24, 0x20, 0xff,
    0x70, 0x24, 0x28, 0xff, 0x68, 0x24, 0x28, 0xff, 0x68, 0x24, 0x20, 0xff,
    0x70, 0x24, 0x28, 0xff, 0x68, 0x24, 0x28, 0xff, 0x68, 0x28, 0x20, 0xff,
    0x70, 0x24, 0x28, 0xff, 0x68, 0x24, 0x20, 0xff, 0x68, 0x24, 0x28, 0xff,
    0x70, 0x24, 0x20, 0xff, 0x70, 0x28, 0x28, 0xff, 0x68, 0x24, 0x28, 0xff,
    0x68, 0x28, 0x20, 0xff, 0x70, 0x24, 0x28, 0xff, 0x68, 0x24, 0x28, 0xff,
    0x68, 0x24, 0x28, 0xff, 0x70, 0x28, 0x28, 0xff, 0x68, 0x24, 0x20, 0xff,
    0x70, 0x24, 0x28, 0xff, 0x70, 0x24, 0x20, 0xff, 0x68, 0x24, 0x28, 0xff,
    0x68, 0x28, 0x20, 0xff, 0x70, 0x24, 0x28, 0xff, 0x70, 0x24, 0x28, 0xff,
    0x68, 0x28, 0x28, 0xff, 0x70, 0x24, 0x28, 0xff, 0x68, 0x24, 0x28, 0xff,
    0x70, 0x28, 0x20, 0xff, 0x68, 0x24, 0x28, 0xff, 0x68, 0x24, 0x20, 0xff,
    0x70, 0x24, 0x28, 0xff, 0x68, 0x24, 0x28, 0xff, 0x70, 0x24, 0x20, 0xff,
    0x70, 0x24, 0x20, 0xff, 0x68, 0x24, 0x28, 0xff, 0x68, 0x24, 0x28, 0xff,
    0x70, 0x24, 0x20, 0xff, 0x98, 0x54, 0x58, 0xff, 0x68, 0x28, 0x28, 0xff,
    0x70, 0x28, 0x20, 0xff, 0x68, 0x24, 0x28, 0xff, 0x70, 0x24, 0x28, 0xff,
    0x68, 0x24, 0x20, 0xff, 0x68, 0x28, 0x28, 0xff, 0x70, 0x24, 0x20, 0xff,
    0x68, 0x24, 0x28, 0xff, 0x68, 0x24, 0x20, 0xff, 0x70, 0x24, 0x28, 0xff,
    0x70, 0x24, 0x20, 0xff, 0x68, 0x28, 0x28, 0xff, 0x70, 0x24, 0x20, 0xff,
    0x70, 0x28, 0x28, 0xff, 0x68, 0x24, 0x20, 0xff, 0x70, 0x24, 0x28, 0xff,
    0x70, 0x24, 0x20, 0xff, 0x68, 0x24, 0x28, 0xff, 0x70, 0x24, 0x20, 0xff,
    0x70, 0x28, 0x28, 0xff, 0x68, 0x24, 0x20, 0xff, 0x70, 0x28, 0x28, 0xff,
    0x70, 0x24, 0x20, 0xff, 0x68, 0x24, 0x28, 0xff, 0x70, 0x24, 0x20, 0xff,
    0x70, 0x24, 0x28, 0xff, 0x68, 0x24, 0x20, 0xff, 0x70, 0x28, 0x28, 0xff,
    0x70, 0x28, 0x28, 0xff, 0x68, 0x24, 0x20, 0xff, 0x70, 0x24, 0x28, 0xff,
    0x70, 0x24, 0x20, 0xff, 0x68, 0x24, 0x28, 0xff, 0x70, 0x24, 0x20, 0xff,
    0x70, 0x24, 0x28, 0xff, 0x68, 0x28, 0x20, 0xff, 0x70, 0x24, 0x28, 0xff,
    0x70, 0x28, 0x20, 0xff, 0x68, 0x24, 0x28, 0xff, 0x70, 0x24, 0x20, 0xff,
    0x70, 0x24, 0x28, 0xff, 0x68, 0x24, 0x28, 0xff, 0x70, 0x24, 0x20, 0xff,
    0x70, 0x24, 0x28, 0xff, 0x70, 0x34, 0x30, 0xff, 0x68, 0x24, 0x20, 0xff,
    0x68, 0x24, 0x28, 0xff, 0x70, 0x28, 0x28, 0xff, 0x70, 0x24, 0x20, 0xff,
    0x68, 0x24, 0x28, 0xff, 0x70, 0x28, 0x20, 0xff, 0x70, 0x24, 0x28, 0xff,
    0x68, 0x28, 0x20, 0xff, 0x70, 0x24, 0x28, 0xff, 0x70, 0x24, 0x28, 0xff,
    0x68, 0x24, 0x20, 0xff, 0x70, 0x24, 0x28, 0xff, 0x70, 0x24, 0x28, 0xff,
    0x68, 0x24, 0x28, 0xff, 0x68, 0x24, 0x20, 0xff, 0x70, 0x28, 0x28, 0xff,
    0x68, 0x24, 0x28, 0xff, 0x70, 0x24, 0x20, 0xff, 0x70, 0x24, 0x20, 0xff,
    0x68, 0x28, 0x28, 0xff, 0x70, 0x24, 0x20, 0xff, 0x70, 0x24, 0x28, 0xff,
    0x68, 0x24, 0x28, 0xff, 0x68, 0x24, 0x20, 0xff, 0x70, 0x28, 0x28, 0xff,
    0x70, 0x24, 0x28, 0xff, 0x68, 0x24, 0x20, 0xff, 0x68, 0x24, 0x28, 0xff,
    0x70, 0x24, 0x28, 0xff, 0x68, 0x28, 0x20, 0xff, 0x68, 0x24, 0x28, 0xff,
    0x70, 0x24, 0x28, 0xff, 0x68, 0x24, 0x28, 0xff, 0x70, 0x24, 0x28, 0xff,
    0x70, 0x28, 0x20, 0xff, 0x68, 0x24, 0x28, 0xff, 0x70, 0x28, 0x20, 0xff,
    0x68, 0x24, 0x28, 0xff, 0x70, 0x28, 0x28, 0xff, 0x70, 0x24, 0x20, 0xff,
    0x68, 0x28, 0x28, 0xff, 0x70, 0x24, 0x28, 0xff, 0x68, 0x28, 0x20, 0xff,
    0x68, 0x24, 0x28, 0xff, 0x70, 0x24, 0x28, 0xff, 0x68, 0x24, 0x20, 0xff,
    0x70, 0x24, 0x28, 0xff, 0x70, 0x24, 0x28, 0xff, 0x68, 0x28, 0x20, 0xff,
    0x70, 0x24, 0x28, 0xff, 0x70, 0x24, 0x28, 0xff, 0x68, 0x28, 0x20, 0xff,
    0x70, 0x24, 0x28, 0xff, 0x70, 0x24, 0x28, 0xff, 0x68, 0x28, 0x20, 0xff,
    0x68, 0x24, 0x28, 0xff, 0x70, 0x24, 0x28, 0xff, 0x68, 0x28, 0x20, 0xff,
    0x68, 0x24, 0x28, 0xff, 0x70, 0x24, 0x28, 0xff, 0x68, 0x28, 0x20, 0xff,
    0x68, 0x24, 0x28, 0xff, 0x70, 0x24, 0x28, 0xff, 0x68, 0x28, 0x20, 0xff,
    0x68, 0x24, 0x28, 0xff, 0x70, 0x24, 0x28, 0xff, 0x68, 0x28, 0x20, 0xff,
    0x68, 0x24, 0x28, 0xff, 0x70, 0x24, 0x28, 0xff, 0x68, 0x28, 0x20, 0xff,
    0x68, 0x24, 0x28, 0xff, 0x70, 0x28, 0x20, 0xff, 0x70, 0x2c, 0x28, 0xff,
    0x68, 0x24, 0x28, 0xff, 0x70, 0x28, 0x28, 0xff, 0x68, 0x28, 0x20, 0xff,
    0x68, 0x24, 0x28, 0xff, 0x70, 0x24, 0x28, 0xff, 0x68, 0x28, 0x20, 0xff,
    0x68, 0x24, 0x28, 0xff, 0x70, 0x24, 0x28, 0xff, 0x68, 0x28, 0x20, 0xff,
    0x68, 0x24, 0x28, 0xff, 0x70, 0x24, 0x28, 0xff, 0x68, 0x28, 0x20, 0xff,
    0x70, 0x24, 0x28, 0xff, 0x70, 0x24, 0x28, 0xff, 0x68, 0x24, 0x28, 0xff,
    0x70, 0x24, 0x28, 0xff, 0x70, 0x24, 0x28, 0xff, 0x68, 0x28, 0x20, 0xff,
    0x68, 0x24, 0x28, 0xff, 0x68, 0x24, 0x28, 0xff, 0x70, 0x28, 0x20, 0xff,
    0x68, 0x24, 0x28, 0xff, 0x68, 0x24, 0x28, 0xff, 0x70, 0x24, 0x20, 0xff,
    0x68, 0x28, 0x28, 0xff, 0x68, 0x28, 0x28, 0xff, 0x70, 0x24, 0x20, 0xff,
    0x68, 0x24, 0x28, 0xff, 0x70, 0x28, 0x20, 0xff, 0x70, 0x28, 0x28, 0xff,
    0x70, 0x24, 0x20, 0xff, 0x68, 0x24, 0x28, 0xff, 0x68, 0x24, 0x28, 0xff,
    0x70, 0x24, 0x20, 0xff, 0x68, 0x24, 0x28, 0xff, 0x68, 0x24, 0x28, 0xff,
    0x70, 0x28, 0x20, 0xff, 0x70, 0x24, 0x20, 0xff, 0x68, 0x24, 0x28, 0xff,
    0x70, 0x28, 0x28, 0xff, 0x68, 0x24, 0x20, 0xff, 0x68, 0x24, 0x28, 0xff,
    0x70, 0x28, 0x28, 0xff, 0x70, 0x24, 0x20, 0xff, 0x68, 0x24, 0x28, 0xff,
    0x70, 0x24, 0x20, 0xff, 0x68, 0x24, 0x20, 0xff, 0x68, 0x28, 0x28, 0xff,
    0x68, 0x24, 0x20, 0xff, 0x70, 0x24, 0x28, 0xff, 0x68, 0x24, 0x28, 0xff,
    0x70, 0x24, 0x20, 0xff, 0x68, 0x24, 0x28, 0xff, 0x68, 0x28, 0x28, 0xff,
    0x68, 0x24, 0x20, 0xff, 0x70, 0x24, 0x28, 0xff, 0x68, 0x24, 0x28, 0xff,
    0x70, 0x24, 0x20, 0xff, 0x70, 0x24, 0x28, 0xff, 0x68, 0x28, 0x28, 0xff,
    0x70, 0x24, 0x20, 0xff, 0x68, 0x24, 0x28, 0xff, 0x68, 0x24, 0x20, 0xff,
    0x70, 0x24, 0x28, 0xff, 0x68, 0x24, 0x28, 0xff, 0x70, 0x24, 0x20, 0xff,
    0x68, 0x24, 0x28, 0xff, 0x68, 0x28, 0x28, 0xff, 0x70, 0x24, 0x20, 0xff,
    0x68, 0x24, 0x28, 0xff, 0x68, 0x28, 0x28, 0xff, 0x70, 0x24, 0x20, 0xff,
    0x70, 0x24, 0x28, 0xff, 0x68, 0x24, 0x28, 0xff, 0x70, 0x24, 0x20, 0xff,
    0x70, 0x28, 0x28, 0xff, 0x68, 0x24, 0x28, 0xff, 0x70, 0x24, 0x20, 0xff,
    0x70, 0x24, 0x28, 0xff, 0x68, 0x24, 0x28, 0xff, 0x70, 0x24, 0x20, 0xff,
    0x70, 0x24, 0x28, 0xff, 0x68, 0x24, 0x28, 0xff, 0x70, 0x28, 0x20, 0xff,
    0x70, 0x24, 0x28, 0xff, 0x68, 0x24, 0x28, 0xff, 0x70, 0x24, 0x28, 0xff,
    0x68, 0x24, 0x28, 0xff, 0x68, 0x24, 0x20, 0xff, 0x70, 0x24, 0x28, 0xff,
    0x68, 0x24, 0x28, 0xff, 0x70, 0x24, 0x20, 0xff, 0x70, 0x24, 0x28, 0xff,
    0x68, 0x28, 0x28, 0xff, 0x70, 0x24, 0x20, 0xff, 0x70, 0x24, 0x28, 0xff,
    0x68, 0x24, 0x28, 0xff, 0x70, 0x24, 0x20, 0xff, 0x70, 0x24, 0x28, 0xff,
    0x68, 0x28, 0x28, 0xff, 0x68, 0x24, 0x20, 0xff, 0x70, 0x24, 0x20, 0xff,
    0x68, 0x28, 0x28, 0xff, 0x68, 0x28, 0x20, 0xff, 0x70, 0x24, 0x28, 0xff,
    0x70, 0x24, 0x20, 0xff, 0x68, 0x24, 0x28, 0xff, 0x70, 0x24, 0x20, 0xff,
    0x70, 0x24, 0x28, 0xff, 0x68, 0x24, 0x28, 0xff, 0x70, 0x24, 0x20, 0xff,
    0x70, 0x24, 0x28, 0xff, 0x68, 0x24, 0x28, 0xff, 0x70, 0x24, 0x20, 0xff,
    0x68, 0x24, 0x28, 0xff, 0x70, 0x24, 0x28, 0xff, 0x68, 0x28, 0x20, 0xff,
    0x68, 0x24, 0x28, 0xff, 0x70, 0x24, 0x28, 0xff, 0x68, 0x24, 0x20, 0xff,
    0x70, 0x28, 0x28, 0xff, 0x70, 0x24, 0x28, 0xff, 0x68, 0x28, 0x20, 0xff,
    0x70, 0x24, 0x28, 0xff, 0x68, 0x24, 0x28, 0xff, 0x68, 0x24, 0x28, 0xff,
    0x70, 0x28, 0x20, 0xff, 0x68, 0x24, 0x28, 0xff, 0x70, 0x24, 0x28, 0xff,
    0x70, 0x24, 0x20, 0xff, 0x68, 0x24, 0x28, 0xff, 0x70, 0x28, 0x20, 0xff,
    0x68, 0x24, 0x28, 0xff, 0x70, 0x24, 0x28, 0xff, 0x70, 0x28, 0x28, 0xff,
    0x68, 0x24, 0x20, 0xff, 0x70, 0x24, 0x28, 0xff, 0x70, 0x24, 0x28, 0xff,
    0x68, 0x24, 0x20, 0xff, 0x68, 0x28, 0x28, 0xff, 0x70, 0x24, 0x28, 0xff,
    0x70, 0x24, 0x20, 0xff, 0x70, 0x24, 0x28, 0xff, 0x68, 0x24, 0x20, 0xff,
    0x68, 0x24, 0x28, 0xff, 0x70, 0x28, 0x28, 0xff, 0x68, 0x24, 0x20, 0xff,
    0x68, 0x24, 0x28, 0xff, 0x70, 0x24, 0x20, 0xff, 0x70, 0x24, 0x28, 0xff,
    0x68, 0x28, 0x28, 0xff, 0x70, 0x24, 0x20, 0xff, 0x68, 0x28, 0x28, 0xff,
    0x70, 0x24, 0x28, 0xff, 0x68, 0x24, 0x20, 0xff, 0x70, 0x28, 0x28, 0xff,
    0x70, 0x24, 0x28, 0xff, 0x68, 0x24, 0x20, 0xff, 0x70, 0x24, 0x28, 0xff,
    0x70, 0x24, 0x28, 0xff, 0x68, 0x24, 0x20, 0xff, 0x68, 0x28, 0x28, 0xff,
    0x70, 0x24, 0x28, 0xff, 0x68, 0x24, 0x20, 0xff, 0x70, 0x24, 0x28, 0xff,
    0x68, 0x28, 0x28, 0xff, 0x70, 0x24, 0x20, 0xff, 0x68, 0x28, 0x28, 0xff,
    0x78, 0x34, 0x30, 0xff, 0x68, 0x24, 0x20, 0xff, 0x70, 0x28, 0x28, 0xff,
    0x68, 0x24, 0x28, 0xff, 0x70, 0x24, 0x20, 0xff, 0x68, 0x28, 0x20, 0xff,
    0x70, 0x24, 0x28, 0xff, 0x70, 0x24, 0x20, 0xff, 0x68, 0x28, 0x28, 0xff,
    0x70, 0x24, 0x28, 0xff, 0x70, 0x28, 0x20, 0xff, 0x68, 0x24, 0x28, 0xff,
    0x70, 0x24, 0x28, 0xff, 0x68, 0x28, 0x20, 0xff, 0x68, 0x24, 0x28, 0xff,
    0x70, 0x24, 0x20, 0xff, 0x68, 0x28, 0x28, 0xff, 0x68, 0x24, 0x20, 0xff,
    0x70, 0x24, 0x28, 0xff, 0x70, 0x28, 0x20, 0xff, 0x68, 0x24, 0x28, 0xff,
    0x70, 0x24, 0x28, 0xff, 0x68, 0x24, 0x28, 0xff, 0x70, 0x24, 0x20, 0xff,
    0x68, 0x24, 0x28, 0xff, 0x68, 0x28, 0x20, 0xff, 0x70, 0x24, 0x28, 0xff,
    0x68, 0x24, 0x28, 0xff, 0x70, 0x28, 0x20, 0xff, 0x68, 0x28, 0x28, 0xff,
    0x68, 0x24, 0x28, 0xff, 0x70, 0x28, 0x20, 0xff, 0x68, 0x28, 0x28, 0xff,
    0x70, 0x24, 0x20, 0xff, 0x68, 0x24, 0x20, 0xff, 0x70, 0x24, 0x28, 0xff,
    0x70, 0x28, 0x28, 0xff, 0x68, 0x24, 0x20, 0xff, 0x68, 0x24, 0x28, 0xff,
    0x70, 0x24, 0x28, 0xff, 0x68, 0x24, 0x20, 0xff, 0x68, 0x24, 0x28, 0xff,
    0x70, 0x28, 0x20, 0xff, 0x70, 0x24, 0x28, 0xff, 0x68, 0x24, 0x20, 0xff,
    0x70, 0x28, 0x28, 0xff, 0x70, 0x24, 0x28, 0xff, 0x68, 0x24, 0x20, 0xff,
    0x68, 0x24, 0x28, 0xff, 0x70, 0x28, 0x28, 0xff, 0x68, 0x24, 0x20, 0xff,
    0x70, 0x24, 0x28, 0xff, 0x68, 0x24, 0x28, 0xff, 0x68, 0x24, 0x20, 0xff,
    0x70, 0x28, 0x28, 0xff, 0x68, 0x24, 0x20, 0xff, 0x80, 0x40, 0x40, 0xff,
    0x68, 0x24, 0x20, 0xff, 0x70, 0x24, 0x28, 0xff, 0x68, 0x24, 0x20, 0xff,
    0x70, 0x28, 0x28, 0xff, 0x68, 0x24, 0x28, 0xff, 0x68, 0x24, 0x20, 0xff,
    0x70, 0x28, 0x28, 0xff, 0x70, 0x24, 0x28, 0xff, 0x68, 0x24, 0x20, 0xff,
    0x70, 0x28, 0x20, 0xff, 0x70, 0x24, 0x28, 0xff, 0x68, 0x24, 0x28, 0xff,
    0x68, 0x24, 0x20, 0xff, 0x70, 0x24, 0x28, 0xff, 0x68, 0x24, 0x28, 0xff,
    0x70, 0x28, 0x20, 0xff, 0x70, 0x24, 0x28, 0xff, 0x68, 0x24, 0x20, 0xff,
    0x68, 0x28, 0x28, 0xff, 0x70, 0x24, 0x20, 0xff, 0x68, 0x24, 0x28, 0xff,
    0x68, 0x28, 0x20, 0xff, 0x70, 0x24, 0x28, 0xff, 0x70, 0x24, 0x20, 0xff,
    0x68, 0x28, 0x28, 0xff, 0x70, 0x24, 0x20, 0xff, 0x68, 0x24, 0x28, 0xff,
    0x70, 0x24, 0x20, 0xff, 0x68, 0x24, 0x28, 0xff, 0x68, 0x24, 0x20, 0xff,
    0x70, 0x24, 0x28, 0xff, 0x68, 0x24, 0x28, 0xff, 0x88, 0x44, 0x48, 0xff,
    0x68, 0x28, 0x28, 0xff, 0x70, 0x24, 0x28, 0xff, 0x68, 0x24, 0x20, 0xff,
    0x68, 0x24, 0x28, 0xff, 0x70, 0x24, 0x28, 0xff, 0x68, 0x28, 0x20, 0xff,
    0x68, 0x24, 0x28, 0xff, 0x70, 0x24, 0x20, 0xff, 0x68, 0x24, 0x28, 0xff,
    0x68, 0x28, 0x20, 0xff, 0x70, 0x24, 0x28, 0xff, 0x68, 0x24, 0x28, 0xff,
    0x70, 0x24, 0x20, 0xff, 0x70, 0x24, 0x28, 0xff, 0x68, 0x24, 0x28, 0xff,
    0x70, 0x28, 0x20, 0xff, 0x68, 0x28, 0x28, 0xff, 0x68, 0x28, 0x28, 0xff,
    0x68, 0x24, 0x20, 0xff, 0x70, 0x24, 0x28, 0xff, 0x68, 0x28, 0x28, 0xff,
    0x70, 0x24, 0x20, 0xff, 0x70, 0x24, 0x28, 0xff, 0x68, 0x24, 0x28, 0xff,
    0x70, 0x24, 0x20, 0xff, 0x68, 0x28, 0x28, 0xff, 0x70, 0x24, 0x28, 0xff,
    0x68, 0x24, 0x20, 0xff, 0x70, 0x24, 0x28, 0xff, 0x70, 0x24, 0x20, 0xff,
    0x68, 0x24, 0x28, 0xff, 0x68, 0x24, 0x28, 0xff, 0x70, 0x28, 0x28, 0xff,
    0x68, 0x24, 0x20, 0xff, 0x68, 0x24, 0x28, 0xff, 0x68, 0x24, 0x20, 0xff,
    0x90, 0x44, 0x48, 0xff, 0x70, 0x28, 0x20, 0xff, 0x68, 0x24, 0x28, 0xff,
    0x70, 0x24, 0x28, 0xff, 0x68, 0x24, 0x20, 0xff, 0x68, 0x24, 0x28, 0xff,
    0x70, 0x24, 0x28, 0xff, 0x68, 0x24, 0x20, 0xff, 0x70, 0x28, 0x28, 0xff,
    0x70, 0x24, 0x20, 0xff, 0x68, 0x24, 0x28, 0xff, 0x70, 0x28, 0x28, 0xff,
    0x68, 0x24, 0x20, 0xff, 0x68, 0x24, 0x28, 0xff, 0x70, 0x28, 0x28, 0xff,
    0x70, 0x24, 0x20, 0xff, 0x68, 0x24, 0x28, 0xff, 0x70, 0x24, 0x20, 0xff,
    0x68, 0x28, 0x28, 0xff, 0x70, 0x28, 0x28, 0xff, 0x70, 0x24, 0x28, 0xff,
    0x68, 0x24, 0x28, 0xff, 0x70, 0x24, 0x20, 0xff, 0x70, 0x24, 0x28, 0xff,
    0x68, 0x24, 0x20, 0xff, 0x68, 0x28, 0x28, 0xff, 0x70, 0x24, 0x28, 0xff,
    0x68, 0x24, 0x20, 0xff, 0x70, 0x28, 0x20, 0xff, 0x68, 0x28, 0x28, 0xff,
    0x70, 0x28, 0x20, 0xff, 0x68, 0x24, 0x28, 0xff, 0x70, 0x28, 0x28, 0xff,
    0x68, 0x24, 0x20, 0xff, 0x68, 0x24, 0x28, 0xff, 0x70, 0x24, 0x28, 0xff,
    0x68, 0x24, 0x20, 0xff, 0x70, 0x24, 0x28, 0xff, 0x70, 0x24, 0x28, 0xff,
    0x68, 0x24, 0x28, 0xff, 0x70, 0x24, 0x20, 0xff, 0x68, 0x28, 0x28, 0xff,
    0x68, 0x24, 0x28, 0xff, 0x70, 0x24, 0x20, 0xff, 0x68, 0x24, 0x28, 0xff,
    0x70, 0x24, 0x28, 0xff, 0x70, 0x28, 0x20, 0xff, 0x68, 0x28, 0x28, 0xff,
    0x70, 0x24, 0x28, 0xff, 0x70, 0x24, 0x20, 0xff, 0x68, 0x28, 0x28, 0xff,
    0x70, 0x24, 0x20, 0xff, 0x68, 0x24, 0x28, 0xff, 0x70, 0x24, 0x28, 0xff,
    0x70, 0x24, 0x20, 0xff, 0x68, 0x28, 0x28, 0xff, 0x70, 0x24, 0x28, 0xff,
    0x70, 0x24, 0x28, 0xff, 0x68, 0x24, 0x28, 0xff, 0x70, 0x28, 0x20, 0xff,
    0x70, 0x24, 0x28, 0xff, 0x68, 0x24, 0x28, 0xff, 0x70, 0x24, 0x20, 0xff,
    0x70, 0x24, 0x28, 0xff, 0x68, 0x28, 0x20, 0xff, 0x68, 0x24, 0x28, 0xff,
    0x70, 0x24, 0x28, 0xff, 0x68, 0x24, 0x20, 0xff, 0x70, 0x24, 0x28, 0xff,
    0x68, 0x28, 0x28, 0xff, 0x68, 0x24, 0x20, 0xff, 0x70, 0x24, 0x28, 0xff,
    0x68, 0x24, 0x20, 0xff, 0x70, 0x24, 0x28, 0xff, 0x68, 0x28, 0x20, 0xff,
    0x68, 0x24, 0x28, 0xff, 0x70, 0x24, 0x28, 0xff, 0x70, 0x28, 0x20, 0xff,
    0x68, 0x24, 0x28, 0xff, 0x68, 0x24, 0x28, 0xff, 0x70, 0x24, 0x20, 0xff,
    0x68, 0x24, 0x28, 0xff, 0x70, 0x28, 0x28, 0xff, 0x70, 0x24, 0x20, 0xff,
    0x68, 0x24, 0x28, 0xff, 0x70, 0x24, 0x28, 0xff, 0x70, 0x28, 0x28, 0xff,
    0x68, 0x24, 0x28, 0xff, 0x68, 0x28, 0x28, 0xff, 0x78, 0x38, 0x38, 0xff,
    0x68, 0x28, 0x28, 0xff, 0x70, 0x24, 0x20, 0xff, 0x70, 0x28, 0x28, 0xff,
    0x68, 0x28, 0x28, 0xff, 0x70, 0x24, 0x20, 0xff, 0x68, 0x24, 0x28, 0xff,
    0x68, 0x28, 0x28, 0xff, 0x68, 0x24, 0x20, 0xff, 0x70, 0x24, 0x28, 0xff,
    0x68, 0x24, 0x28, 0xff, 0x70, 0x24, 0x20, 0xff, 0x70, 0x24, 0x20, 0xff,
    0x68, 0x24, 0x28, 0xff, 0x70, 0x28, 0x20, 0xff, 0x68, 0x24, 0x28, 0xff,
    0x70, 0x24, 0x28, 0xff, 0x68, 0x28, 0x20, 0xff, 0x70, 0x28, 0x20, 0xff,
    0x68, 0x24, 0x28, 0xff, 0x68, 0x24, 0x28, 0xff, 0x70, 0x28, 0x28, 0xff,
    0x68, 0x28, 0x28, 0xff, 0x70, 0x24, 0x20, 0xff, 0x70, 0x24, 0x28, 0xff,
    0x68, 0x24, 0x28, 0xff, 0x70, 0x24, 0x20, 0xff, 0x68, 0x24, 0x28, 0xff,
    0x68, 0x28, 0x28, 0xff, 0x68, 0x24, 0x28, 0xff, 0x68, 0x28, 0x20, 0xff,
    0x70, 0x24, 0x28, 0xff, 0x70, 0x24, 0x28, 0xff, 0x68, 0x28, 0x20, 0xff,
    0x70, 0x24, 0x20, 0xff, 0x68, 0x24, 0x28, 0xff, 0x68, 0x28, 0x28, 0xff,
    0x70, 0x28, 0x20, 0xff, 0x68, 0x24, 0x28, 0xff, 0x70, 0x24, 0x20, 0xff,
    0x70, 0x24, 0x28, 0xff, 0x68, 0x24, 0x28, 0xff, 0x70, 0x28, 0x20, 0xff,
    0x68, 0x24, 0x28, 0xff, 0x68, 0x24, 0x28, 0xff, 0x70, 0x24, 0x20, 0xff,
    0x68, 0x24, 0x28, 0xff, 0x68, 0x24, 0x28, 0xff, 0x70, 0x28, 0x20, 0xff,
    0x68, 0x24, 0x28, 0xff, 0x70, 0x24, 0x28, 0xff, 0x70, 0x28, 0x20, 0xff,
    0x68, 0x28, 0x20, 0xff, 0x68, 0x24, 0x28, 0xff, 0x70, 0x24, 0x20, 0xff,
    0x68, 0x28, 0x20, 0xff, 0x68, 0x24, 0x28, 0xff, 0x70, 0x24, 0x20, 0xff,
    0x68, 0x24, 0x28, 0xff, 0x68, 0x24, 0x28, 0xff, 0x70, 0x28, 0x20, 0xff,
    0x68, 0x24, 0x28, 0xff, 0x68, 0x24, 0x28, 0xff, 0x70, 0x28, 0x20, 0xff,
    0x68, 0x24, 0x28, 0xff, 0x70, 0x28, 0x28, 0xff, 0x68, 0x24, 0x20, 0xff,
    0x70, 0x24, 0x28, 0xff, 0x68, 0x24, 0x28, 0xff, 0x68, 0x28, 0x20, 0xff,
    0x68, 0x28, 0x28, 0xff, 0x70, 0x24, 0x28, 0xff, 0x70, 0x24, 0x20, 0xff,
    0x68, 0x24, 0x28, 0xff, 0x70, 0x28, 0x28, 0xff, 0x68, 0x24, 0x20, 0xff,
    0x70, 0x24, 0x28, 0xff, 0x68, 0x24, 0x28, 0xff, 0x70, 0x24, 0x20, 0xff,
    0x70, 0x28, 0x28, 0xff, 0x68, 0x24, 0x28, 0xff, 0x68, 0x24, 0x20, 0xff,
    0x70, 0x28, 0x28, 0xff, 0x68, 0x24, 0x20, 0xff, 0x68, 0x24, 0x20, 0xff,
    0x70, 0x24, 0x28, 0xff, 0x70, 0x24, 0x20, 0xff, 0x70, 0x24, 0x20, 0xff,
    0x70, 0x24, 0x28, 0xff, 0x68, 0x28, 0x20, 0xff, 0x68, 0x24, 0x28, 0xff,
    0x70, 0x24, 0x20, 0xff, 0x68, 0x24, 0x28, 0xff, 0x70, 0x24, 0x28, 0xff,
    0x70, 0x24, 0x20, 0xff, 0x70, 0x28, 0x28, 0xff, 0x68, 0x24, 0x28, 0xff,
    0x70, 0x24, 0x20, 0xff, 0x68, 0x24, 0x28, 0xff, 0x68, 0x28, 0x28, 0xff,
    0x70, 0x24, 0x20, 0xff, 0x68, 0x24, 0x28, 0xff, 0x70, 0x28, 0x28, 0xff,
    0x68, 0x24, 0x20, 0xff, 0x68, 0x24, 0x28, 0xff, 0x70, 0x24, 0x28, 0xff,
    0x70, 0x28, 0x20, 0xff, 0x68, 0x24, 0x20, 0xff, 0x70, 0x24, 0x28, 0xff,
    0x70, 0x24, 0x20, 0xff, 0x78, 0x34, 0x30, 0xff, 0x68, 0x24, 0x28, 0xff,
    0x68, 0x24, 0x20, 0xff, 0x70, 0x28, 0x28, 0xff, 0x70, 0x24, 0x28, 0xff,
    0x68, 0x24, 0x20, 0xff, 0x70, 0x28, 0x28, 0xff, 0x70, 0x24, 0x28, 0xff,
    0x70, 0x24, 0x20, 0xff, 0x68, 0x24, 0x28, 0xff, 0x70, 0x24, 0x20, 0xff,
    0x68, 0x24, 0x28, 0xff, 0x70, 0x24, 0x28, 0xff, 0x70, 0x28, 0x20, 0xff,
    0x68, 0x24, 0x28, 0xff, 0x70, 0x24, 0x28, 0xff, 0x68, 0x24, 0x20, 0xff,
    0x68, 0x28, 0x28, 0xff, 0x70, 0x24, 0x28, 0xff, 0x68, 0x24, 0x20, 0xff,
    0x70, 0x28, 0x28, 0xff, 0x70, 0x24, 0x20, 0xff, 0x68, 0x24, 0x28, 0xff,
    0x70, 0x28, 0x28, 0xff, 0x70, 0x28, 0x20, 0xff, 0x68, 0x24, 0x28, 0xff,
    0x70, 0x24, 0x20, 0xff, 0x68, 0x24, 0x28, 0xff, 0x68, 0x24, 0x28, 0xff,
    0x70, 0x24, 0x20, 0xff, 0x68, 0x24, 0x28, 0xff, 0x68, 0x24, 0x28, 0xff,
    0x70, 0x24, 0x28, 0xff, 0x70, 0x24, 0x28, 0xff, 0x68, 0x24, 0x28, 0xff,
    0x70, 0x28, 0x20, 0xff, 0x70, 0x24, 0x20, 0xff, 0x68, 0x24, 0x28, 0xff,
    0x70, 0x28, 0x28, 0xff, 0x70, 0x24, 0x20, 0xff, 0x68, 0x24, 0x28, 0xff,
    0x70, 0x24, 0x28, 0xff, 0x68, 0x24, 0x20, 0xff, 0x70, 0x24, 0x28, 0xff,
    0x70, 0x24, 0x20, 0xff, 0x68, 0x28, 0x20, 0xff, 0x70, 0x24, 0x28, 0xff,
    0x70, 0x24, 0x28, 0xff, 0x70, 0x24, 0x20, 0xff, 0x68, 0x24, 0x28, 0xff,
    0x70, 0x24, 0x28, 0xff, 0x68, 0x28, 0x20, 0xff, 0x68, 0x24, 0x28, 0xff,
    0x70, 0x24, 0x28, 0xff, 0x70, 0x28, 0x20, 0xff, 0x68, 0x24, 0x28, 0xff,
    0x68, 0x24, 0x20, 0xff, 0x70, 0x28, 0x20, 0xff, 0x70, 0x24, 0x28, 0xff,
    0x68, 0x24, 0x28, 0xff, 0x70, 0x24, 0x20, 0xff, 0x70, 0x24, 0x28, 0xff,
    0x68, 0x28, 0x28, 0xff, 0x70, 0x24, 0x28, 0xff, 0x68, 0x28, 0x20, 0xff,
    0x68, 0x24, 0x28, 0xff, 0x68, 0x24, 0x28, 0xff, 0x70, 0x24, 0x20, 0xff,
    0x68, 0x24, 0x28, 0xff, 0x70, 0x24, 0x28, 0xff, 0x68, 0x24, 0x20, 0xff,
    0x68, 0x24, 0x28, 0xff, 0x68, 0x24, 0x20, 0xff, 0x70, 0x24, 0x28, 0xff,
    0x68, 0x24, 0x20, 0xff, 0x70, 0x24, 0x28, 0xff, 0x70, 0x24, 0x20, 0xff,
    0x68, 0x28, 0x28, 0xff, 0x70, 0x24, 0x28, 0xff, 0x68, 0x24, 0x20, 0xff,
    0x70, 0x28, 0x28, 0xff, 0x68, 0x24, 0x28, 0xff, 0x70, 0x24, 0x20, 0xff,
    0x70, 0x24, 0x28, 0xff, 0x68, 0x28, 0x28, 0xff, 0x68, 0x24, 0x28, 0xff,
    0x70, 0x24, 0x28, 0xff, 0x68, 0x24, 0x28, 0xff, 0x68, 0x24, 0x20, 0xff,
    0x70, 0x24, 0x28, 0xff, 0x68, 0x24, 0x20, 0xff, 0x68, 0x24, 0x28, 0xff,
    0x70, 0x28, 0x28, 0xff, 0x68, 0x24, 0x20, 0xff, 0x68, 0x24, 0x28, 0xff,
    0x70, 0x28, 0x20, 0xff, 0x68, 0x24, 0x28, 0xff, 0x70, 0x24, 0x28, 0xff,
    0x68, 0x28, 0x20, 0xff, 0x68, 0x24, 0x28, 0xff, 0x70, 0x24, 0x28, 0xff,
    0x68, 0x24, 0x20, 0xff, 0x68, 0x24, 0x28, 0xff, 0x70, 0x28, 0x28, 0xff,
    0x70, 0x24, 0x20, 0xff, 0x68, 0x24, 0x28, 0xff, 0x70, 0x24, 0x28, 0xff,
    0x68, 0x28, 0x20, 0xff, 0x68, 0x24, 0x28, 0xff, 0x70, 0x24, 0x28, 0xff,
    0x68, 0x24, 0x20, 0xff, 0x68, 0x24, 0x28, 0xff, 0x70, 0x24, 0x20, 0xff,
    0x68, 0x24, 0x28, 0xff, 0x70, 0x28, 0x28, 0xff, 0x70, 0x24, 0x20, 0xff,
    0x68, 0x24, 0x28, 0xff, 0x70, 0x28, 0x28, 0xff, 0x70, 0x24, 0x20, 0xff,
    0x70, 0x2c, 0x30, 0xff, 0x68, 0x28, 0x20, 0xff, 0x70, 0x24, 0x20, 0xff,
    0x68, 0x24, 0x28, 0xff, 0x68, 0x28, 0x28, 0xff, 0x70, 0x24, 0x28, 0xff,
    0x68, 0x24, 0x28, 0xff, 0x68, 0x28, 0x20, 0xff, 0x70, 0x24, 0x28, 0xff,
    0x68, 0x24, 0x20, 0xff, 0x70, 0x28, 0x28, 0xff, 0x70, 0x24, 0x20, 0xff,
    0x68, 0x24, 0x28, 0xff, 0x68, 0x28, 0x28, 0xff, 0x70, 0x24, 0x28, 0xff,
    0x68, 0x24, 0x28, 0xff, 0x68, 0x28, 0x20, 0xff, 0x70, 0x24, 0x28, 0xff,
    0x68, 0x24, 0x20, 0xff, 0x70, 0x24, 0x28, 0xff, 0x68, 0x24, 0x20, 0xff,
    0x70, 0x24, 0x28, 0xff, 0x68, 0x24, 0x28, 0xff, 0x70, 0x24, 0x20, 0xff,
    0x68, 0x24, 0x28, 0xff, 0x68, 0x28, 0x28, 0xff, 0x70, 0x24, 0x28, 0xff,
    0x68, 0x24, 0x20, 0xff, 0x68, 0x24, 0x28, 0xff, 0x70, 0x28, 0x20, 0xff,
    0x68, 0x24, 0x28, 0xff, 0x68, 0x24, 0x28, 0xff, 0x70, 0x24, 0x20, 0xff,
    0x70, 0x24, 0x28, 0xff, 0x68, 0x24, 0x28, 0xff, 0x68, 0x28, 0x20, 0xff,
    0x70, 0x24, 0x28, 0xff, 0x68, 0x28, 0x28, 0xff, 0x70, 0x24, 0x20, 0xff,
    0x70, 0x28, 0x28, 0xff, 0x68, 0x28, 0x28, 0xff, 0x70, 0x24, 0x20, 0xff,
    0x70, 0x28, 0x28, 0xff, 0x68, 0x28, 0x28, 0xff, 0x68, 0x24, 0x20, 0xff,
    0x70, 0x24, 0x28, 0xff, 0x68, 0x28, 0x28, 0xff, 0x70, 0x24, 0x20, 0xff,
    0x70, 0x24, 0x28, 0xff, 0x68, 0x24, 0x28, 0xff, 0x70, 0x24, 0x20, 0xff,
    0x68, 0x24, 0x28, 0xff, 0x68, 0x28, 0x28, 0xff, 0x70, 0x24, 0x20, 0xff,
    0x68, 0x24, 0x20, 0xff, 0x70, 0x24, 0x28, 0xff, 0x70, 0x28, 0x28, 0xff,
    0x68, 0x24, 0x20, 0xff, 0x70, 0x24, 0x28, 0xff, 0x70, 0x24, 0x28, 0xff,
    0x70, 0x24, 0x20, 0xff, 0x68, 0x24, 0x28, 0xff, 0x70, 0x24, 0x20, 0xff,
    0x70, 0x24, 0x28, 0xff, 0x68, 0x24, 0x28, 0xff, 0x68, 0x24, 0x20, 0xff,
    0x70, 0x24, 0x28, 0xff, 0x68, 0x24, 0x28, 0xff, 0x70, 0x28, 0x20, 0xff,
    0x70, 0x24, 0x28, 0xff, 0x68, 0x28, 0x20, 0xff, 0x70, 0x24, 0x28, 0xff,
    0x68, 0x24, 0x28, 0xff, 0x70, 0x24, 0x20, 0xff, 0x68, 0x28, 0x20, 0xff,
    0x70, 0x24, 0x28, 0xff, 0x70, 0x24, 0x20, 0xff, 0x68, 0x24, 0x28, 0xff,
    0x70, 0x28, 0x28, 0xff, 0x70, 0x24, 0x20, 0xff, 0x68, 0x24, 0x28, 0xff,
    0x70, 0x28, 0x28, 0xff, 0x68, 0x24, 0x20, 0xff, 0x68, 0x24, 0x28, 0xff,
    0x70, 0x24, 0x28, 0xff, 0x68, 0x24, 0x20, 0xff, 0x68, 0x28, 0x28, 0xff,
    0x70, 0x24, 0x20, 0xff, 0x68, 0x24, 0x28, 0xff, 0x68, 0x28, 0x28, 0xff,
    0x70, 0x24, 0x28, 0xff, 0x70, 0x24, 0x20, 0xff, 0x68, 0x28, 0x20, 0xff,
    0x70, 0x24, 0x28, 0xff, 0x70, 0x24, 0x20, 0xff, 0x68, 0x24, 0x28, 0xff,
    0x70, 0x24, 0x28, 0xff, 0x68, 0x24, 0x20, 0xff, 0x68, 0x24, 0x28, 0xff,
    0x70, 0x28, 0x28, 0xff, 0x68, 0x24, 0x20, 0xff, 0x70, 0x24, 0x28, 0xff,
    0x68, 0x28, 0x20, 0xff, 0x70, 0x24, 0x28, 0xff, 0x70, 0x24, 0x28, 0xff,
    0x68, 0x24, 0x20, 0xff, 0x68, 0x28, 0x28, 0xff, 0x70, 0x24, 0x28, 0xff,
    0x68, 0x28, 0x20, 0xff, 0x70, 0x28, 0x28, 0xff, 0x70, 0x24, 0x28, 0xff,
    0x68, 0x28, 0x20, 0xff, 0x70, 0x24, 0x20, 0xff, 0x70, 0x24, 0x28, 0xff,
    0x68, 0x24, 0x28, 0xff, 0x70, 0x28, 0x20, 0xff, 0x70, 0x24, 0x28, 0xff,
    0x68, 0x24, 0x28, 0xff, 0x70, 0x28, 0x20, 0xff, 0x68, 0x24, 0x28, 0xff,
    0x68, 0x24, 0x20, 0xff, 0x70, 0x28, 0x20, 0xff, 0x68, 0x24, 0x28, 0xff,
    0x70, 0x24, 0x28, 0xff, 0x70, 0x24, 0x20, 0xff, 0x70, 0x24, 0x28, 0xff,
    0x68, 0x24, 0x28, 0xff, 0x68, 0x24, 0x20, 0xff, 0x70, 0x24, 0x28, 0xff,
    0x68, 0x24, 0x28, 0xff, 0x70, 0x24, 0x20, 0xff, 0x70, 0x24, 0x28, 0xff,
    0x68, 0x24, 0x28, 0xff, 0x70, 0x24, 0x20, 0xff, 0x68, 0x28, 0x28, 0xff,
    0x68, 0x24, 0x28, 0xff, 0x70, 0x24, 0x20, 0xff, 0x68, 0x28, 0x28, 0xff,
    0x68, 0x24, 0x20, 0xff, 0x70, 0x24, 0x28, 0xff, 0x70, 0x28, 0x20, 0xff,
    0x68, 0x24, 0x28, 0xff, 0x70, 0x24, 0x28, 0xff, 0x68, 0x24, 0x20, 0xff,
    0x68, 0x28, 0x28, 0xff, 0x70, 0x24, 0x20, 0xff, 0x68, 0x24, 0x28, 0xff,
    0x70, 0x24, 0x28, 0xff, 0x68, 0x28, 0x28, 0xff, 0x68, 0x24, 0x28, 0xff,
    0x70, 0x28, 0x20, 0xff, 0x68, 0x24, 0x28, 0xff, 0x70, 0x28, 0x28, 0xff,
    0x70, 0x24, 0x20, 0xff, 0x68, 0x28, 0x28, 0xff, 0x70, 0x24, 0x20, 0xff,
    0x68, 0x24, 0x28, 0xff, 0x70, 0x24, 0x28, 0xff, 0x68, 0x24, 0x20, 0xff,
    0x70, 0x24, 0x28, 0xff, 0x68, 0x28, 0x28, 0xff, 0x70, 0x24, 0x20, 0xff,
    0x68, 0x24, 0x28, 0xff, 0x68, 0x24, 0x28, 0xff, 0x70, 0x28, 0x28, 0xff,
    0x68, 0x24, 0x20, 0xff, 0x68, 0x24, 0x28, 0xff, 0x70, 0x24, 0x20, 0xff,
    0x68, 0x28, 0x28, 0xff, 0x70, 0x24, 0x28, 0xff, 0x70, 0x24, 0x20, 0xff,
    0x68, 0x28, 0x28, 0xff, 0x70, 0x24, 0x20, 0xff, 0x70, 0x24, 0x28, 0xff,
    0x68, 0x28, 0x28, 0xff, 0x70, 0x24, 0x20, 0xff, 0x70, 0x24, 0x28, 0xff,
    0x68, 0x24, 0x20, 0xff, 0x68, 0x28, 0x28, 0xff, 0x70, 0x24, 0x28, 0xff,
    0x68, 0x24, 0x28, 0xff, 0x68, 0x24, 0x28, 0xff, 0x70, 0x24, 0x20, 0xff,
    0x68, 0x28, 0x28, 0xff, 0x70, 0x24, 0x20, 0xff, 0x70, 0x24, 0x28, 0xff,
    0x68, 0x28, 0x28, 0xff, 0x70, 0x24, 0x20, 0xff, 0x68, 0x24, 0x28, 0xff,
    0x70, 0x24, 0x28, 0xff, 0x68, 0x24, 0x20, 0xff, 0x70, 0x24, 0x28, 0xff,
    0x68, 0x24, 0x20, 0xff, 0x68, 0x28, 0x20, 0xff, 0x68, 0x28, 0x28, 0xff,
    0x70, 0x24, 0x28, 0xff, 0x70, 0x24, 0x20, 0xff, 0x68, 0x24, 0x28, 0xff,
    0x68, 0x24, 0x28, 0xff, 0x70, 0x24, 0x20, 0xff, 0x68, 0x24, 0x28, 0xff,
    0x68, 0x28, 0x28, 0xff, 0x70, 0x24, 0x20, 0xff, 0x68, 0x28, 0x28, 0xff,
    0x68, 0x24, 0x20, 0xff, 0x70, 0x24, 0x28, 0xff, 0x68, 0x24, 0x28, 0xff,
    0x70, 0x24, 0x28, 0xff, 0x70, 0x24, 0x28, 0xff, 0x70, 0x28, 0x28, 0xff,
    0x68, 0x24, 0x28, 0xff, 0x68, 0x24, 0x20, 0xff, 0x68, 0x28, 0x28, 0xff,
    0x70, 0x28, 0x20, 0xff, 0x68, 0x24, 0x28, 0xff, 0x70, 0x24, 0x20, 0xff,
    0x68, 0x28, 0x28, 0xff, 0x68, 0x24, 0x20, 0xff, 0x70, 0x24, 0x28, 0xff,
    0x68, 0x28, 0x20, 0xff, 0x68, 0x24, 0x28, 0xff, 0x70, 0x24, 0x28, 0xff,
    0x70, 0x24, 0x20, 0xff, 0x68, 0x24, 0x28, 0xff, 0x70, 0x24, 0x20, 0xff,
    0x70, 0x24, 0x28, 0xff, 0x68, 0x28, 0x28, 0xff, 0x70, 0x24, 0x20, 0xff,
    0x68, 0x24, 0x28, 0xff, 0x70, 0x24, 0x28, 0xff, 0x70, 0x24, 0x20, 0xff,
    0x68, 0x28, 0x28, 0xff, 0x70, 0x24, 0x28, 0xff, 0x70, 0x24, 0x20, 0xff,
    0x68, 0x24, 0x28, 0xff, 0x68, 0x28, 0x20, 0xff, 0x70, 0x24, 0x28, 0xff,
    0x68, 0x24, 0x20, 0xff, 0x68, 0x28, 0x28, 0xff, 0x70, 0x24, 0x28, 0xff,
    0x68, 0x24, 0x20, 0xff, 0x68, 0x24, 0x28, 0xff, 0x70, 0x28, 0x28, 0xff,
    0x70, 0x24, 0x20, 0xff, 0x68, 0x24, 0x28, 0xff, 0x70, 0x28, 0x20, 0xff,
    0x68, 0x24, 0x28, 0xff, 0x68, 0x24, 0x28, 0xff, 0x70, 0x24, 0x20, 0xff,
    0x70, 0x28, 0x28, 0xff, 0x70, 0x28, 0x28, 0xff, 0x68, 0x24, 0x20, 0xff,
    0x70, 0x24, 0x28, 0xff, 0x70, 0x24, 0x28, 0xff, 0x68, 0x28, 0x20, 0xff,
    0x70, 0x24, 0x28, 0xff, 0x68, 0x24, 0x28, 0xff, 0x68, 0x24, 0x20, 0xff,
    0x70, 0x24, 0x28, 0xff, 0x68, 0x24, 0x28, 0xff, 0x68, 0x24, 0x20, 0xff,
    0x70, 0x28, 0x28, 0xff, 0x68, 0x24, 0x20, 0xff, 0x68, 0x24, 0x28, 0xff,
    0x70, 0x24, 0x28, 0xff, 0x68, 0x24, 0x20, 0xff, 0x70, 0x28, 0x28, 0xff,
    0x70, 0x24, 0x20, 0xff, 0x68, 0x24, 0x20, 0xff, 0x70, 0x28, 0x28, 0xff,
    0x70, 0x24, 0x28, 0xff, 0x68, 0x24, 0x28, 0xff, 0x68, 0x28, 0x20, 0xff,
    0x70, 0x24, 0x28, 0xff, 0x68, 0x24, 0x20, 0xff, 0x70, 0x28, 0x28, 0xff,
    0x68, 0x24, 0x20, 0xff, 0x70, 0x24, 0x28, 0xff, 0x68, 0x28, 0x28, 0xff,
    0x70, 0x24, 0x20, 0xff, 0x68, 0x24, 0x28, 0xff, 0x70, 0x28, 0x28, 0xff,
    0x68, 0x28, 0x28, 0xff, 0x68, 0x24, 0x20, 0xff, 0x70, 0x24, 0x28, 0xff,
    0x68, 0x24, 0x20, 0xff, 0x70, 0x24, 0x28, 0xff, 0x68, 0x24, 0x28, 0xff,
    0x70, 0x24, 0x20, 0xff, 0x70, 0x24, 0x28, 0xff, 0x68, 0x24, 0x28, 0xff,
    0x68, 0x28, 0x20, 0xff, 0x68, 0x28, 0x28, 0xff, 0x70, 0x24, 0x28, 0xff,
    0x68, 0x24, 0x20, 0xff, 0x68, 0x28, 0x20, 0xff, 0x70, 0x24, 0x28, 0xff,
    0x68, 0x24, 0x20, 0xff, 0x70, 0x28, 0x28, 0xff, 0x70, 0x24, 0x20, 0xff,
    0x68, 0x24, 0x28, 0xff, 0x68, 0x28, 0x28, 0xff, 0x70, 0x24, 0x28, 0xff,
    0x68, 0x24, 0x20, 0xff, 0x70, 0x28, 0x28, 0xff, 0x70, 0x24, 0x28, 0xff,
    0x68, 0x24, 0x20, 0xff, 0x70, 0x28, 0x28, 0xff, 0x68, 0x24, 0x28, 0xff,
    0x68, 0x24, 0x20, 0xff, 0x70, 0x28, 0x28, 0xff, 0x68, 0x28, 0x28, 0xff,
    0x68, 0x24, 0x20, 0xff, 0x70, 0x24, 0x28, 0xff, 0x68, 0x28, 0x28, 0xff,
    0x70, 0x24, 0x20, 0xff, 0x68, 0x24, 0x28, 0xff, 0x68, 0x28, 0x28, 0xff,
    0x70, 0x24, 0x20, 0xff, 0x68, 0x24, 0x28, 0xff, 0x68, 0x28, 0x20, 0xff,
    0x70, 0x24, 0x28, 0xff, 0x70, 0x24, 0x28, 0xff, 0x68, 0x28, 0x20, 0xff,
    0x70, 0x24, 0x28, 0xff, 0x68, 0x24, 0x20, 0xff, 0x68, 0x24, 0x28, 0xff,
    0x68, 0x28, 0x20, 0xff, 0x70, 0x24, 0x28, 0xff, 0x70, 0x24, 0x20, 0xff,
    0x68, 0x24, 0x28, 0xff, 0x68, 0x24, 0x28, 0xff, 0x70, 0x24, 0x20, 0xff,
    0x68, 0x24, 0x28, 0xff, 0x70, 0x28, 0x28, 0xff, 0x70, 0x24, 0x20, 0xff,
    0x68, 0x24, 0x28, 0xff, 0x68, 0x28, 0x20, 0xff, 0x70, 0x24, 0x28, 0xff,
    0x78, 0x34, 0x30, 0xff, 0x68, 0x24, 0x28, 0xff, 0x68, 0x24, 0x20, 0xff,
    0x70, 0x24, 0x28, 0xff, 0x70, 0x24, 0x28, 0xff, 0x68, 0x28, 0x20, 0xff,
    0x70, 0x24, 0x28, 0xff, 0x70, 0x24, 0x20, 0xff, 0x68, 0x28, 0x28, 0xff,
    0x70, 0x24, 0x28, 0xff, 0x70, 0x24, 0x20, 0xff, 0x68, 0x24, 0x28, 0xff,
    0x70, 0x28, 0x28, 0xff, 0x70, 0x24, 0x20, 0xff, 0x68, 0x24, 0x28, 0xff,
    0x68, 0x28, 0x28, 0xff, 0x70, 0x24, 0x28, 0xff, 0x68, 0x24, 0x28, 0xff,
    0x68, 0x24, 0x20, 0xff, 0x70, 0x28, 0x20, 0xff, 0x70, 0x24, 0x28, 0xff,
    0x68, 0x24, 0x20, 0xff, 0x70, 0x24, 0x28, 0xff, 0x68, 0x24, 0x28, 0xff,
    0x68, 0x24, 0x28, 0xff, 0x70, 0x24, 0x20, 0xff, 0x70, 0x24, 0x28, 0xff,
    0x68, 0x28, 0x28, 0xff, 0x70, 0x24, 0x20, 0xff, 0x68, 0x24, 0x28, 0xff,
    0x70, 0x24, 0x28, 0xff, 0x70, 0x24, 0x20, 0xff, 0x68, 0x28, 0x28, 0xff,
    0x68, 0x28, 0x28, 0xff, 0x70, 0x24, 0x20, 0xff, 0x68, 0x28, 0x28, 0xff,
    0x70, 0x28, 0x28, 0xff, 0x68, 0x24, 0x20, 0xff, 0x68, 0x28, 0x28, 0xff,
    0x70, 0x24, 0x20, 0xff, 0x70, 0x24, 0x28, 0xff, 0x68, 0x28, 0x28, 0xff,
    0x68, 0x24, 0x20, 0xff, 0x70, 0x24, 0x28, 0xff, 0x70, 0x24, 0x28, 0xff,
    0x68, 0x28, 0x20, 0xff, 0x68, 0x24, 0x28, 0xff, 0x70, 0x24, 0x20, 0xff,
    0x68, 0x24, 0x28, 0xff, 0x70, 0x24, 0x28, 0xff, 0x70, 0x24, 0x20, 0xff,
    0x68, 0x28, 0x28, 0xff, 0x68, 0x24, 0x20, 0xff, 0x70, 0x24, 0x28, 0xff,
    0x68, 0x24, 0x28, 0xff, 0x70, 0x24, 0x20, 0xff, 0x70, 0x24, 0x28, 0xff,
    0x68, 0x24, 0x28, 0xff, 0x70, 0x24, 0x20, 0xff, 0x70, 0x24, 0x20, 0xff,
    0x68, 0x24, 0x28, 0xff, 0x70, 0x24, 0x28, 0xff, 0x70, 0x24, 0x20, 0xff,
    0x68, 0x28, 0x28, 0xff, 0x68, 0x24, 0x20, 0xff, 0x70, 0x24, 0x28, 0xff,
    0x70, 0x24, 0x28, 0xff, 0x68, 0x28, 0x20, 0xff, 0x70, 0x24, 0x28, 0xff,
    0x68, 0x24, 0x28, 0xff, 0x68, 0x24, 0x20, 0xff, 0x70, 0x24, 0x28, 0xff,
    0x68, 0x24, 0x28, 0xff, 0x68, 0x24, 0x20, 0xff, 0x70, 0x24, 0x28, 0xff,
    0x70, 0x24, 0x28, 0xff, 0x68, 0x28, 0x28, 0xff, 0x70, 0x24, 0x28, 0xff,
    0x68, 0x24, 0x20, 0xff, 0x70, 0x28, 0x28, 0xff, 0x68, 0x24, 0x20, 0xff,
    0x70, 0x24, 0x28, 0xff, 0x68, 0x28, 0x28, 0xff, 0x68, 0x24, 0x20, 0xff,
    0x70, 0x24, 0x28, 0xff, 0x68, 0x24, 0x28, 0xff, 0x70, 0x28, 0x20, 0xff,
    0x68, 0x24, 0x28, 0xff, 0x68, 0x24, 0x28, 0xff, 0x70, 0x28, 0x28, 0xff,
    0x68, 0x24, 0x20, 0xff, 0x68, 0x28, 0x28, 0xff, 0x70, 0x24, 0x20, 0xff,
    0x68, 0x24, 0x28, 0xff, 0x68, 0x24, 0x28, 0xff, 0x70, 0x28, 0x20, 0xff,
    0x68, 0x24, 0x28, 0xff, 0x68, 0x24, 0x20, 0xff, 0x70, 0x28, 0x28, 0xff,
    0x68, 0x24, 0x28, 0xff, 0x68, 0x24, 0x20, 0xff, 0x70, 0x24, 0x28, 0xff,
    0x70, 0x28, 0x20, 0xff, 0x68, 0x24, 0x20, 0xff, 0x70, 0x24, 0x28, 0xff,
    0x70, 0x24, 0x20, 0xff, 0x68, 0x24, 0x28, 0xff, 0x70, 0x24, 0x28, 0xff,
    0x68, 0x24, 0x28, 0xff, 0x68, 0x24, 0x20, 0xff, 0x70, 0x28, 0x28, 0xff,
    0x70, 0x24, 0x28, 0xff, 0x68, 0x28, 0x20, 0xff, 0x70, 0x24, 0x28, 0xff,
    0x68, 0x24, 0x28, 0xff, 0x68, 0x28, 0x20, 0xff, 0x70, 0x24, 0x28, 0xff,
    0x68, 0x24, 0x20, 0xff, 0x68, 0x28, 0x28, 0xff, 0x70, 0x24, 0x20, 0xff,
    0x68, 0x24, 0x20, 0xff, 0x68, 0x28, 0x28, 0xff, 0x70, 0x24, 0x28, 0xff,
    0x68, 0x24, 0x20, 0xff, 0x70, 0x24, 0x28, 0xff, 0x68, 0x24, 0x20, 0xff,
    0x70, 0x24, 0x28, 0xff, 0x68, 0x28, 0x28, 0xff, 0x70, 0x2c, 0x28, 0xff,
    0x70, 0x2c, 0x28, 0xff, 0x70, 0x24, 0x28, 0xff, 0x68, 0x28, 0x20, 0xff,
    0x70, 0x24, 0x28, 0xff, 0x70, 0x24, 0x28, 0xff, 0x68, 0x24, 0x28, 0xff,
    0x70, 0x28, 0x20, 0xff, 0x68, 0x24, 0x28, 0xff, 0x68, 0x24, 0x28, 0xff,
    0x68, 0x28, 0x20, 0xff, 0x70, 0x24, 0x28, 0xff, 0x68, 0x28, 0x20, 0xff,
    0x70, 0x24, 0x28, 0xff, 0x68, 0x24, 0x28, 0xff, 0x68, 0x28, 0x20, 0xff,
    0x68, 0x24, 0x28, 0xff, 0x70, 0x28, 0x28, 0xff, 0x68, 0x24, 0x20, 0xff,
    0x70, 0x28, 0x28, 0xff, 0x68, 0x24, 0x28, 0xff, 0x68, 0x24, 0x20, 0xff,
    0x70, 0x24, 0x28, 0xff, 0x70, 0x28, 0x28, 0xff, 0x68, 0x24, 0x20, 0xff,
    0x70, 0x24, 0x28, 0xff, 0x68, 0x24, 0x20, 0xff, 0x70, 0x24, 0x28, 0xff,
    0x68, 0x24, 0x20, 0xff, 0x70, 0x28, 0x28, 0xff, 0x70, 0x24, 0x28, 0xff,
    0x68, 0x24, 0x20, 0xff, 0x70, 0x28, 0x28, 0xff, 0x70, 0x24, 0x28, 0xff,
    0x68, 0x24, 0x20, 0xff, 0x68, 0x28, 0x28, 0xff, 0x70, 0x24, 0x28, 0xff,
    0x70, 0x24, 0x20, 0xff, 0x68, 0x24, 0x28, 0xff, 0x68, 0x24, 0x28, 0xff,
    0x70, 0x24, 0x20, 0xff, 0x70, 0x28, 0x28, 0xff, 0x68, 0x24, 0x20, 0xff,
    0x70, 0x24, 0x28, 0xff, 0x70, 0x28, 0x20, 0xff, 0x68, 0x24, 0x28, 0xff,
    0x68, 0x24, 0x28, 0xff, 0x70, 0x24, 0x20, 0xff, 0x70, 0x24, 0x28, 0xff,
    0x68, 0x24, 0x20, 0xff, 0x70, 0x24, 0x28, 0xff, 0x70, 0x24, 0x28, 0xff,
    0x68, 0x28, 0x20, 0xff, 0x70, 0x24, 0x28, 0xff, 0x70, 0x24, 0x20, 0xff,
    0x68, 0x28, 0x28, 0xff, 0x70, 0x24, 0x28, 0xff, 0x70, 0x24, 0x20, 0xff,
    0x68, 0x24, 0x28, 0xff, 0x70, 0x28, 0x20, 0xff, 0x70, 0x24, 0x28, 0xff,
    0x68, 0x24, 0x28, 0xff, 0x68, 0x24, 0x28, 0xff, 0x68, 0x24, 0x28, 0xff,
    0x70, 0x28, 0x28, 0xff, 0x68, 0x24, 0x20, 0xff, 0x68, 0x28, 0x28, 0xff,
    0x70, 0x28, 0x20, 0xff, 0x70, 0x24, 0x28, 0xff, 0x68, 0x24, 0x28, 0xff,
    0x68, 0x28, 0x20, 0xff, 0x70, 0x24, 0x28, 0xff, 0x68, 0x24, 0x20, 0xff,
    0x70, 0x24, 0x20, 0xff, 0x70, 0x28, 0x28, 0xff, 0x68, 0x24, 0x28, 0xff,
    0x70, 0x24, 0x20, 0xff, 0x70, 0x24, 0x28, 0xff, 0x68, 0x24, 0x28, 0xff,
    0x70, 0x28, 0x28, 0xff, 0x68, 0x24, 0x28, 0xff, 0x70, 0x24, 0x28, 0xff,
    0x70, 0x24, 0x20, 0xff, 0x68, 0x24, 0x28, 0xff, 0x70, 0x24, 0x28, 0xff,
    0x68, 0x24, 0x20, 0xff, 0x70, 0x24, 0x28, 0xff, 0x70, 0x24, 0x28, 0xff,
    0x70, 0x24, 0x20, 0xff, 0x68, 0x28, 0x28, 0xff, 0x70, 0x28, 0x28, 0xff,
    0x68, 0x24, 0x20, 0xff, 0x68, 0x24, 0x28, 0xff, 0x68, 0x24, 0x20, 0xff,
    0x70, 0x24, 0x28, 0xff, 0x68, 0x24, 0x20, 0xff, 0x70, 0x28, 0x28, 0xff,
    0x70, 0x24, 0x28, 0xff, 0x68, 0x24, 0x20, 0xff, 0x70, 0x24, 0x28, 0xff,
    0x68, 0x24, 0x28, 0xff, 0x70, 0x24, 0x20, 0xff, 0x70, 0x24, 0x28, 0xff,
    0x70, 0x30, 0x28, 0xff, 0x70, 0x24, 0x28, 0xff, 0x70, 0x24, 0x20, 0xff,
    0x68, 0x24, 0x28, 0xff, 0x70, 0x28, 0x20, 0xff, 0x68, 0x24, 0x28, 0xff,
    0x70, 0x24, 0x28, 0xff, 0x68, 0x28, 0x20, 0xff, 0x68, 0x24, 0x28, 0xff,
    0x70, 0x24, 0x28, 0xff, 0x68, 0x24, 0x20, 0xff, 0x70, 0x28, 0x28, 0xff,
    0x68, 0x24, 0x28, 0xff, 0x68, 0x24, 0x20, 0xff, 0x70, 0x28, 0x28, 0xff,
    0x68, 0x24, 0x20, 0xff, 0x70, 0x24, 0x28, 0xff, 0x68, 0x28, 0x20, 0xff,
    0x68, 0x24, 0x28, 0xff, 0x70, 0x24, 0x20, 0xff, 0x70, 0x28, 0x28, 0xff,
    0x68, 0x24, 0x20, 0xff, 0x68, 0x24, 0x28, 0xff, 0x68, 0x24, 0x28, 0xff,
    0x70, 0x24, 0x20, 0xff, 0x70, 0x24, 0x28, 0xff, 0x68, 0x24, 0x28, 0xff,
    0x68, 0x24, 0x20, 0xff, 0x70, 0x24, 0x28, 0xff, 0x68, 0x24, 0x28, 0xff,
    0x70, 0x24, 0x20, 0xff, 0x68, 0x28, 0x28, 0xff, 0x70, 0x24, 0x20, 0xff,
    0x70, 0x24, 0x28, 0xff, 0x68, 0x28, 0x28, 0xff, 0x68, 0x24, 0x20, 0xff,
    0x70, 0x24, 0x28, 0xff, 0x68, 0x28, 0x28, 0xff, 0x70, 0x24, 0x20, 0xff,
    0x68, 0x24, 0x28, 0xff, 0x68, 0x24, 0x28, 0xff, 0x70, 0x24, 0x20, 0xff,
    0x68, 0x24, 0x28, 0xff, 0x70, 0x24, 0x28, 0xff, 0x68, 0x28, 0x20, 0xff,
    0x68, 0x24, 0x28, 0xff, 0x70, 0x24, 0x20, 0xff, 0x70, 0x28, 0x20, 0xff,
    0x68, 0x24, 0x28, 0xff, 0x70, 0x24, 0x20, 0xff, 0x70, 0x24, 0x28, 0xff,
    0x68, 0x24, 0x28, 0xff, 0x68, 0x24, 0x28, 0xff, 0x70, 0x24, 0x20, 0xff,
    0x68, 0x24, 0x28, 0xff, 0x70, 0x28, 0x20, 0xff, 0x70, 0x24, 0x28, 0xff,
    0x68, 0x24, 0x28, 0xff, 0x68, 0x24, 0x28, 0xff, 0x70, 0x24, 0x28, 0xff,
    0x68, 0x24, 0x20, 0xff, 0x68, 0x28, 0x28, 0xff, 0x70, 0x24, 0x28, 0xff,
    0x68, 0x24, 0x20, 0xff, 0x70, 0x24, 0x20, 0xff, 0x70, 0x24, 0x28, 0xff,
    0x68, 0x24, 0x20, 0xff, 0x68, 0x24, 0x28, 0xff, 0x70, 0x28, 0x28, 0xff,
    0x68, 0x24, 0x20, 0xff, 0x68, 0x24, 0x28, 0xff, 0x70, 0x28, 0x28, 0xff,
    0x68, 0x28, 0x20, 0xff, 0x68, 0x24, 0x28, 0xff, 0x70, 0x24, 0x20, 0xff,
    0x70, 0x24, 0x28, 0xff, 0x70, 0x24, 0x28, 0xff, 0x70, 0x24, 0x20, 0xff,
    0x68, 0x24, 0x28, 0xff, 0x70, 0x28, 0x28, 0xff, 0x68, 0x24, 0x20, 0xff,
    0x70, 0x24, 0x28, 0xff, 0x68, 0x24, 0x28, 0xff, 0x70, 0x28, 0x20, 0xff,
    0x70, 0x24, 0x20, 0xff, 0x68, 0x24, 0x28, 0xff, 0x68, 0x28, 0x28, 0xff,
    0x70, 0x24, 0x20, 0xff, 0x68, 0x24, 0x28, 0xff, 0x78, 0x34, 0x30, 0xff,
    0x68, 0x24, 0x28, 0xff, 0x68, 0x24, 0x28, 0xff, 0x70, 0x24, 0x20, 0xff,
    0x68, 0x24, 0x28, 0xff, 0x70, 0x24, 0x28, 0xff, 0x70, 0x24, 0x20, 0xff,
    0x68, 0x28, 0x28, 0xff, 0x70, 0x24, 0x20, 0xff, 0x68, 0x24, 0x28, 0xff,
    0x70, 0x28, 0x28, 0xff, 0x68, 0x24, 0x20, 0xff, 0x70, 0x24, 0x28, 0xff,
    0x70, 0x28, 0x28, 0xff, 0x68, 0x24, 0x20, 0xff, 0x70, 0x24, 0x28, 0xff,
    0x68, 0x24, 0x28, 0xff, 0x70, 0x24, 0x28, 0xff, 0x68, 0x24, 0x20, 0xff,
    0x68, 0x24, 0x28, 0xff, 0x70, 0x28, 0x28, 0xff, 0x70, 0x24, 0x20, 0xff,
    0x68, 0x24, 0x28, 0xff, 0x68, 0x24, 0x28, 0xff, 0x70, 0x28, 0x20, 0xff,
    0x68, 0x24, 0x28, 0xff, 0x68, 0x28, 0x28, 0xff, 0x70, 0x24, 0x20, 0xff,
    0x68, 0x28, 0x28, 0xff, 0x70, 0x24, 0x28, 0xff, 0x68, 0x24, 0x20, 0xff,
    0x70, 0x24, 0x28, 0xff, 0x68, 0x28, 0x28, 0xff, 0x68, 0x24, 0x20, 0xff,
    0x68, 0x28, 0x28, 0xff, 0x70, 0x24, 0x20, 0xff, 0x68, 0x24, 0x28, 0xff,
    0x70, 0x24, 0x20, 0xff, 0x68, 0x24, 0x28, 0xff, 0x70, 0x28, 0x28, 0xff,
    0x70, 0x24, 0x20, 0xff, 0x68, 0x28, 0x28, 0xff, 0x68, 0x24, 0x28, 0xff,
    0x70, 0x24, 0x20, 0xff, 0x70, 0x24, 0x28, 0xff, 0x68, 0x24, 0x28, 0xff,
    0x68, 0x24, 0x28, 0xff, 0x70, 0x28, 0x20, 0xff, 0x68, 0x28, 0x28, 0xff,
    0x70, 0x24, 0x20, 0xff, 0x68, 0x24, 0x20, 0xff, 0x70, 0x28, 0x28, 0xff,
    0x70, 0x24, 0x20, 0xff, 0x68, 0x28, 0x28, 0xff, 0x68, 0x24, 0x28, 0xff,
    0x70, 0x24, 0x20, 0xff, 0x70, 0x24, 0x28, 0xff, 0x68, 0x28, 0x20, 0xff,
    0x70, 0x28, 0x28, 0xff, 0x70, 0x24, 0x28, 0xff, 0x68, 0x24, 0x20, 0xff,
    0x70, 0x24, 0x28, 0xff, 0x68, 0x28, 0x20, 0xff, 0x68, 0x28, 0x28, 0xff,
    0x70, 0x24, 0x28, 0xff, 0x68, 0x28, 0x20, 0xff, 0x68, 0x24, 0x28, 0xff,
    0x70, 0x24, 0x20, 0xff, 0x70, 0x28, 0x28, 0xff, 0x68, 0x24, 0x20, 0xff,
    0x70, 0x24, 0x28, 0xff, 0x70, 0x24, 0x28, 0xff, 0x68, 0x24, 0x20, 0xff,
    0x68, 0x24, 0x28, 0xff, 0x68, 0x28, 0x28, 0xff, 0x68, 0x24, 0x20, 0xff,
    0x68, 0x24, 0x28, 0xff, 0x70, 0x24, 0x28, 0xff, 0x70, 0x28, 0x20, 0xff,
    0x68, 0x24, 0x28, 0xff, 0x70, 0x28, 0x28, 0xff, 0x68, 0x28, 0x20, 0xff,
    0x68, 0x24, 0x28, 0xff, 0x70, 0x24, 0x28, 0xff, 0x68, 0x28, 0x20, 0xff,
    0x70, 0x24, 0x28, 0xff, 0x70, 0x24, 0x28, 0xff, 0x68, 0x28, 0x20, 0xff,
    0x68, 0x24, 0x28, 0xff, 0x70, 0x24, 0x28, 0xff, 0x68, 0x28, 0x20, 0xff,
    0x70, 0x28, 0x28, 0xff, 0x68, 0x24, 0x28, 0xff, 0x68, 0x24, 0x20, 0xff,
    0x70, 0x28, 0x28, 0xff, 0x68, 0x24, 0x28, 0xff, 0x70, 0x24, 0x20, 0xff,
    0x70, 0x24, 0x28, 0xff, 0x68, 0x24, 0x20, 0xff, 0x68, 0x28, 0x28, 0xff,
    0x70, 0x24, 0x20, 0xff, 0x68, 0x24, 0x28, 0xff, 0x68, 0x28, 0x28, 0xff,
    0x68, 0x28, 0x20, 0xff, 0x70, 0x24, 0x28, 0xff, 0x70, 0x24, 0x28, 0xff,
    0x68, 0x28, 0x20, 0xff, 0x70, 0x24, 0x28, 0xff, 0x68, 0x24, 0x28, 0xff,
    0x70, 0x24, 0x20, 0xff, 0x68, 0x24, 0x28, 0xff, 0x70, 0x24, 0x28, 0xff,
    0x70, 0x24, 0x28, 0xff, 0x68, 0x24, 0x20, 0xff, 0x70, 0x24, 0x28, 0xff,
    0x70, 0x28, 0x28, 0xff, 0x68, 0x28, 0x20, 0xff, 0x70, 0x24, 0x28, 0xff,
    0x68, 0x24, 0x28, 0xff, 0x70, 0x28, 0x20, 0xff, 0x68, 0x24, 0x28, 0xff,
    0x70, 0x24, 0x28, 0xff, 0x70, 0x28, 0x20, 0xff, 0x68, 0x28, 0x28, 0xff,
    0x70, 0x28, 0x20, 0xff, 0x70, 0x24, 0x28, 0xff, 0x68, 0x24, 0x28, 0xff,
    0x68, 0x28, 0x20, 0xff, 0x70, 0x24, 0x28, 0xff, 0x70, 0x24, 0x20, 0xff,
    0x68, 0x28, 0x28, 0xff, 0x70, 0x24, 0x20, 0xff, 0x68, 0x28, 0x20, 0xff,
    0x70, 0x28, 0x28, 0xff, 0x70, 0x24, 0x28, 0xff, 0x68, 0x24, 0x20, 0xff,
    0x68, 0x24, 0x28, 0xff, 0x68, 0x28, 0x28, 0xff, 0x68, 0x28, 0x28, 0xff,
    0x68, 0x28, 0x28, 0xff, 0x70, 0x24, 0x20, 0xff, 0x70, 0x28, 0x20, 0xff,
    0x68, 0x28, 0x28, 0xff, 0x70, 0x24, 0x28, 0xff, 0x68, 0x24, 0x20, 0xff,
    0x68, 0x24, 0x28, 0xff, 0x70, 0x24, 0x20, 0xff, 0x68, 0x24, 0x20, 0xff,
    0x68, 0x28, 0x28, 0xff, 0x70, 0x24, 0x28, 0xff, 0x70, 0x24, 0x20, 0xff,
    0x68, 0x28, 0x20, 0xff, 0x70, 0x28, 0x28, 0xff, 0x68, 0x24, 0x28, 0xff,
    0x68, 0x28, 0x20, 0xff, 0x68, 0x28, 0x28, 0xff, 0x70, 0x24, 0x28, 0xff,
    0x68, 0x24, 0x20, 0xff, 0x68, 0x24, 0x28, 0xff, 0x70, 0x28, 0x20, 0xff,
    0x70, 0x28, 0x20, 0xff, 0x68, 0x28, 0x28, 0xff, 0x70, 0x24, 0x28, 0xff,
    0x70, 0x24, 0x20, 0xff, 0x68, 0x28, 0x28, 0xff, 0x70, 0x24, 0x20, 0xff,
    0x68, 0x24, 0x28, 0xff, 0x68, 0x24, 0x20, 0xff, 0x70, 0x24, 0x28, 0xff,
    0x70, 0x28, 0x20, 0xff, 0x68, 0x28, 0x20, 0xff, 0x70, 0x24, 0x28, 0xff,
    0x68, 0x24, 0x28, 0xff, 0x68, 0x24, 0x20, 0xff, 0x70, 0x24, 0x28, 0xff,
    0x70, 0x24, 0x28, 0xff, 0x68, 0x28, 0x20, 0xff, 0x70, 0x24, 0x28, 0xff,
    0x68, 0x24, 0x28, 0xff, 0x70, 0x28, 0x20, 0xff, 0x70, 0x28, 0x20, 0xff,
    0x68, 0x24, 0x28, 0xff, 0x70, 0x24, 0x20, 0xff, 0x68, 0x28, 0x28, 0xff,
    0x68, 0x24, 0x28, 0xff, 0x70, 0x24, 0x20, 0xff, 0x70, 0x28, 0x28, 0xff,
    0x70, 0x2c, 0x30, 0xff, 0x70, 0x24, 0x20, 0xff, 0x70, 0x24, 0x28, 0xff,
    0x68, 0x24, 0x28, 0xff, 0x70, 0x28, 0x20, 0xff, 0x68, 0x28, 0x28, 0xff,
    0x68, 0x24, 0x20, 0xff, 0x70, 0x24, 0x20, 0xff, 0x68, 0x28, 0x28, 0xff,
    0x70, 0x24, 0x28, 0xff, 0x70, 0x24, 0x20, 0xff, 0x68, 0x28, 0x28, 0xff,
    0x68, 0x24, 0x20, 0xff, 0x70, 0x24, 0x28, 0xff, 0x68, 0x24, 0x28, 0xff,
    0x70, 0x24, 0x20, 0xff, 0x80, 0x40, 0x40, 0xff, 0x78, 0x38, 0x38, 0xff,
    0x70, 0x24, 0x20, 0xff, 0x68, 0x24, 0x28, 0xff, 0x70, 0x24, 0x20, 0xff,
    0x68, 0x24, 0x28, 0xff, 0x68, 0x24, 0x20, 0xff, 0x70, 0x24, 0x28, 0xff,
    0x68, 0x28, 0x20, 0xff, 0x68, 0x24, 0x28, 0xff, 0x70, 0x28, 0x20, 0xff,
    0x68, 0x24, 0x28, 0xff, 0x70, 0x24, 0x28, 0xff, 0x68, 0x24, 0x20, 0xff,
    0x68, 0x24, 0x28, 0xff, 0x70, 0x24, 0x28, 0xff, 0x68, 0x24, 0x28, 0xff,
    0x70, 0x24, 0x28, 0xff, 0x68, 0x28, 0x20, 0xff, 0x68, 0x28, 0x20, 0xff,
    0x70, 0x24, 0x28, 0xff, 0x70, 0x24, 0x20, 0xff, 0x70, 0x24, 0x28, 0xff,
    0x68, 0x28, 0x28, 0xff, 0x70, 0x2c, 0x28, 0xff, 0x70, 0x24, 0x28, 0xff,
    0x68, 0x24, 0x28, 0xff, 0x68, 0x28, 0x20, 0xff, 0x70, 0x24, 0x20, 0xff,
    0x70, 0x24, 0x28, 0xff, 0x68, 0x28, 0x28, 0xff, 0x70, 0x24, 0x28, 0xff,
    0x70, 0x24, 0x28, 0xff, 0x68, 0x24, 0x20, 0xff, 0x68, 0x24, 0x28, 0xff,
    0x70, 0x24, 0x28, 0xff, 0x68, 0x24, 0x28, 0xff, 0x70, 0x28, 0x20, 0xff,
    0x70, 0x24, 0x20, 0xff, 0x68, 0x24, 0x28, 0xff, 0x68, 0x28, 0x28, 0xff,
    0x68, 0x28, 0x20, 0xff, 0x70, 0x24, 0x28, 0xff, 0x70, 0x24, 0x28, 0xff,
    0x68, 0x24, 0x28, 0xff, 0x68, 0x24, 0x28, 0xff, 0x70, 0x28, 0x20, 0xff,
    0x68, 0x24, 0x20, 0xff, 0x70, 0x24, 0x28, 0xff, 0x70, 0x24, 0x28, 0xff,
    0x68, 0x24, 0x20, 0xff, 0x70, 0x28, 0x28, 0xff, 0x70, 0x24, 0x28, 0xff,
    0x68, 0x24, 0x28, 0xff, 0x68, 0x24, 0x20, 0xff, 0x70, 0x28, 0x28, 0xff,
    0x70, 0x24, 0x20, 0xff, 0x68, 0x24, 0x28, 0xff, 0x70, 0x24, 0x20, 0xff,
    0x68, 0x28, 0x28, 0xff, 0x68, 0x24, 0x28, 0xff, 0x70, 0x24, 0x20, 0xff,
    0x68, 0x24, 0x28, 0xff, 0x70, 0x24, 0x20, 0xff, 0x68, 0x24, 0x28, 0xff,
    0x68, 0x28, 0x20, 0xff, 0x70, 0x24, 0x28, 0xff, 0x70, 0x24, 0x28, 0xff,
    0x68, 0x24, 0x20, 0xff, 0x70, 0x24, 0x28, 0xff, 0x70, 0x24, 0x20, 0xff,
    0x68, 0x28, 0x28, 0xff, 0x68, 0x24, 0x28, 0xff, 0x70, 0x2c, 0x28, 0xff,
    0x68, 0x28, 0x28, 0xff, 0x68, 0x24, 0x28, 0xff, 0x70, 0x24, 0x20, 0xff,
    0x70, 0x28, 0x20, 0xff, 0x68, 0x24, 0x28, 0xff, 0x70, 0x2c, 0x28, 0xff,
    0x68, 0x28, 0x28, 0xff, 0x70, 0x24, 0x28, 0xff, 0x68, 0x24, 0x20, 0xff,
    0x70, 0x28, 0x28, 0xff, 0x68, 0x24, 0x28, 0xff, 0x70, 0x24, 0x20, 0xff,
    0x68, 0x24, 0x28, 0xff, 0x68, 0x24, 0x28, 0xff, 0x70, 0x24, 0x28, 0xff,
    0x70, 0x2c, 0x28, 0xff, 0x70, 0x28, 0x28, 0xff, 0x68, 0x24, 0x28, 0xff,
    0x70, 0x24, 0x20, 0xff, 0x68, 0x28, 0x28, 0xff, 0x70, 0x24, 0x28, 0xff,
    0x70, 0x24, 0x28, 0xff, 0x68, 0x28, 0x20, 0xff, 0x70, 0x24, 0x28, 0xff,
    0x68, 0x24, 0x28, 0xff, 0x68, 0x24, 0x20, 0xff, 0x70, 0x24, 0x28, 0xff,
    0x70, 0x28, 0x20, 0xff, 0x68, 0x24, 0x28, 0xff, 0x70, 0x28, 0x20, 0xff,
    0x68, 0x24, 0x28, 0xff, 0x70, 0x24, 0x20, 0xff, 0x68, 0x24, 0x28, 0xff,
    0x70, 0x24, 0x28, 0xff, 0x68, 0x24, 0x28, 0xff, 0x68, 0x24, 0x28, 0xff,
    0x70, 0x28, 0x20, 0xff, 0x68, 0x24, 0x28, 0xff, 0x68, 0x24, 0x20, 0xff,
    0x70, 0x28, 0x28, 0xff, 0x70, 0x24, 0x28, 0xff, 0x68, 0x24, 0x28, 0xff,
    0x68, 0x24, 0x28, 0xff, 0x70, 0x28, 0x20, 0xff, 0x68, 0x24, 0x28, 0xff,
    0x68, 0x24, 0x20, 0xff, 0x70, 0x28, 0x28, 0xff, 0x68, 0x24, 0x28, 0xff,
    0x70, 0x28, 0x20, 0xff, 0x70, 0x24, 0x28, 0xff, 0x68, 0x24, 0x20, 0xff,
    0x68, 0x28, 0x28, 0xff, 0x70, 0x28, 0x28, 0xff, 0x68, 0x24, 0x20, 0xff,
    0x70, 0x24, 0x28, 0xff, 0x68, 0x24, 0x28, 0xff, 0x70, 0x24, 0x20, 0xff,
    0x70, 0x24, 0x20, 0xff, 0x68, 0x28, 0x28, 0xff, 0x70, 0x24, 0x20, 0xff,
    0x70, 0x24, 0x28, 0xff, 0x68, 0x24, 0x28, 0xff, 0x68, 0x24, 0x20, 0xff,
    0x70, 0x24, 0x28, 0xff, 0x68, 0x28, 0x28, 0xff, 0x68, 0x24, 0x20, 0xff,
    0x70, 0x24, 0x28, 0xff, 0x70, 0x28, 0x28, 0xff, 0x68, 0x24, 0x20, 0xff,
    0x68, 0x24, 0x28, 0xff, 0x70, 0x24, 0x28, 0xff, 0x68, 0x28, 0x20, 0xff,
    0x68, 0x24, 0x28, 0xff, 0x70, 0x24, 0x28, 0xff, 0x70, 0x28, 0x20, 0xff,
    0x68, 0x24, 0x28, 0xff, 0x68, 0x24, 0x28, 0xff, 0x70, 0x28, 0x20, 0xff,
    0x70, 0x24, 0x28, 0xff, 0x68, 0x24, 0x28, 0xff, 0x68, 0x28, 0x20, 0xff,
    0x70, 0x24, 0x28, 0xff, 0x68, 0x24, 0x28, 0xff, 0x68, 0x28, 0x20, 0xff,
    0x70, 0x24, 0x28, 0xff, 0x68, 0x24, 0x28, 0xff, 0x70, 0x28, 0x20, 0xff,
    0x68, 0x24, 0x28, 0xff, 0x70, 0x24, 0x20, 0xff, 0x70, 0x28, 0x28, 0xff,
    0x68, 0x24, 0x28, 0xff, 0x68, 0x24, 0x20, 0xff, 0x68, 0x28, 0x28, 0xff,
    0x70, 0x24, 0x28, 0xff, 0x80, 0x3c, 0x40, 0xff, 0x70, 0x28, 0x20, 0xff,
    0x68, 0x24, 0x28, 0xff, 0x68, 0x24, 0x20, 0xff, 0x70, 0x24, 0x28, 0xff,
    0x70, 0x24, 0x28, 0xff, 0x68, 0x28, 0x20, 0xff, 0x70, 0x24, 0x28, 0xff,
    0x70, 0x24, 0x20, 0xff, 0x68, 0x24, 0x28, 0xff, 0x68, 0x24, 0x20, 0xff,
    0x70, 0x24, 0x28, 0xff, 0x68, 0x28, 0x28, 0xff, 0x70, 0x24, 0x20, 0xff,
    0x68, 0x24, 0x28, 0xff, 0x70, 0x28, 0x28, 0xff, 0x68, 0x24, 0x20, 0xff,
    0x70, 0x24, 0x28, 0xff, 0x70, 0x24, 0x28, 0xff, 0x68, 0x24, 0x20, 0xff,
    0x68, 0x24, 0x28, 0xff, 0x70, 0x28, 0x28, 0xff, 0x68, 0x24, 0x28, 0xff,
    0x70, 0x24, 0x20, 0xff, 0x68, 0x24, 0x28, 0xff, 0x70, 0x28, 0x20, 0xff,
    0x68, 0x24, 0x28, 0xff, 0x70, 0x28, 0x20, 0xff, 0x70, 0x24, 0x28, 0xff,
    0x68, 0x24, 0x20, 0xff, 0x70, 0x24, 0x28, 0xff, 0x68, 0x24, 0x28, 0xff,
    0x70, 0x24, 0x20, 0xff, 0x70, 0x24, 0x28, 0xff, 0x68, 0x24, 0x20, 0xff,
    0x70, 0x24, 0x20, 0xff, 0x70, 0x24, 0x28, 0xff, 0x68, 0x24, 0x28, 0xff,
    0x70, 0x24, 0x28, 0xff, 0x68, 0x24, 0x20, 0xff, 0x70, 0x24, 0x28, 0xff,
    0x68, 0x24, 0x20, 0xff, 0x68, 0x24, 0x28, 0xff, 0x70, 0x28, 0x28, 0xff,
    0x70, 0x24, 0x20, 0xff, 0x68, 0x24, 0x28, 0xff, 0x70, 0x24, 0x20, 0xff,
    0x68, 0x24, 0x28, 0xff, 0x70, 0x24, 0x28, 0xff, 0x70, 0x24, 0x20, 0xff,
    0x68, 0x24, 0x28, 0xff, 0x70, 0x24, 0x28, 0xff, 0x68, 0x24, 0x28, 0xff,
    0x68, 0x24, 0x20, 0xff, 0x70, 0x28, 0x28, 0xff, 0x68, 0x24, 0x28, 0xff,
    0x70, 0x24, 0x20, 0xff, 0x70, 0x28, 0x28, 0xff, 0x68, 0x24, 0x28, 0xff,
    0x70, 0x24, 0x20, 0xff, 0x68, 0x24, 0x28, 0xff, 0x68, 0x24, 0x20, 0xff,
    0x70, 0x24, 0x20, 0xff, 0x70, 0x28, 0x28, 0xff, 0x68, 0x24, 0x28, 0xff,
    0x70, 0x24, 0x20, 0xff, 0x70, 0x24, 0x28, 0xff, 0x68, 0x24, 0x28, 0xff,
    0x70, 0x24, 0x20, 0xff, 0x70, 0x24, 0x28, 0xff, 0x68, 0x24, 0x20, 0xff,
    0x70, 0x28, 0x28, 0xff, 0x68, 0x24, 0x28, 0xff, 0x70, 0x24, 0x20, 0xff,
    0x70, 0x28, 0x28, 0xff, 0x68, 0x24, 0x28, 0xff, 0x70, 0x24, 0x20, 0xff,
    0x70, 0x28, 0x28, 0xff, 0x68, 0x24, 0x28, 0xff, 0x70, 0x24, 0x20, 0xff,
    0x68, 0x24, 0x28, 0xff, 0x70, 0x24, 0x28, 0xff, 0x70, 0x24, 0x20, 0xff,
    0x68, 0x24, 0x28, 0xff, 0x70, 0x24, 0x28, 0xff, 0x70, 0x24, 0x20, 0xff,
    0x68, 0x24, 0x28, 0xff, 0x70, 0x24, 0x28, 0xff, 0x68, 0x24, 0x20, 0xff,
    0x68, 0x24, 0x20, 0xff, 0x70, 0x24, 0x28, 0xff, 0x68, 0x24, 0x28, 0xff,
    0x70, 0x24, 0x20, 0xff, 0x68, 0x24, 0x28, 0xff, 0x68, 0x28, 0x20, 0xff,
    0x70, 0x24, 0x28, 0xff, 0x68, 0x24, 0x28, 0xff, 0x68, 0x24, 0x28, 0xff,
    0x70, 0x28, 0x20, 0xff, 0x70, 0x24, 0x28, 0xff, 0x68, 0x24, 0x28, 0xff,
    0x70, 0x28, 0x20, 0xff, 0x68, 0x24, 0x28, 0xff, 0x70, 0x24, 0x20, 0xff,
    0x68, 0x24, 0x20, 0xff, 0x68, 0x24, 0x28, 0xff, 0x70, 0x28, 0x28, 0xff,
    0x68, 0x24, 0x20, 0xff, 0x70, 0x24, 0x28, 0xff, 0x70, 0x28, 0x20, 0xff,
    0x68, 0x24, 0x28, 0xff, 0x68, 0x24, 0x28, 0xff, 0x70, 0x24, 0x20, 0xff,
    0x70, 0x24, 0x28, 0xff, 0x68, 0x24, 0x28, 0xff, 0x68, 0x24, 0x28, 0xff,
    0x70, 0x28, 0x20, 0xff, 0x68, 0x24, 0x28, 0xff, 0x70, 0x24, 0x20, 0xff,
    0x68, 0x28, 0x28, 0xff, 0x70, 0x24, 0x28, 0xff, 0x68, 0x28, 0x20, 0xff,
    0x68, 0x24, 0x28, 0xff, 0x70, 0x28, 0x28, 0xff, 0x68, 0x24, 0x20, 0xff,
    0x68, 0x28, 0x28, 0xff, 0x70, 0x24, 0x20, 0xff, 0x70, 0x24, 0x28, 0xff,
    0x68, 0x28, 0x28, 0xff, 0x70, 0x24, 0x20, 0xff, 0x70, 0x24, 0x28, 0xff,
    0x68, 0x24, 0x20, 0xff, 0x68, 0x24, 0x28, 0xff, 0x70, 0x28, 0x28, 0xff,
    0x68, 0x24, 0x20, 0xff, 0x70, 0x24, 0x28, 0xff, 0x68, 0x24, 0x28, 0xff,
    0x68, 0x28, 0x20, 0xff, 0x70, 0x24, 0x28, 0xff, 0x68, 0x28, 0x20, 0xff,
    0x68, 0x28, 0x28, 0xff, 0x70, 0x24, 0x28, 0xff, 0x70, 0x24, 0x20, 0xff,
    0x68, 0x24, 0x28, 0xff, 0x68, 0x28, 0x28, 0xff, 0x70, 0x24, 0x20, 0xff,
    0x68, 0x24, 0x28, 0xff, 0x68, 0x28, 0x20, 0xff, 0x70, 0x24, 0x28, 0xff,
    0x70, 0x28, 0x28, 0xff, 0x68, 0x24, 0x28, 0xff, 0x68, 0x24, 0x20, 0xff,
    0x70, 0x24, 0x28, 0xff, 0x68, 0x28, 0x28, 0xff, 0x68, 0x24, 0x20, 0xff,
    0x70, 0x24, 0x28, 0xff, 0x68, 0x28, 0x20, 0xff, 0x68, 0x28, 0x28, 0xff,
    0x70, 0x24, 0x28, 0xff, 0x68, 0x24, 0x20, 0xff, 0x70, 0x24, 0x28, 0xff,
    0x68, 0x24, 0x28, 0xff, 0x68, 0x24, 0x20, 0xff, 0x70, 0x24, 0x28, 0xff,
    0x68, 0x24, 0x20, 0xff, 0x68, 0x24, 0x20, 0xff, 0x70, 0x24, 0x28, 0xff,
    0x70, 0x24, 0x28, 0xff, 0x68, 0x28, 0x20, 0xff, 0x68, 0x24, 0x28, 0xff,
    0x70, 0x28, 0x28, 0xff, 0x68, 0x24, 0x20, 0xff, 0x68, 0x28, 0x28, 0xff,
    0x68, 0x24, 0x20, 0xff, 0x70, 0x24, 0x28, 0xff, 0x70, 0x28, 0x28, 0xff,
    0x68, 0x24, 0x20, 0xff, 0x70, 0x24, 0x28, 0xff, 0x68, 0x24, 0x28, 0xff,
    0x68, 0x24, 0x20, 0xff, 0x70, 0x28, 0x28, 0xff, 0x70, 0x24, 0x28, 0xff,
    0x68, 0x24, 0x20, 0xff, 0x70, 0x28, 0x28, 0xff, 0x68, 0x24, 0x20, 0xff,
    0x70, 0x24, 0x28, 0xff, 0x68, 0x24, 0x28, 0xff, 0x70, 0x24, 0x28, 0xff,
    0x68, 0x28, 0x20, 0xff, 0x70, 0x24, 0x28, 0xff, 0x68, 0x24, 0x28, 0xff,
    0x70, 0x24, 0x28, 0xff, 0x70, 0x28, 0x28, 0xff, 0x68, 0x24, 0x20, 0xff,
    0x70, 0x28, 0x20, 0xff, 0x68, 0x24, 0x28, 0xff, 0x68, 0x24, 0x28, 0xff,
    0x70, 0x28, 0x20, 0xff, 0x70, 0x24, 0x28, 0xff, 0x68, 0x24, 0x20, 0xff,
    0x70, 0x28, 0x28, 0xff, 0x68, 0x24, 0x28, 0xff, 0x70, 0x28, 0x20, 0xff,
    0x68, 0x24, 0x28, 0xff, 0x70, 0x24, 0x20, 0xff, 0x68, 0x24, 0x28, 0xff,
    0x70, 0x24, 0x28, 0xff, 0x68, 0x28, 0x20, 0xff, 0x70, 0x24, 0x28, 0xff,
    0x70, 0x24, 0x28, 0xff, 0x68, 0x24, 0x20, 0xff, 0x70, 0x28, 0x28, 0xff,
    0x70, 0x24, 0x28, 0xff, 0x68, 0x24, 0x28, 0xff, 0x68, 0x28, 0x20, 0xff,
    0x70, 0x24, 0x28, 0xff, 0x68, 0x24, 0x20, 0xff, 0x68, 0x28, 0x28, 0xff,
    0x70, 0x24, 0x28, 0xff, 0x70, 0x28, 0x20, 0xff, 0x68, 0x24, 0x28, 0xff,
    0x70, 0x24, 0x28, 0xff, 0x68, 0x24, 0x20, 0xff, 0x70, 0x28, 0x28, 0xff,
    0x68, 0x24, 0x28, 0xff, 0x70, 0x24, 0x20, 0xff, 0x70, 0x24, 0x28, 0xff,
    0x68, 0x24, 0x28, 0xff, 0x70, 0x24, 0x20, 0xff, 0x68, 0x24, 0x28, 0xff,
    0x70, 0x24, 0x20, 0xff, 0x70, 0x28, 0x28, 0xff, 0x68, 0x24, 0x20, 0xff,
    0x70, 0x24, 0x28, 0xff, 0x70, 0x24, 0x28, 0xff, 0x68, 0x24, 0x20, 0xff,
    0x70, 0x24, 0x28, 0xff, 0x68, 0x24, 0x20, 0xff, 0x70, 0x24, 0x28, 0xff,
    0x70, 0x28, 0x28, 0xff, 0x68, 0x24, 0x20, 0xff, 0x70, 0x24, 0x28, 0xff,
    0x70, 0x24, 0x28, 0xff, 0x68, 0x28, 0x20, 0xff, 0x70, 0x24, 0x28, 0xff,
    0x70, 0x24, 0x28, 0xff, 0x68, 0x24, 0x20, 0xff, 0x68, 0x28, 0x28, 0xff,
    0x70, 0x24, 0x28, 0xff, 0x70, 0x28, 0x20, 0xff, 0x68, 0x24, 0x20, 0xff,
    0x70, 0x28, 0x28, 0xff, 0x70, 0x24, 0x28, 0xff, 0x68, 0x28, 0x28, 0xff,
    0x68, 0x24, 0x20, 0xff, 0x70, 0x24, 0x28, 0xff, 0x68, 0x28, 0x20, 0xff,
    0x70, 0x24, 0x28, 0xff, 0x70, 0x24, 0x20, 0xff, 0x68, 0x24, 0x28, 0xff,
    0x70, 0x28, 0x28, 0xff, 0x70, 0x24, 0x20, 0xff, 0x68, 0x24, 0x28, 0xff,
    0x68, 0x28, 0x28, 0xff, 0x70, 0x24, 0x20, 0xff, 0x68, 0x24, 0x28, 0xff,
    0x70, 0x28, 0x28, 0xff, 0x70, 0x24, 0x20, 0xff, 0x68, 0x24, 0x28, 0xff,
    0x70, 0x28, 0x20, 0xff, 0x68, 0x24, 0x28, 0xff, 0x70, 0x24, 0x28, 0xff,
    0x68, 0x24, 0x20, 0xff, 0x70, 0x24, 0x28, 0xff, 0x68, 0x24, 0x20, 0xff,
    0x70, 0x24, 0x20, 0xff, 0x68, 0x24, 0x28, 0xff, 0x68, 0x24, 0x20, 0xff,
    0x70, 0x24, 0x20, 0xff, 0x68, 0x24, 0x28, 0xff, 0x68, 0x28, 0x20, 0xff,
    0x70, 0x24, 0x28, 0xff, 0x68, 0x28, 0x28, 0xff, 0x68, 0x28, 0x28, 0xff,
    0x70, 0x28, 0x20, 0xff, 0x68, 0x24, 0x28, 0xff, 0x68, 0x24, 0x28, 0xff,
    0x70, 0x24, 0x20, 0xff, 0x68, 0x24, 0x28, 0xff, 0x70, 0x24, 0x20, 0xff,
    0x68, 0x28, 0x28, 0xff, 0x68, 0x24, 0x28, 0xff, 0x70, 0x24, 0x20, 0xff,
    0x70, 0x28, 0x28, 0xff, 0x68, 0x24, 0x28, 0xff, 0x68, 0x24, 0x20, 0xff,
    0x70, 0x24, 0x28, 0xff, 0x68, 0x28, 0x20, 0xff, 0x68, 0x24, 0x28, 0xff,
    0x70, 0x24, 0x28, 0xff, 0x68, 0x24, 0x20, 0xff, 0x70, 0x28, 0x20, 0xff,
    0x70, 0x28, 0x20, 0xff, 0x68, 0x24, 0x28, 0xff, 0x70, 0x24, 0x28, 0xff,
    0x70, 0x24, 0x20, 0xff, 0x68, 0x24, 0x28, 0xff, 0x68, 0x24, 0x28, 0xff,
    0x70, 0x28, 0x20, 0xff, 0x68, 0x24, 0x28, 0xff, 0x70, 0x24, 0x28, 0xff,
    0x70, 0x28, 0x20, 0xff, 0x68, 0x24, 0x28, 0xff, 0x68, 0x24, 0x20, 0xff,
    0x70, 0x28, 0x28, 0xff, 0x68, 0x24, 0x28, 0xff, 0x70, 0x24, 0x20, 0xff,
    0x70, 0x28, 0x28, 0xff, 0x68, 0x24, 0x28, 0xff, 0x68, 0x24, 0x20, 0xff,
    0x68, 0x28, 0x20, 0xff, 0x70, 0x28, 0x28, 0xff, 0x68, 0x24, 0x20, 0xff,
    0x68, 0x24, 0x28, 0xff, 0x70, 0x28, 0x28, 0xff, 0x70, 0x24, 0x20, 0xff,
    0x68, 0x24, 0x28, 0xff, 0x68, 0x24, 0x20, 0xff, 0x70, 0x28, 0x28, 0xff,
    0x68, 0x24, 0x28, 0xff, 0x68, 0x24, 0x20, 0xff, 0x70, 0x24, 0x28, 0xff,
    0x68, 0x24, 0x20, 0xff, 0x68, 0x28, 0x28, 0xff, 0x70, 0x24, 0x28, 0xff,
    0x70, 0x24, 0x20, 0xff, 0x68, 0x28, 0x28, 0xff, 0x68, 0x24, 0x28, 0xff,
    0x70, 0x24, 0x20, 0xff, 0x68, 0x28, 0x20, 0xff, 0x68, 0x24, 0x28, 0xff,
    0x70, 0x24, 0x28, 0xff, 0x70, 0x28, 0x20, 0xff, 0x70, 0x24, 0x28, 0xff,
    0x68, 0x24, 0x28, 0xff, 0x68, 0x28, 0x28, 0xff, 0x70, 0x24, 0x20, 0xff,
    0x68, 0x24, 0x28, 0xff, 0x68, 0x24, 0x20, 0xff, 0x70, 0x24, 0x28, 0xff,
    0x70, 0x24, 0x28, 0xff, 0x68, 0x28, 0x20, 0xff, 0x70, 0x28, 0x20, 0xff,
    0x68, 0x24, 0x28, 0xff, 0x68, 0x24, 0x20, 0xff, 0x70, 0x24, 0x28, 0xff,
    0x68, 0x28, 0x28, 0xff, 0x68, 0x28, 0x20, 0xff, 0x68, 0x24, 0x28, 0xff,
    0x70, 0x24, 0x28, 0xff, 0x68, 0x28, 0x20, 0xff, 0x70, 0x24, 0x28, 0xff,
    0x68, 0x24, 0x28, 0xff, 0x70, 0x28, 0x28, 0xff, 0x68, 0x24, 0x28, 0xff,
    0x70, 0x24, 0x28, 0xff, 0x70, 0x28, 0x28, 0xff, 0x68, 0x24, 0x28, 0xff,
    0x70, 0x24, 0x20, 0xff, 0x68, 0x24, 0x28, 0xff, 0x70, 0x24, 0x20, 0xff,
    0x70, 0x24, 0x20, 0xff, 0x68, 0x28, 0x28, 0xff, 0x70, 0x24, 0x20, 0xff,
    0x70, 0x24, 0x28, 0xff, 0x68, 0x24, 0x28, 0xff, 0x68, 0x28, 0x20, 0xff,
    0x70, 0x24, 0x28, 0xff, 0x70, 0x24, 0x28, 0xff, 0x68, 0x24, 0x20, 0xff,
    0x70, 0x24, 0x28, 0xff, 0x68, 0x24, 0x28, 0xff, 0x70, 0x28, 0x20, 0xff,
    0x70, 0x24, 0x28, 0xff, 0x68, 0x24, 0x28, 0xff, 0x70, 0x28, 0x20, 0xff,
    0x68, 0x24, 0x28, 0xff, 0x70, 0x24, 0x20, 0xff, 0x68, 0x24, 0x28, 0xff,
    0x68, 0x24, 0x28, 0xff, 0x70, 0x28, 0x20, 0xff, 0x68, 0x24, 0x28, 0xff,
    0x68, 0x24, 0x28, 0xff, 0x70, 0x28, 0x20, 0xff, 0x70, 0x24, 0x28, 0xff,
    0x68, 0x24, 0x28, 0xff, 0x70, 0x24, 0x20, 0xff, 0x68, 0x24, 0x28, 0xff,
    0x68, 0x24, 0x20, 0xff, 0x70, 0x28, 0x28, 0xff, 0x68, 0x24, 0x28, 0xff,
    0x70, 0x24, 0x20, 0xff, 0x70, 0x24, 0x28, 0xff, 0x68, 0x28, 0x28, 0xff,
    0x68, 0x24, 0x20, 0xff, 0x70, 0x24, 0x20, 0xff, 0x68, 0x28, 0x28, 0xff,
    0x70, 0x24, 0x28, 0xff, 0x70, 0x24, 0x28, 0xff, 0x68, 0x28, 0x20, 0xff,
    0x70, 0x28, 0x28, 0xff, 0x68, 0x24, 0x28, 0xff, 0x68, 0x24, 0x20, 0xff,
    0x70, 0x28, 0x28, 0xff, 0x68, 0x24, 0x28, 0xff, 0x70, 0x24, 0x28, 0xff,
    0x68, 0x28, 0x20, 0xff, 0x70, 0x24, 0x28, 0xff, 0x70, 0x24, 0x20, 0xff,
    0x68, 0x28, 0x28, 0xff, 0x70, 0x24, 0x28, 0xff, 0x70, 0x24, 0x20, 0xff,
    0x68, 0x24, 0x28, 0xff, 0x68, 0x24, 0x20, 0xff, 0x70, 0x24, 0x28, 0xff,
    0x68, 0x28, 0x20, 0xff, 0x70, 0x24, 0x28, 0xff, 0x68, 0x24, 0x28, 0xff,
    0x70, 0x28, 0x20, 0xff, 0x68, 0x24, 0x28, 0xff, 0x68, 0x24, 0x28, 0xff,
    0x70, 0x24, 0x20, 0xff, 0x68, 0x24, 0x28, 0xff, 0x70, 0x24, 0x28, 0xff,
    0x70, 0x24, 0x20, 0xff, 0x68, 0x28, 0x28, 0xff, 0x70, 0x24, 0x28, 0xff,
    0x68, 0x28, 0x20, 0xff, 0x68, 0x24, 0x28, 0xff, 0x70, 0x24, 0x28, 0xff,
    0x68, 0x28, 0x20, 0xff, 0x70, 0x24, 0x20, 0xff, 0x70, 0x24, 0x28, 0xff,
    0x68, 0x24, 0x28, 0xff, 0x70, 0x24, 0x20, 0xff, 0x70, 0x24, 0x28, 0xff,
    0x68, 0x28, 0x28, 0xff, 0x68, 0x28, 0x20, 0xff, 0x70, 0x24, 0x28, 0xff,
    0x68, 0x24, 0x20, 0xff, 0x70, 0x28, 0x28, 0xff, 0x68, 0x24, 0x20, 0xff,
    0x68, 0x24, 0x28, 0xff, 0x68, 0x24, 0x20, 0xff, 0x70, 0x24, 0x28, 0xff,
    0x68, 0x28, 0x28, 0xff, 0x70, 0x24, 0x20, 0xff, 0x70, 0x24, 0x28, 0xff,
    0x68, 0x28, 0x28, 0xff, 0x68, 0x24, 0x28, 0xff, 0x70, 0x24, 0x28, 0xff,
    0x68, 0x28, 0x20, 0xff, 0x68, 0x24, 0x28, 0xff, 0x70, 0x24, 0x20, 0xff,
    0x70, 0x28, 0x28, 0xff, 0x68, 0x24, 0x28, 0xff, 0x70, 0x24, 0x20, 0xff,
    0x68, 0x28, 0x28, 0xff, 0x70, 0x24, 0x20, 0xff, 0x68, 0x24, 0x28, 0xff,
    0x68, 0x28, 0x20, 0xff, 0x70, 0x24, 0x28, 0xff, 0x68, 0x24, 0x20, 0xff,
    0x70, 0x24, 0x28, 0xff, 0x68, 0x24, 0x28, 0xff, 0x70, 0x24, 0x20, 0xff,
    0x70, 0x28, 0x28, 0xff, 0x68, 0x24, 0x28, 0xff, 0x70, 0x24, 0x20, 0xff,
    0x70, 0x24, 0x28, 0xff, 0x68, 0x28, 0x28, 0xff, 0x68, 0x24, 0x20, 0xff,
    0x70, 0x24, 0x28, 0xff, 0x68, 0x28, 0x28, 0xff, 0x68, 0x24, 0x20, 0xff,
    0x70, 0x28, 0x28, 0xff, 0x70, 0x24, 0x28, 0xff, 0x68, 0x24, 0x20, 0xff,
    0x68, 0x24, 0x28, 0xff, 0x70, 0x24, 0x28, 0xff, 0x68, 0x24, 0x20, 0xff,
    0x70, 0x28, 0x28, 0xff, 0x68, 0x24, 0x28, 0xff, 0x70, 0x24, 0x20, 0xff,
    0x68, 0x24, 0x28, 0xff, 0x68, 0x24, 0x28, 0xff, 0x70, 0x24, 0x20, 0xff,
    0x68, 0x24, 0x28, 0xff, 0x70, 0x28, 0x20, 0xff, 0x70, 0x24, 0x20, 0xff,
    0x70, 0x24, 0x28, 0xff, 0x68, 0x24, 0x20, 0xff, 0x70, 0x24, 0x28, 0xff,
    0x68, 0x28, 0x20, 0xff, 0x70, 0x24, 0x28, 0xff, 0x68, 0x24, 0x28, 0xff,
    0x68, 0x24, 0x20, 0xff, 0x70, 0x24, 0x28, 0xff, 0x68, 0x28, 0x28, 0xff,
    0x68, 0x24, 0x20, 0xff, 0x70, 0x24, 0x28, 0xff, 0x70, 0x28, 0x28, 0xff,
    0x68, 0x24, 0x20, 0xff, 0x68, 0x24, 0x28, 0xff, 0x68, 0x28, 0x28, 0xff,
    0x70, 0x24, 0x20, 0xff, 0x70, 0x24, 0x28, 0xff, 0x68, 0x28, 0x20, 0xff,
    0x70, 0x24, 0x28, 0xff, 0x70, 0x24, 0x28, 0xff, 0x68, 0x28, 0x20, 0xff,
    0x68, 0x24, 0x20, 0xff, 0x70, 0x24, 0x28, 0xff, 0x68, 0x24, 0x20, 0xff,
    0x68, 0x24, 0x28, 0xff, 0x70, 0x24, 0x28, 0xff, 0x70, 0x24, 0x20, 0xff,
    0x68, 0x28, 0x28, 0xff, 0x70, 0x24, 0x28, 0xff, 0x68, 0x28, 0x20, 0xff,
    0x68, 0x28, 0x28, 0xff, 0x70, 0x24, 0x28, 0xff, 0x68, 0x28, 0x20, 0xff,
    0x68, 0x24, 0x28, 0xff, 0x70, 0x24, 0x20, 0xff, 0x70, 0x24, 0x28, 0xff,
    0x68, 0x28, 0x28, 0xff, 0x68, 0x24, 0x20, 0xff, 0x70, 0x24, 0x28, 0xff,
    0x70, 0x24, 0x28, 0xff, 0x68, 0x24, 0x20, 0xff, 0x70, 0x24, 0x28, 0xff,
    0x70, 0x24, 0x28, 0xff, 0x68, 0x24, 0x20, 0xff, 0x68, 0x24, 0x20, 0xff,
    0x70, 0x24, 0x28, 0xff, 0x68, 0x28, 0x20, 0xff, 0x70, 0x24, 0x28, 0xff,
    0x68, 0x24, 0x20, 0xff, 0x70, 0x24, 0x28, 0xff, 0x70, 0x24, 0x28, 0xff,
    0x68, 0x24, 0x20, 0xff, 0x68, 0x24, 0x28, 0xff, 0x70, 0x24, 0x20, 0xff,
    0x68, 0x24, 0x28, 0xff, 0x68, 0x24, 0x28, 0xff, 0x70, 0x28, 0x20, 0xff,
    0x70, 0x24, 0x28, 0xff, 0x68, 0x24, 0x28, 0xff, 0x70, 0x24, 0x28, 0xff,
    0x68, 0x24, 0x20, 0xff, 0x68, 0x28, 0x28, 0xff, 0x70, 0x24, 0x28, 0xff,
    0x68, 0x24, 0x20, 0xff, 0x68, 0x28, 0x28, 0xff, 0x70, 0x24, 0x28, 0xff,
    0x68, 0x24, 0x20, 0xff, 0x70, 0x28, 0x28, 0xff, 0x68, 0x24, 0x28, 0xff,
    0x70, 0x24, 0x20, 0xff, 0x70, 0x24, 0x28, 0xff, 0x68, 0x24, 0x20, 0xff,
    0x70, 0x24, 0x28, 0xff, 0x68, 0x24, 0x20, 0xff, 0x70, 0x28, 0x28, 0xff,
    0x70, 0x24, 0x28, 0xff, 0x68, 0x24, 0x20, 0xff, 0x70, 0x28, 0x20, 0xff,
    0x70, 0x24, 0x28, 0xff, 0x68, 0x24, 0x20, 0xff, 0x68, 0x24, 0x28, 0xff,
    0x70, 0x24, 0x28, 0xff, 0x70, 0x28, 0x20, 0xff, 0x68, 0x24, 0x28, 0xff,
    0x70, 0x24, 0x28, 0xff, 0x68, 0x28, 0x20, 0xff, 0x68, 0x24, 0x28, 0xff,
    0x68, 0x24, 0x28, 0xff, 0x70, 0x24, 0x28, 0xff, 0x68, 0x24, 0x20, 0xff,
    0x70, 0x28, 0x28, 0xff, 0x68, 0x24, 0x28, 0xff, 0x70, 0x24, 0x20, 0xff,
    0x70, 0x24, 0x28, 0xff, 0x68, 0x28, 0x28, 0xff, 0x70, 0x24, 0x20, 0xff,
    0x70, 0x24, 0x28, 0xff, 0x68, 0x24, 0x20, 0xff, 0x68, 0x28, 0x28, 0xff,
    0x70, 0x24, 0x28, 0xff, 0x70, 0x24, 0x20, 0xff, 0x68, 0x28, 0x28, 0xff,
    0x70, 0x24, 0x28, 0xff, 0x70, 0x24, 0x20, 0xff, 0x68, 0x24, 0x28, 0xff,
    0x68, 0x24, 0x28, 0xff, 0x70, 0x24, 0x20, 0xff, 0x68, 0x24, 0x28, 0xff,
    0x70, 0x28, 0x28, 0xff, 0x68, 0x24, 0x20, 0xff, 0x70, 0x28, 0x28, 0xff,
    0x70, 0x24, 0x28, 0xff, 0x68, 0x28, 0x20, 0xff, 0x70, 0x24, 0x28, 0xff,
    0x68, 0x24, 0x20, 0xff, 0x70, 0x24, 0x28, 0xff, 0x70, 0x24, 0x20, 0xff,
    0x68, 0x24, 0x28, 0xff, 0x70, 0x24, 0x28, 0xff, 0x70, 0x24, 0x20, 0xff,
    0x68, 0x24, 0x28, 0xff, 0x70, 0x24, 0x28, 0xff, 0x68, 0x28, 0x20, 0xff,
    0x68, 0x24, 0x28, 0xff, 0x70, 0x24, 0x20, 0xff, 0x68, 0x24, 0x28, 0xff,
    0x70, 0x24, 0x28, 0xff, 0x68, 0x24, 0x20, 0xff, 0x68, 0x28, 0x28, 0xff,
    0x70, 0x24, 0x28, 0xff, 0x68, 0x24, 0x20, 0xff, 0x70, 0x24, 0x28, 0xff,
    0x68, 0x24, 0x28, 0xff, 0x70, 0x28, 0x28, 0xff, 0x68, 0x24, 0x28, 0xff,
    0x70, 0x24, 0x20, 0xff, 0x68, 0x24, 0x28, 0xff, 0x70, 0x28, 0x20, 0xff,
    0x68, 0x24, 0x28, 0xff, 0x70, 0x24, 0x28, 0xff, 0x70, 0x28, 0x20, 0xff,
    0x68, 0x24, 0x28, 0xff, 0x70, 0x28, 0x28, 0xff, 0x70, 0x24, 0x20, 0xff,
    0x68, 0x24, 0x28, 0xff, 0x70, 0x24, 0x28, 0xff, 0x68, 0x28, 0x20, 0xff,
    0x70, 0x24, 0x28, 0xff, 0x70, 0x24, 0x20, 0xff, 0x68, 0x28, 0x28, 0xff,
    0x70, 0x24, 0x28, 0xff, 0x70, 0x24, 0x20, 0xff, 0x68, 0x28, 0x28, 0xff,
    0x70, 0x24, 0x28, 0xff, 0x68, 0x24, 0x20, 0xff, 0x70, 0x24, 0x28, 0xff,
    0x68, 0x28, 0x28, 0xff, 0x68, 0x24, 0x20, 0xff, 0x70, 0x24, 0x28, 0xff,
    0x68, 0x28, 0x28, 0xff, 0x70, 0x24, 0x20, 0xff, 0x70, 0x24, 0x28, 0xff,
    0x68, 0x24, 0x28, 0xff, 0x68, 0x24, 0x20, 0xff, 0x70, 0x28, 0x28, 0xff,
    0x68, 0x24, 0x28, 0xff, 0x70, 0x24, 0x28, 0xff, 0x68, 0x28, 0x20, 0xff,
    0x70, 0x24, 0x28, 0xff, 0x68, 0x24, 0x20, 0xff, 0x70, 0x28, 0x28, 0xff,
    0x68, 0x24, 0x20, 0xff, 0x70, 0x24, 0x28, 0xff, 0x70, 0x28, 0x28, 0xff,
    0x70, 0x24, 0x20, 0xff, 0x68, 0x24, 0x28, 0xff, 0x70, 0x24, 0x28, 0xff,
    0x68, 0x28, 0x20, 0xff, 0x90, 0x48, 0x50, 0xff, 0x78, 0x34, 0x30, 0xff,
    0x68, 0x24, 0x28, 0xff, 0x68, 0x24, 0x28, 0xff, 0x70, 0x28, 0x20, 0xff,
    0x68, 0x24, 0x28, 0xff, 0x68, 0x24, 0x28, 0xff, 0x70, 0x28, 0x20, 0xff,
    0x70, 0x24, 0x28, 0xff, 0x68, 0x24, 0x28, 0xff, 0x68, 0x24, 0x20, 0xff,
    0x70, 0x24, 0x28, 0xff, 0x68, 0x24, 0x28, 0xff, 0x70, 0x28, 0x20, 0xff,
    0x70, 0x24, 0x28, 0xff, 0x68, 0x24, 0x28, 0xff, 0x70, 0x28, 0x20, 0xff,
    0x68, 0x24, 0x28, 0xff, 0x70, 0x24, 0x28, 0xff, 0x68, 0x24, 0x20, 0xff,
    0x68, 0x24, 0x28, 0xff, 0x70, 0x24, 0x28, 0xff, 0x68, 0x24, 0x28, 0xff,
    0x70, 0x28, 0x28, 0xff, 0x68, 0x24, 0x20, 0xff, 0x68, 0x28, 0x28, 0xff,
    0x70, 0x28, 0x28, 0xff, 0x68, 0x24, 0x20, 0xff, 0x68, 0x24, 0x28, 0xff,
    0x70, 0x24, 0x28, 0xff, 0x68, 0x24, 0x20, 0xff, 0x70, 0x24, 0x28, 0xff,
    0x70, 0x24, 0x28, 0xff, 0x68, 0x24, 0x20, 0xff, 0x70, 0x24, 0x28, 0xff,
    0x68, 0x28, 0x28, 0xff, 0x70, 0x24, 0x20, 0xff, 0x70, 0x24, 0x28, 0xff,
    0x68, 0x28, 0x20, 0xff, 0x70, 0x24, 0x28, 0xff, 0x70, 0x24, 0x28, 0xff,
    0x68, 0x24, 0x20, 0xff, 0x68, 0x24, 0x20, 0xff, 0x70, 0x24, 0x28, 0xff,
    0x68, 0x28, 0x20, 0xff, 0x70, 0x24, 0x28, 0xff, 0x68, 0x24, 0x28, 0xff,
    0x70, 0x28, 0x20, 0xff, 0x68, 0x24, 0x28, 0xff, 0x68, 0x24, 0x28, 0xff,
    0x68, 0x28, 0x20, 0xff, 0x70, 0x24, 0x28, 0xff, 0x68, 0x24, 0x28, 0xff,
    0x68, 0x24, 0x20, 0xff, 0x70, 0x28, 0x28, 0xff, 0x68, 0x24, 0x20, 0xff,
    0x68, 0x24, 0x28, 0xff, 0x70, 0x24, 0x28, 0xff, 0x68, 0x28, 0x20, 0xff,
    0x68, 0x24, 0x28, 0xff, 0x70, 0x28, 0x28, 0xff, 0x80, 0x40, 0x40, 0xff,
    0x70, 0x28, 0x20, 0xff, 0x68, 0x24, 0x28, 0xff, 0x70, 0x24, 0x20, 0xff,
    0x70, 0x24, 0x20, 0xff, 0x68, 0x28, 0x28, 0xff, 0x70, 0x24, 0x20, 0xff,
    0x70, 0x24, 0x20, 0xff, 0x68, 0x24, 0x28, 0xff, 0x68, 0x28, 0x28, 0xff,
    0x70, 0x24, 0x20, 0xff, 0x68, 0x28, 0x28, 0xff, 0x70, 0x24, 0x28, 0xff,
    0x68, 0x24, 0x20, 0xff, 0x68, 0x24, 0x20, 0xff, 0x70, 0x24, 0x28, 0xff,
    0x68, 0x24, 0x28, 0xff, 0x70, 0x28, 0x28, 0xff, 0x68, 0x24, 0x20, 0xff,
    0x70, 0x24, 0x28, 0xff, 0x68, 0x28, 0x28, 0xff, 0x68, 0x24, 0x20, 0xff,
    0x68, 0x24, 0x28, 0xff, 0x70, 0x24, 0x20, 0xff, 0x68, 0x24, 0x28, 0xff,
    0x70, 0x28, 0x20, 0xff, 0x70, 0x24, 0x28, 0xff, 0x68, 0x24, 0x28, 0xff,
    0x68, 0x24, 0x20, 0xff, 0x68, 0x24, 0x20, 0xff, 0x70, 0x28, 0x28, 0xff,
    0x68, 0x24, 0x28, 0xff, 0x70, 0x24, 0x20, 0xff, 0x70, 0x24, 0x20, 0xff,
    0x68, 0x24, 0x28, 0xff, 0x68, 0x28, 0x28, 0xff, 0x70, 0x24, 0x20, 0xff,
    0x70, 0x24, 0x28, 0xff, 0x68, 0x28, 0x20, 0xff, 0x68, 0x24, 0x28, 0xff,
    0x70, 0x24, 0x20, 0xff, 0x68, 0x24, 0x20, 0xff, 0x68, 0x28, 0x28, 0xff,
    0x70, 0x24, 0x28, 0xff, 0x68, 0x24, 0x20, 0xff, 0x70, 0x28, 0x28, 0xff,
    0x70, 0x24, 0x20, 0xff, 0x68, 0x24, 0x28, 0xff, 0x70, 0x28, 0x20, 0xff,
    0x68, 0x24, 0x20, 0xff, 0x70, 0x24, 0x28, 0xff, 0x68, 0x24, 0x20, 0xff,
    0x70, 0x24, 0x28, 0xff, 0x70, 0x24, 0x28, 0xff, 0x68, 0x24, 0x20, 0xff,
    0x70, 0x24, 0x28, 0xff, 0x68, 0x28, 0x20, 0xff, 0x68, 0x28, 0x28, 0xff,
    0x70, 0x24, 0x20, 0xff, 0x68, 0x28, 0x28, 0xff, 0x68, 0x28, 0x20, 0xff,
    0x70, 0x24, 0x28, 0xff, 0x70, 0x24, 0x28, 0xff, 0x68, 0x24, 0x20, 0xff,
    0x68, 0x28, 0x28, 0xff, 0x70, 0x24, 0x28, 0xff, 0x68, 0x24, 0x20, 0xff,
    0x68, 0x24, 0x28, 0xff, 0x70, 0x28, 0x28, 0xff, 0x68, 0x24, 0x20, 0xff,
    0x68, 0x24, 0x28, 0xff, 0x70, 0x24, 0x20, 0xff, 0x70, 0x24, 0x28, 0xff,
    0x68, 0x24, 0x20, 0xff, 0x68, 0x28, 0x28, 0xff, 0x68, 0x28, 0x28, 0xff,
    0x70, 0x24, 0x20, 0xff, 0x70, 0x24, 0x28, 0xff, 0x68, 0x24, 0x20, 0xff,
    0x70, 0x24, 0x28, 0xff, 0x68, 0x24, 0x20, 0xff, 0x78, 0x30, 0x30, 0xff,
    0x70, 0x24, 0x28, 0xff, 0x68, 0x28, 0x20, 0xff, 0x70, 0x24, 0x28, 0xff,
    0x70, 0x24, 0x28, 0xff, 0x68, 0x24, 0x20, 0xff, 0x70, 0x24, 0x28, 0xff,
    0x68, 0x24, 0x20, 0xff, 0x78, 0x30, 0x28, 0xff, 0x68, 0x24, 0x28, 0xff,
    0x68, 0x24, 0x28, 0xff, 0x70, 0x24, 0x28, 0xff, 0x68, 0x28, 0x20, 0xff,
    0x68, 0x28, 0x28, 0xff, 0x70, 0x24, 0x28, 0xff, 0x70, 0x24, 0x28, 0xff,
    0x68, 0x24, 0x20, 0xff, 0x70, 0x24, 0x28, 0xff, 0x68, 0x24, 0x28, 0xff,
    0x68, 0x24, 0x20, 0xff, 0x70, 0x28, 0x28, 0xff, 0x70, 0x24, 0x28, 0xff,
    0x68, 0x28, 0x20, 0xff, 0x70, 0x24, 0x28, 0xff, 0x70, 0x24, 0x20, 0xff,
    0x68, 0x24, 0x28, 0xff, 0x70, 0x24, 0x28, 0xff, 0x70, 0x24, 0x20, 0xff,
    0x68, 0x28, 0x20, 0xff, 0x70, 0x28, 0x28, 0xff, 0x70, 0x24, 0x28, 0xff,
    0x68, 0x28, 0x20, 0xff, 0x68, 0x28, 0x28, 0xff, 0x68, 0x24, 0x28, 0xff,
    0x70, 0x24, 0x20, 0xff, 0x70, 0x28, 0x28, 0xff, 0x68, 0x24, 0x28, 0xff,
    0x70, 0x24, 0x28, 0xff, 0x70, 0x24, 0x20, 0xff, 0x68, 0x28, 0x28, 0xff,
    0x68, 0x24, 0x28, 0xff, 0x70, 0x24, 0x20, 0xff, 0x70, 0x28, 0x28, 0xff,
    0x68, 0x28, 0x28, 0xff, 0x68, 0x24, 0x20, 0xff, 0x70, 0x24, 0x28, 0xff,
    0x70, 0x28, 0x20, 0xff, 0x68, 0x28, 0x20, 0xff, 0x70, 0x24, 0x28, 0xff,
    0x68, 0x24, 0x28, 0xff, 0x70, 0x24, 0x20, 0xff, 0x68, 0x24, 0x28, 0xff,
    0x68, 0x24, 0x28, 0xff, 0x70, 0x28, 0x20, 0xff, 0x68, 0x24, 0x28, 0xff,
    0x70, 0x24, 0x28, 0xff, 0x68, 0x28, 0x28, 0xff, 0x70, 0x24, 0x20, 0xff,
    0x68, 0x24, 0x28, 0xff, 0x70, 0x28, 0x28, 0xff, 0x68, 0x24, 0x20, 0xff,
    0x68, 0x24, 0x28, 0xff, 0x70, 0x28, 0x20, 0xff, 0x70, 0x28, 0x20, 0xff,
    0x70, 0x24, 0x28, 0xff, 0x68, 0x24, 0x28, 0xff, 0x70, 0x24, 0x28, 0xff,
    0x70, 0x24, 0x20, 0xff, 0x68, 0x28, 0x28, 0xff, 0x68, 0x28, 0x28, 0xff,
    0x70, 0x24, 0x20, 0xff, 0x68, 0x24, 0x28, 0xff, 0x70, 0x24, 0x28, 0xff,
    0x70, 0x24, 0x20, 0xff, 0x68, 0x24, 0x28, 0xff, 0x70, 0x28, 0x20, 0xff,
    0x68, 0x24, 0x28, 0xff, 0x70, 0x24, 0x28, 0xff, 0x68, 0x24, 0x28, 0xff,
    0x70, 0x24, 0x28, 0xff, 0x68, 0x28, 0x20, 0xff, 0x70, 0x24, 0x28, 0xff,
    0x68, 0x28, 0x28, 0xff, 0x68, 0x24, 0x20, 0xff, 0x70, 0x24, 0x28, 0xff,
    0x70, 0x28, 0x28, 0xff, 0x68, 0x24, 0x20, 0xff, 0x70, 0x28, 0x28, 0xff,
    0x70, 0x28, 0x28, 0xff, 0x68, 0x28, 0x20, 0xff, 0x68, 0x24, 0x20, 0xff,
    0x70, 0x24, 0x28, 0xff, 0x68, 0x28, 0x20, 0xff, 0x68, 0x24, 0x28, 0xff,
    0x70, 0x24, 0x28, 0xff, 0x68, 0x24, 0x20, 0xff, 0x70, 0x28, 0x28, 0xff,
    0x68, 0x24, 0x28, 0xff, 0x70, 0x24, 0x20, 0xff, 0x70, 0x24, 0x28, 0xff,
    0x68, 0x28, 0x28, 0xff, 0x70, 0x28, 0x20, 0xff, 0x68, 0x24, 0x20, 0xff,
    0x68, 0x24, 0x28, 0xff, 0x70, 0x28, 0x28, 0xff, 0x68, 0x24, 0x20, 0xff,
    0x70, 0x24, 0x28, 0xff, 0x70, 0x28, 0x20, 0xff, 0x68, 0x24, 0x28, 0xff,
    0x70, 0x24, 0x20, 0xff, 0x68, 0x24, 0x28, 0xff, 0x70, 0x28, 0x28, 0xff,
    0x68, 0x24, 0x20, 0xff, 0x68, 0x24, 0x28, 0xff, 0x68, 0x28, 0x20, 0xff,
    0x70, 0x24, 0x28, 0xff, 0x68, 0x24, 0x28, 0xff, 0x70, 0x28, 0x20, 0xff,
    0x68, 0x24, 0x28, 0xff, 0x70, 0x24, 0x28, 0xff, 0x68, 0x28, 0x20, 0xff,
    0x68, 0x28, 0x28, 0xff, 0x70, 0x24, 0x28, 0xff, 0x68, 0x24, 0x20, 0xff,
    0x68, 0x24, 0x20, 0xff, 0x70, 0x28, 0x28, 0xff, 0x68, 0x24, 0x28, 0xff,
    0x70, 0x24, 0x20, 0xff, 0x68, 0x24, 0x28, 0xff, 0x68, 0x28, 0x28, 0xff,
    0x70, 0x24, 0x20, 0xff, 0x68, 0x24, 0x28, 0xff, 0x68, 0x28, 0x20, 0xff,
    0x68, 0x28, 0x28, 0xff, 0x68, 0x24, 0x28, 0xff, 0x70, 0x28, 0x20, 0xff,
    0x70, 0x28, 0x28, 0xff, 0x68, 0x24, 0x28, 0xff, 0x70, 0x24, 0x28, 0xff,
    0x70, 0x28, 0x20, 0xff, 0x68, 0x24, 0x28, 0xff, 0x70, 0x24, 0x28, 0xff,
    0x68, 0x24, 0x20, 0xff, 0x68, 0x24, 0x28, 0xff, 0x70, 0x24, 0x28, 0xff,
    0x70, 0x24, 0x20, 0xff, 0x68, 0x24, 0x28, 0xff, 0x70, 0x28, 0x28, 0xff,
    0x68, 0x24, 0x20, 0xff, 0x70, 0x24, 0x28, 0xff, 0x68, 0x24, 0x28, 0xff,
    0x68, 0x28, 0x20, 0xff, 0x70, 0x28, 0x28, 0xff, 0x68, 0x24, 0x28, 0xff,
    0x68, 0x24, 0x20, 0xff, 0x70, 0x24, 0x28, 0xff, 0x68, 0x24, 0x20, 0xff,
    0x68, 0x28, 0x28, 0xff, 0x68, 0x24, 0x20, 0xff, 0x70, 0x24, 0x28, 0xff,
    0x68, 0x28, 0x28, 0xff, 0x68, 0x24, 0x20, 0xff, 0x70, 0x24, 0x28, 0xff,
    0x68, 0x28, 0x28, 0xff, 0x70, 0x24, 0x20, 0xff, 0x70, 0x24, 0x28, 0xff,
    0x68, 0x24, 0x28, 0xff, 0x70, 0x24, 0x20, 0xff, 0x68, 0x24, 0x28, 0xff,
    0x68, 0x24, 0x28, 0xff, 0x70, 0x24, 0x20, 0xff, 0x68, 0x28, 0x28, 0xff,
    0x68, 0x28, 0x20, 0xff, 0x70, 0x24, 0x28, 0xff, 0x68, 0x24, 0x28, 0xff,
    0x68, 0x24, 0x20, 0xff, 0x70, 0x24, 0x28, 0xff, 0x68, 0x24, 0x28, 0xff,
    0x68, 0x28, 0x20, 0xff, 0x70, 0x24, 0x28, 0xff, 0x70, 0x24, 0x28, 0xff,
    0x68, 0x24, 0x20, 0xff, 0x70, 0x28, 0x28, 0xff, 0x68, 0x24, 0x28, 0xff,
    0x70, 0x24, 0x20, 0xff, 0x68, 0x28, 0x28, 0xff, 0x68, 0x24, 0x28, 0xff,
    0x70, 0x24, 0x20, 0xff, 0x68, 0x24, 0x28, 0xff, 0x70, 0x24, 0x28, 0xff,
    0x70, 0x28, 0x20, 0xff, 0x68, 0x24, 0x20, 0xff, 0x70, 0x24, 0x28, 0xff,
    0x68, 0x28, 0x28, 0xff, 0x68, 0x24, 0x20, 0xff, 0x70, 0x24, 0x28, 0xff,
    0x68, 0x28, 0x28, 0xff, 0x70, 0x24, 0x20, 0xff, 0x68, 0x24, 0x28, 0xff,
    0x70, 0x24, 0x28, 0xff, 0x68, 0x24, 0x20, 0xff, 0x70, 0x28, 0x28, 0xff,
    0x70, 0x24, 0x28, 0xff, 0x68, 0x24, 0x20, 0xff, 0x68, 0x28, 0x28, 0xff,
    0x70, 0x24, 0x28, 0xff, 0x68, 0x28, 0x20, 0xff, 0x68, 0x28, 0x20, 0xff,
    0x70, 0x24, 0x28, 0xff, 0x68, 0x24, 0x20, 0xff, 0x68, 0x28, 0x28, 0xff,
    0x70, 0x24, 0x28, 0xff, 0x68, 0x24, 0x20, 0xff, 0x70, 0x24, 0x28, 0xff,
    0x68, 0x24, 0x28, 0xff, 0x70, 0x28, 0x20, 0xff, 0x68, 0x24, 0x28, 0xff,
    0x70, 0x24, 0x20, 0xff, 0x70, 0x24, 0x28, 0xff, 0x68, 0x24, 0x28, 0xff,
    0x70, 0x24, 0x20, 0xff, 0x68, 0x28, 0x28, 0xff, 0x68, 0x24, 0x28, 0xff,
    0x70, 0x24, 0x20, 0xff, 0x68, 0x24, 0x28, 0xff, 0x68, 0x28, 0x20, 0xff,
    0x70, 0x24, 0x28, 0xff, 0x68, 0x24, 0x20, 0xff, 0x68, 0x28, 0x28, 0xff,
    0x70, 0x24, 0x20, 0xff, 0x70, 0x28, 0x28, 0xff, 0x68, 0x24, 0x20, 0xff,
    0x70, 0x28, 0x28, 0xff, 0x68, 0x24, 0x20, 0xff, 0x68, 0x24, 0x28, 0xff,
    0x70, 0x28, 0x28, 0xff, 0x68, 0x24, 0x20, 0xff, 0x70, 0x24, 0x28, 0xff,
    0x70, 0x24, 0x28, 0xff, 0x68, 0x24, 0x20, 0xff, 0x68, 0x24, 0x20, 0xff,
    0x70, 0x28, 0x28, 0xff, 0x68, 0x24, 0x20, 0xff, 0x70, 0x24, 0x28, 0xff,
    0x70, 0x28, 0x28, 0xff, 0x68, 0x24, 0x28, 0xff, 0x68, 0x28, 0x20, 0xff,
    0x68, 0x28, 0x28, 0xff, 0x70, 0x24, 0x20, 0xff, 0x70, 0x24, 0x28, 0xff,
    0x68, 0x28, 0x20, 0xff, 0x68, 0x24, 0x28, 0xff, 0x70, 0x24, 0x28, 0xff,
    0x68, 0x24, 0x20, 0xff, 0x68, 0x24, 0x20, 0xff, 0x70, 0x24, 0x28, 0xff,
    0x70, 0x24, 0x28, 0xff, 0x68, 0x28, 0x20, 0xff, 0x70, 0x24, 0x28, 0xff,
    0x70, 0x24, 0x28, 0xff, 0x68, 0x24, 0x20, 0xff, 0x70, 0x24, 0x28, 0xff,
    0x68, 0x24, 0x20, 0xff, 0x70, 0x24, 0x28, 0xff, 0x68, 0x24, 0x20, 0xff,
    0x70, 0x24, 0x28, 0xff, 0x68, 0x24, 0x28, 0xff, 0x70, 0x24, 0x20, 0xff,
    0x68, 0x24, 0x28, 0xff, 0x68, 0x24, 0x28, 0xff, 0x70, 0x24, 0x20, 0xff,
    0x70, 0x24, 0x28, 0xff, 0x68, 0x28, 0x20, 0xff, 0x70, 0x24, 0x28, 0xff,
    0x68, 0x24, 0x20, 0xff, 0x70, 0x28, 0x28, 0xff, 0x68, 0x24, 0x20, 0xff,
    0x68, 0x24, 0x28, 0xff, 0x70, 0x24, 0x28, 0xff, 0x68, 0x24, 0x28, 0xff,
    0x70, 0x24, 0x28, 0xff, 0x70, 0x24, 0x20, 0xff, 0x68, 0x24, 0x28, 0xff,
    0x70, 0x24, 0x28, 0xff, 0x68, 0x24, 0x20, 0xff, 0x70, 0x24, 0x28, 0xff,
    0x68, 0x28, 0x28, 0xff, 0x70, 0x24, 0x20, 0xff, 0x68, 0x24, 0x28, 0xff,
    0x68, 0x28, 0x20, 0xff, 0x70, 0x24, 0x28, 0xff, 0x78, 0x38, 0x38, 0xff,
    0x70, 0x24, 0x20, 0xff, 0x70, 0x24, 0x28, 0xff, 0x68, 0x24, 0x28, 0xff,
    0x70, 0x24, 0x20, 0xff, 0x70, 0x24, 0x28, 0xff, 0x68, 0x24, 0x28, 0xff,
    0x70, 0x24, 0x20, 0xff, 0x70, 0x24, 0x28, 0xff, 0x68, 0x24, 0x28, 0xff,
    0x70, 0x28, 0x20, 0xff, 0x70, 0x24, 0x28, 0xff, 0x68, 0x24, 0x28, 0xff,
    0x70, 0x24, 0x20, 0xff, 0x68, 0x28, 0x28, 0xff, 0x70, 0x24, 0x28, 0xff,
    0x68, 0x24, 0x20, 0xff, 0x70, 0x28, 0x28, 0xff, 0x70, 0x24, 0x28, 0xff,
    0x70, 0x24, 0x20, 0xff, 0x68, 0x24, 0x28, 0xff, 0x70, 0x24, 0x28, 0xff,
    0x70, 0x24, 0x20, 0xff, 0x68, 0x24, 0x28, 0xff, 0x70, 0x24, 0x28, 0xff,
    0x68, 0x24, 0x20, 0xff, 0x68, 0x24, 0x28, 0xff, 0x70, 0x24, 0x28, 0xff,
    0x68, 0x24, 0x20, 0xff, 0x70, 0x28, 0x28, 0xff, 0x70, 0x24, 0x28, 0xff,
    0x68, 0x24, 0x20, 0xff, 0x70, 0x28, 0x28, 0xff, 0x68, 0x24, 0x20, 0xff,
    0x68, 0x24, 0x28, 0xff, 0x70, 0x28, 0x20, 0xff, 0x68, 0x24, 0x28, 0xff,
    0x70, 0x24, 0x28, 0xff, 0x90, 0x44, 0x48, 0xff, 0x68, 0x24, 0x28, 0xff,
    0x68, 0x24, 0x20, 0xff, 0x70, 0x24, 0x28, 0xff, 0x68, 0x24, 0x20, 0xff,
    0x70, 0x24, 0x28, 0xff, 0x70, 0x24, 0x28, 0xff, 0x68, 0x24, 0x20, 0xff,
    0x70, 0x24, 0x28, 0xff, 0x70, 0x24, 0x28, 0xff, 0x68, 0x24, 0x20, 0xff,
    0x70, 0x28, 0x28, 0xff, 0x70, 0x24, 0x28, 0xff, 0x68, 0x28, 0x20, 0xff,
    0x70, 0x24, 0x28, 0xff, 0x68, 0x24, 0x28, 0xff, 0x68, 0x24, 0x28, 0xff,
    0x70, 0x24, 0x20, 0xff, 0x68, 0x28, 0x28, 0xff, 0x68, 0x24, 0x28, 0xff,
    0x70, 0x24, 0x20, 0xff, 0x68, 0x24, 0x28, 0xff, 0x70, 0x28, 0x28, 0xff,
    0x68, 0x28, 0x20, 0xff, 0x70, 0x24, 0x28, 0xff, 0x68, 0x28, 0x20, 0xff,
    0x70, 0x24, 0x28, 0xff, 0x70, 0x24, 0x20, 0xff, 0x68, 0x28, 0x28, 0xff,
    0x68, 0x24, 0x28, 0xff, 0x70, 0x24, 0x20, 0xff, 0x68, 0x28, 0x28, 0xff,
    0x68, 0x24, 0x28, 0xff, 0x70, 0x24, 0x20, 0xff, 0x70, 0x24, 0x28, 0xff,
    0x68, 0x24, 0x28, 0xff, 0x70, 0x28, 0x20, 0xff, 0x70, 0x24, 0x20, 0xff,
    0x68, 0x28, 0x28, 0xff, 0x68, 0x24, 0x20, 0xff, 0x70, 0x28, 0x28, 0xff,
    0x68, 0x24, 0x28, 0xff, 0x70, 0x28, 0x20, 0xff, 0x70, 0x24, 0x28, 0xff,
    0x68, 0x24, 0x20, 0xff, 0x68, 0x28, 0x28, 0xff, 0x70, 0x24, 0x28, 0xff,
    0x70, 0x24, 0x20, 0xff, 0x68, 0x28, 0x28, 0xff, 0x70, 0x24, 0x28, 0xff,
    0x68, 0x24, 0x20, 0xff, 0x68, 0x28, 0x28, 0xff, 0x70, 0x24, 0x28, 0xff,
    0x68, 0x24, 0x20, 0xff, 0x68, 0x28, 0x28, 0xff, 0x70, 0x24, 0x28, 0xff,
    0x68, 0x24, 0x28, 0xff, 0x68, 0x24, 0x20, 0xff, 0x70, 0x28, 0x28, 0xff,
    0x68, 0x24, 0x28, 0xff, 0x68, 0x24, 0x20, 0xff, 0x70, 0x24, 0x28, 0xff,
    0x68, 0x28, 0x28, 0xff, 0x68, 0x24, 0x20, 0xff, 0x70, 0x24, 0x28, 0xff,
    0x70, 0x24, 0x28, 0xff, 0x68, 0x28, 0x20, 0xff, 0x68, 0x24, 0x28, 0xff,
    0x68, 0x24, 0x20, 0xff, 0x70, 0x24, 0x28, 0xff, 0x68, 0x24, 0x20, 0xff,
    0x68, 0x28, 0x28, 0xff, 0x70, 0x24, 0x28, 0xff, 0x68, 0x24, 0x20, 0xff,
    0x70, 0x28, 0x28, 0xff, 0x70, 0x24, 0x28, 0xff, 0x70, 0x24, 0x20, 0xff,
    0x68, 0x28, 0x28, 0xff, 0x70, 0x24, 0x28, 0xff, 0x68, 0x24, 0x20, 0xff,
    0x68, 0x24, 0x28, 0xff, 0x70, 0x24, 0x28, 0xff, 0x70, 0x24, 0x20, 0xff,
    0x68, 0x24, 0x28, 0xff, 0x70, 0x24, 0x28, 0xff, 0x70, 0x24, 0x20, 0xff,
    0x68, 0x28, 0x28, 0xff, 0x68, 0x24, 0x20, 0xff, 0x68, 0x24, 0x20, 0xff,
    0x70, 0x28, 0x28, 0xff, 0x68, 0x24, 0x28, 0xff, 0x70, 0x24, 0x28, 0xff,
    0x68, 0x28, 0x20, 0xff, 0x68, 0x24, 0x28, 0xff, 0x70, 0x24, 0x20, 0xff,
    0x70, 0x24, 0x28, 0xff, 0x68, 0x24, 0x28, 0xff, 0x68, 0x28, 0x20, 0xff,
    0x68, 0x24, 0x28, 0xff, 0x70, 0x24, 0x28, 0xff, 0x68, 0x24, 0x20, 0xff,
    0x68, 0x24, 0x28, 0xff, 0x70, 0x28, 0x28, 0xff, 0x70, 0x24, 0x20, 0xff,
    0x68, 0x24, 0x28, 0xff, 0x68, 0x24, 0x28, 0xff, 0x70, 0x24, 0x20, 0xff,
    0x70, 0x24, 0x28, 0xff, 0x68, 0x28, 0x20, 0xff, 0x70, 0x24, 0x28, 0xff,
    0x70, 0x24, 0x28, 0xff, 0x68, 0x24, 0x20, 0xff, 0x70, 0x24, 0x28, 0xff,
    0x68, 0x24, 0x28, 0xff, 0x70, 0x24, 0x28, 0xff, 0x68, 0x28, 0x20, 0xff,
    0x70, 0x24, 0x28, 0xff, 0x70, 0x24, 0x28, 0xff, 0x68, 0x28, 0x20, 0xff,
    0x70, 0x24, 0x28, 0xff, 0x70, 0x24, 0x28, 0xff, 0x68, 0x24, 0x20, 0xff,
    0x68, 0x28, 0x28, 0xff, 0x70, 0x24, 0x28, 0xff, 0x68, 0x24, 0x28, 0xff,
    0x68, 0x24, 0x28, 0xff, 0x70, 0x28, 0x28, 0xff, 0x68, 0x24, 0x20, 0xff,
    0x70, 0x24, 0x28, 0xff, 0x68, 0x24, 0x20, 0xff, 0x68, 0x24, 0x28, 0xff,
    0x70, 0x28, 0x28, 0xff, 0x68, 0x24, 0x20, 0xff, 0x70, 0x24, 0x28, 0xff,
    0x68, 0x24, 0x20, 0xff, 0x70, 0x24, 0x28, 0xff, 0x68, 0x24, 0x28, 0xff,
    0x70, 0x24, 0x20, 0xff, 0x70, 0x24, 0x28, 0xff, 0x68, 0x24, 0x20, 0xff,
    0x70, 0x24, 0x28, 0xff, 0x68, 0x24, 0x28, 0xff, 0x70, 0x28, 0x20, 0xff,
    0x70, 0x24, 0x20, 0xff, 0x68, 0x24, 0x28, 0xff, 0x70, 0x28, 0x20, 0xff,
    0x70, 0x24, 0x28, 0xff, 0x68, 0x24, 0x28, 0xff, 0x70, 0x28, 0x20, 0xff,
    0x68, 0x24, 0x20, 0xff, 0x70, 0x24, 0x28, 0xff, 0x68, 0x24, 0x20, 0xff,
    0x70, 0x28, 0x28, 0xff, 0x68, 0x24, 0x28, 0xff, 0x70, 0x24, 0x20, 0xff,
    0x70, 0x24, 0x28, 0xff, 0x68, 0x28, 0x28, 0xff, 0x70, 0x24, 0x20, 0xff,
    0x68, 0x24, 0x28, 0xff, 0x70, 0x28, 0x28, 0xff, 0x70, 0x24, 0x20, 0xff,
    0x68, 0x24, 0x28, 0xff, 0x68, 0x28, 0x20, 0xff, 0x68, 0x24, 0x28, 0xff,
    0x70, 0x24, 0x28, 0xff, 0x68, 0x28, 0x20, 0xff, 0x70, 0x24, 0x28, 0xff,
    0x70, 0x24, 0x28, 0xff, 0x68, 0x28, 0x20, 0xff, 0x68, 0x24, 0x28, 0xff,
    0x70, 0x28, 0x28, 0xff, 0x68, 0x24, 0x20, 0xff, 0x68, 0x28, 0x28, 0xff,
    0x70, 0x24, 0x28, 0xff, 0x70, 0x24, 0x20, 0xff, 0x68, 0x24, 0x28, 0xff,
    0x70, 0x28, 0x28, 0xff, 0x70, 0x24, 0x28, 0xff, 0x68, 0x28, 0x20, 0xff,
    0x70, 0x28, 0x20, 0xff, 0x70, 0x24, 0x28, 0xff, 0x68, 0x24, 0x28, 0xff,
    0x70, 0x28, 0x20, 0xff, 0x68, 0x24, 0x28, 0xff, 0x68, 0x28, 0x28, 0xff,
    0x70, 0x24, 0x20, 0xff, 0x70, 0x24, 0x28, 0xff, 0x68, 0x28, 0x20, 0xff,
    0x70, 0x24, 0x28, 0xff, 0x70, 0x24, 0x20, 0xff, 0x68, 0x24, 0x28, 0xff,
    0x68, 0x24, 0x28, 0xff, 0x70, 0x24, 0x20, 0xff, 0x68, 0x24, 0x28, 0xff,
    0x68, 0x24, 0x28, 0xff, 0x68, 0x28, 0x28, 0xff, 0x68, 0x28, 0x20, 0xff,
    0x70, 0x24, 0x28, 0xff, 0x68, 0x24, 0x28, 0xff, 0x68, 0x28, 0x20, 0xff,
    0x70, 0x24, 0x28, 0xff, 0x68, 0x24, 0x20, 0xff, 0x70, 0x28, 0x20, 0xff,
    0x68, 0x24, 0x28, 0xff, 0x68, 0x24, 0x28, 0xff, 0x70, 0x24, 0x20, 0xff,
    0x68, 0x24, 0x28, 0xff, 0x68, 0x24, 0x20, 0xff, 0x70, 0x28, 0x28, 0xff,
    0x70, 0x24, 0x20, 0xff, 0x68, 0x24, 0x28, 0xff, 0x70, 0x28, 0x20, 0xff,
    0x70, 0x24, 0x20, 0xff, 0x68, 0x24, 0x20, 0xff, 0x70, 0x28, 0x20, 0xff,
    0x68, 0x28, 0x28, 0xff, 0x70, 0x24, 0x28, 0xff, 0x70, 0x24, 0x20, 0xff,
    0x68, 0x24, 0x28, 0xff, 0x70, 0x24, 0x20, 0xff, 0x68, 0x24, 0x28, 0xff,
    0x70, 0x28, 0x28, 0xff, 0x68, 0x24, 0x20, 0xff, 0x70, 0x28, 0x28, 0xff,
    0x68, 0x24, 0x20, 0xff, 0x68, 0x28, 0x28, 0xff, 0x70, 0x24, 0x28, 0xff,
    0x68, 0x24, 0x20, 0xff, 0x70, 0x28, 0x28, 0xff, 0x68, 0x24, 0x20, 0xff,
    0x68, 0x24, 0x28, 0xff, 0x70, 0x24, 0x28, 0xff, 0x68, 0x24, 0x28, 0xff,
    0x68, 0x24, 0x20, 0xff, 0x70, 0x24, 0x28, 0xff, 0x68, 0x24, 0x28, 0xff,
    0x70, 0x24, 0x20, 0xff, 0x68, 0x24, 0x28, 0xff, 0x70, 0x28, 0x28, 0xff,
    0x68, 0x24, 0x28, 0xff, 0x70, 0x24, 0x20, 0xff, 0x68, 0x28, 0x28, 0xff,
    0x70, 0x2c, 0x28, 0xff, 0x68, 0x28, 0x20, 0xff, 0x70, 0x24, 0x28, 0xff,
    0x68, 0x24, 0x28, 0xff, 0x70, 0x24, 0x20, 0xff, 0x68, 0x28, 0x28, 0xff,
    0x68, 0x28, 0x20, 0xff, 0x70, 0x24, 0x20, 0xff, 0x70, 0x24, 0x28, 0xff,
    0x68, 0x24, 0x28, 0xff, 0x70, 0x24, 0x20, 0xff, 0x68, 0x24, 0x28, 0xff,
    0x68, 0x24, 0x20, 0xff, 0x70, 0x24, 0x28, 0xff, 0x68, 0x24, 0x20, 0xff,
    0x70, 0x24, 0x28, 0xff, 0x70, 0x28, 0x20, 0xff, 0x68, 0x24, 0x28, 0xff,
    0x70, 0x24, 0x20, 0xff, 0x68, 0x24, 0x28, 0xff, 0x68, 0x28, 0x28, 0xff,
    0x70, 0x24, 0x20, 0xff, 0x68, 0x24, 0x28, 0xff, 0x70, 0x24, 0x28, 0xff,
    0x70, 0x24, 0x20, 0xff, 0x68, 0x24, 0x28, 0xff, 0x68, 0x24, 0x28, 0xff,
    0x70, 0x24, 0x20, 0xff, 0x70, 0x24, 0x28, 0xff, 0x68, 0x24, 0x28, 0xff,
    0x70, 0x24, 0x20, 0xff, 0x68, 0x24, 0x28, 0xff, 0x70, 0x24, 0x28, 0xff,
    0x70, 0x24, 0x20, 0xff, 0x68, 0x24, 0x28, 0xff, 0x68, 0x28, 0x28, 0xff,
    0x70, 0x24, 0x20, 0xff, 0x70, 0x28, 0x28, 0xff, 0x68, 0x24, 0x20, 0xff,
    0x70, 0x28, 0x28, 0xff, 0x70, 0x24, 0x28, 0xff, 0x70, 0x24, 0x20, 0xff,
    0x68, 0x28, 0x28, 0xff, 0x68, 0x24, 0x28, 0xff, 0x70, 0x24, 0x20, 0xff,
    0x68, 0x24, 0x28, 0xff, 0x70, 0x24, 0x28, 0xff, 0x70, 0x28, 0x28, 0xff,
    0x68, 0x24, 0x28, 0xff, 0x70, 0x28, 0x20, 0xff, 0x70, 0x24, 0x28, 0xff,
    0x68, 0x24, 0x28, 0xff, 0x70, 0x28, 0x20, 0xff, 0x70, 0x24, 0x28, 0xff,
    0x68, 0x24, 0x28, 0xff, 0x68, 0x24, 0x20, 0xff, 0x70, 0x24, 0x28, 0xff,
    0x68, 0x24, 0x28, 0xff, 0x68, 0x24, 0x28, 0xff, 0x70, 0x24, 0x28, 0xff,
    0x70, 0x24, 0x28, 0xff, 0x68, 0x28, 0x20, 0xff, 0x70, 0x24, 0x20, 0xff,
    0x68, 0x24, 0x28, 0xff, 0x68, 0x28, 0x28, 0xff, 0x70, 0x28, 0x20, 0xff,
    0x70, 0x24, 0x28, 0xff, 0x68, 0x24, 0x28, 0xff, 0x68, 0x24, 0x20, 0xff,
    0x70, 0x24, 0x28, 0xff, 0x70, 0x24, 0x28, 0xff, 0x68, 0x28, 0x20, 0xff,
    0x70, 0x24, 0x28, 0xff, 0x68, 0x24, 0x28, 0xff, 0x68, 0x28, 0x20, 0xff,
    0x70, 0x24, 0x28, 0xff, 0x70, 0x24, 0x28, 0xff, 0x68, 0x28, 0x20, 0xff,
    0x70, 0x24, 0x28, 0xff, 0x70, 0x28, 0x28, 0xff, 0x68, 0x24, 0x20, 0xff,
    0x70, 0x28, 0x28, 0xff, 0x68, 0x24, 0x20, 0xff, 0x68, 0x24, 0x28, 0xff,
    0x70, 0x24, 0x28, 0xff, 0x70, 0x24, 0x20, 0xff, 0x68, 0x28, 0x28, 0xff,
    0x70, 0x24, 0x28, 0xff, 0x68, 0x28, 0x20, 0xff, 0x70, 0x2c, 0x30, 0xff,
    0x70, 0x28, 0x20, 0xff, 0x68, 0x24, 0x28, 0xff, 0x70, 0x24, 0x20, 0xff,
    0x68, 0x24, 0x28, 0xff, 0x70, 0x24, 0x28, 0xff, 0x68, 0x28, 0x20, 0xff,
    0x68, 0x28, 0x28, 0xff, 0x70, 0x24, 0x28, 0xff, 0x70, 0x24, 0x20, 0xff,
    0x68, 0x28, 0x28, 0xff, 0x70, 0x28, 0x28, 0xff, 0x70, 0x24, 0x28, 0xff,
    0x68, 0x28, 0x20, 0xff, 0x68, 0x24, 0x28, 0xff, 0x70, 0x24, 0x28, 0xff,
    0x68, 0x24, 0x20, 0xff, 0x70, 0x24, 0x28, 0xff, 0x70, 0x24, 0x28, 0xff,
    0x68, 0x24, 0x20, 0xff, 0x70, 0x28, 0x28, 0xff, 0x68, 0x24, 0x20, 0xff,
    0x68, 0x24, 0x28, 0xff, 0x70, 0x28, 0x20, 0xff, 0x68, 0x24, 0x28, 0xff,
    0x68, 0x24, 0x28, 0xff, 0x70, 0x28, 0x20, 0xff, 0x68, 0x24, 0x28, 0xff,
    0x68, 0x28, 0x20, 0xff, 0x70, 0x24, 0x28, 0xff, 0x70, 0x24, 0x20, 0xff,
    0x68, 0x28, 0x28, 0xff, 0x68, 0x28, 0x28, 0xff, 0x70, 0x24, 0x20, 0xff,
    0x68, 0x24, 0x28, 0xff, 0x68, 0x24, 0x28, 0xff, 0x70, 0x24, 0x20, 0xff,
    0x68, 0x24, 0x28, 0xff, 0x68, 0x28, 0x28, 0xff, 0x70, 0x24, 0x20, 0xff,
    0x68, 0x24, 0x20, 0xff, 0x70, 0x24, 0x28, 0xff, 0x68, 0x24, 0x20, 0xff,
    0x68, 0x28, 0x28, 0xff, 0x70, 0x28, 0x28, 0xff, 0x70, 0x24, 0x20, 0xff,
    0x68, 0x24, 0x20, 0xff, 0x68, 0x24, 0x28, 0xff, 0x70, 0x24, 0x28, 0xff,
    0x68, 0x28, 0x20, 0xff, 0x68, 0x24, 0x28, 0xff, 0x70, 0x24, 0x20, 0xff,
    0x68, 0x28, 0x28, 0xff, 0x70, 0x24, 0x28, 0xff, 0x70, 0x28, 0x20, 0xff,
    0x68, 0x24, 0x28, 0xff, 0x70, 0x28, 0x28, 0xff, 0x70, 0x24, 0x20, 0xff,
    0x68, 0x28, 0x28, 0xff, 0x68, 0x24, 0x28, 0xff, 0x70, 0x24, 0x28, 0xff,
    0x68, 0x28, 0x20, 0xff, 0x70, 0x28, 0x28, 0xff, 0x70, 0x24, 0x28, 0xff,
    0x68, 0x24, 0x20, 0xff, 0x68, 0x24, 0x28, 0xff, 0x70, 0x24, 0x28, 0xff,
    0x70, 0x28, 0x20, 0xff, 0x68, 0x24, 0x28, 0xff, 0x70, 0x24, 0x28, 0xff,
    0x68, 0x24, 0x20, 0xff, 0x70, 0x24, 0x28, 0xff, 0x70, 0x24, 0x28, 0xff,
    0x68, 0x24, 0x20, 0xff, 0x70, 0x24, 0x28, 0xff, 0x68, 0x24, 0x28, 0xff,
    0x70, 0x28, 0x20, 0xff, 0x68, 0x24, 0x20, 0xff, 0x68, 0x24, 0x28, 0xff,
    0x70, 0x24, 0x20, 0xff, 0x70, 0x28, 0x28, 0xff, 0x68, 0x24, 0x28, 0xff,
    0x70, 0x28, 0x20, 0xff, 0x68, 0x24, 0x28, 0xff, 0x70, 0x28, 0x20, 0xff,
    0x68, 0x24, 0x20, 0xff, 0x68, 0x24, 0x28, 0xff, 0x70, 0x24, 0x28, 0xff,
    0x68, 0x28, 0x20, 0xff, 0x68, 0x24, 0x28, 0xff, 0x68, 0x28, 0x28, 0xff,
    0x70, 0x24, 0x20, 0xff, 0x68, 0x24, 0x28, 0xff, 0x70, 0x28, 0x28, 0xff,
    0x70, 0x24, 0x20, 0xff, 0x70, 0x24, 0x20, 0xff, 0x68, 0x28, 0x28, 0xff,
    0x68, 0x24, 0x28, 0xff, 0x70, 0x24, 0x20, 0xff, 0x68, 0x24, 0x28, 0xff,
    0x68, 0x24, 0x20, 0xff, 0x70, 0x24, 0x28, 0xff, 0x68, 0x24, 0x28, 0xff,
    0x70, 0x28, 0x20, 0xff, 0x68, 0x24, 0x28, 0xff, 0x68, 0x24, 0x28, 0xff,
    0x70, 0x28, 0x20, 0xff, 0x68, 0x24, 0x28, 0xff, 0x70, 0x24, 0x28, 0xff,
    0x70, 0x24, 0x20, 0xff, 0x68, 0x24, 0x28, 0xff, 0x70, 0x28, 0x28, 0xff,
    0x70, 0x24, 0x20, 0xff, 0x68, 0x24, 0x28, 0xff, 0x70, 0x28, 0x28, 0xff,
    0x70, 0x24, 0x20, 0xff, 0x68, 0x24, 0x28, 0xff, 0x68, 0x24, 0x28, 0xff,
    0x70, 0x28, 0x20, 0xff, 0x68, 0x24, 0x28, 0xff, 0x70, 0x24, 0x20, 0xff,
    0x68, 0x24, 0x28, 0xff, 0x70, 0x28, 0x20, 0xff, 0x70, 0x24, 0x28, 0xff,
    0x68, 0x24, 0x28, 0xff, 0x70, 0x28, 0x20, 0xff, 0x70, 0x24, 0x28, 0xff,
    0x68, 0x24, 0x28, 0xff, 0x70, 0x24, 0x20, 0xff, 0x68, 0x24, 0x28, 0xff,
    0x68, 0x24, 0x28, 0xff, 0x70, 0x24, 0x20, 0xff, 0x70, 0x24, 0x28, 0xff,
    0x70, 0x2c, 0x30, 0xff, 0x68, 0x28, 0x20, 0xff, 0x70, 0x28, 0x20, 0xff,
    0x68, 0x24, 0x28, 0xff, 0x70, 0x24, 0x20, 0xff, 0x68, 0x24, 0x28, 0xff,
    0x70, 0x24, 0x28, 0xff, 0x68, 0x28, 0x20, 0xff, 0x68, 0x24, 0x28, 0xff,
    0x68, 0x24, 0x20, 0xff, 0x70, 0x24, 0x28, 0xff, 0x68, 0x28, 0x20, 0xff,
    0x68, 0x24, 0x28, 0xff, 0x70, 0x24, 0x20, 0xff, 0x70, 0x28, 0x20, 0xff,
    0x68, 0x24, 0x28, 0xff, 0x68, 0x24, 0x20, 0xff, 0x70, 0x24, 0x28, 0xff,
    0x68, 0x24, 0x28, 0xff, 0x70, 0x24, 0x20, 0xff, 0x70, 0x24, 0x28, 0xff,
    0x68, 0x24, 0x28, 0xff, 0x68, 0x28, 0x20, 0xff, 0x70, 0x24, 0x20, 0xff,
    0x68, 0x28, 0x28, 0xff, 0x68, 0x24, 0x28, 0xff, 0x70, 0x28, 0x20, 0xff,
    0x88, 0x40, 0x40, 0xff, 0x68, 0x28, 0x28, 0xff, 0x70, 0x24, 0x20, 0xff,
    0x68, 0x24, 0x28, 0xff, 0x70, 0x28, 0x28, 0xff, 0x68, 0x24, 0x20, 0xff,
    0x70, 0x24, 0x28, 0xff, 0x68, 0x24, 0x28, 0xff, 0x68, 0x24, 0x20, 0xff,
    0x70, 0x24, 0x28, 0xff, 0x68, 0x24, 0x28, 0xff, 0x70, 0x24, 0x20, 0xff,
    0x70, 0x24, 0x28, 0xff, 0x68, 0x24, 0x28, 0xff, 0x70, 0x28, 0x28, 0xff,
    0x70, 0x24, 0x20, 0xff, 0x68, 0x24, 0x28, 0xff, 0x70, 0x24, 0x28, 0xff,
    0x68, 0x28, 0x20, 0xff, 0x70, 0x24, 0x20, 0xff, 0x68, 0x24, 0x28, 0xff,
    0x68, 0x24, 0x28, 0xff, 0x70, 0x28, 0x28, 0xff, 0x68, 0x24, 0x20, 0xff,
    0x68, 0x24, 0x28, 0xff, 0x70, 0x24, 0x28, 0xff, 0x70, 0x24, 0x20, 0xff,
    0x68, 0x28, 0x28, 0xff, 0x70, 0x24, 0x28, 0xff, 0x70, 0x24, 0x20, 0xff,
    0x68, 0x24, 0x20, 0xff, 0x70, 0x24, 0x28, 0xff, 0x70, 0x28, 0x20, 0xff,
    0x68, 0x24, 0x28, 0xff, 0x70, 0x24, 0x28, 0xff, 0x68, 0x28, 0x20, 0xff,
    0x68, 0x24, 0x28, 0xff, 0x70, 0x28, 0x28, 0xff, 0x68, 0x24, 0x20, 0xff,
    0x68, 0x24, 0x28, 0xff, 0x70, 0x24, 0x28, 0xff, 0x68, 0x24, 0x20, 0xff,
    0x68, 0x24, 0x28, 0xff, 0x70, 0x24, 0x20, 0xff, 0x70, 0x24, 0x28, 0xff,
    0x68, 0x24, 0x28, 0xff, 0x70, 0x28, 0x20, 0xff, 0x70, 0x28, 0x20, 0xff,
    0x68, 0x24, 0x28, 0xff, 0x70, 0x24, 0x28, 0xff, 0x68, 0x24, 0x20, 0xff,
    0x68, 0x24, 0x28, 0xff, 0x70, 0x28, 0x20, 0xff, 0x68, 0x28, 0x20, 0xff,
    0x70, 0x24, 0x28, 0xff, 0x68, 0x24, 0x20, 0xff, 0x70, 0x24, 0x28, 0xff,
    0x68, 0x28, 0x28, 0xff, 0x70, 0x24, 0x28, 0xff, 0x68, 0x24, 0x28, 0xff,
    0x68, 0x24, 0x20, 0xff, 0x70, 0x24, 0x28, 0xff, 0x68, 0x24, 0x28, 0xff,
    0x68, 0x28, 0x28, 0xff, 0x70, 0x28, 0x20, 0xff, 0x70, 0x24, 0x28, 0xff,
    0x68, 0x24, 0x28, 0xff, 0x70, 0x28, 0x20, 0xff, 0x70, 0x24, 0x28, 0xff,
    0x70, 0x24, 0x28, 0xff, 0x68, 0x24, 0x20, 0xff, 0x70, 0x24, 0x28, 0xff,
    0x70, 0x24, 0x28, 0xff, 0x68, 0x28, 0x20, 0xff, 0x68, 0x28, 0x20, 0xff,
    0x70, 0x24, 0x28, 0xff, 0x68, 0x24, 0x28, 0xff, 0x70, 0x24, 0x20, 0xff,
    0x70, 0x28, 0x28, 0xff, 0x68, 0x24, 0x28, 0xff, 0x68, 0x24, 0x20, 0xff,
    0x68, 0x28, 0x20, 0xff, 0x70, 0x24, 0x28, 0xff, 0x70, 0x24, 0x28, 0xff,
    0x68, 0x24, 0x20, 0xff, 0x70, 0x24, 0x28, 0xff, 0x70, 0x24, 0x28, 0xff,
    0x68, 0x24, 0x20, 0xff, 0x68, 0x28, 0x28, 0xff, 0x80, 0x3c, 0x38, 0xff,
    0x68, 0x24, 0x28, 0xff, 0x68, 0x24, 0x28, 0xff, 0x70, 0x28, 0x20, 0xff,
    0x68, 0x24, 0x28, 0xff, 0x70, 0x24, 0x28, 0xff, 0x70, 0x28, 0x28, 0xff,
    0x68, 0x24, 0x28, 0xff, 0x70, 0x28, 0x20, 0xff, 0x68, 0x24, 0x28, 0xff,
    0x68, 0x24, 0x28, 0xff, 0x70, 0x28, 0x20, 0xff, 0x68, 0x24, 0x28, 0xff,
    0x68, 0x24, 0x28, 0xff, 0x70, 0x24, 0x20, 0xff, 0x68, 0x24, 0x28, 0xff,
    0x70, 0x24, 0x20, 0xff, 0x68, 0x24, 0x28, 0xff, 0x70, 0x28, 0x20, 0xff,
    0x70, 0x28, 0x28, 0xff, 0x68, 0x24, 0x28, 0xff, 0x70, 0x24, 0x20, 0xff,
    0x68, 0x24, 0x28, 0xff, 0x70, 0x24, 0x28, 0xff, 0x68, 0x28, 0x20, 0xff,
    0x70, 0x28, 0x28, 0xff, 0x68, 0x24, 0x28, 0xff, 0x68, 0x24, 0x20, 0xff,
    0x70, 0x28, 0x28, 0xff, 0x68, 0x28, 0x28, 0xff, 0x68, 0x24, 0x28, 0xff,
    0x70, 0x24, 0x28, 0xff, 0x68, 0x24, 0x20, 0xff, 0x70, 0x24, 0x28, 0xff,
    0x70, 0x24, 0x20, 0xff, 0x68, 0x24, 0x28, 0xff, 0x70, 0x24, 0x20, 0xff,
    0x70, 0x24, 0x28, 0xff, 0x68, 0x28, 0x20, 0xff, 0x70, 0x24, 0x28, 0xff,
    0x70, 0x28, 0x28, 0xff, 0x68, 0x24, 0x20, 0xff, 0x70, 0x28, 0x28, 0xff,
    0x68, 0x24, 0x28, 0xff, 0x68, 0x28, 0x20, 0xff, 0x70, 0x24, 0x28, 0xff,
    0x68, 0x28, 0x20, 0xff, 0x68, 0x28, 0x28, 0xff, 0x70, 0x24, 0x28, 0xff,
    0x70, 0x24, 0x28, 0xff, 0x68, 0x28, 0x28, 0xff, 0x70, 0x24, 0x28, 0xff,
    0x68, 0x28, 0x20, 0xff, 0x70, 0x24, 0x28, 0xff, 0x68, 0x24, 0x28, 0xff,
    0x68, 0x24, 0x20, 0xff, 0x70, 0x28, 0x28, 0xff, 0x68, 0x24, 0x20, 0xff,
    0x68, 0x24, 0x20, 0xff, 0x70, 0x2c, 0x28, 0xff, 0x70, 0x24, 0x28, 0xff,
    0x68, 0x24, 0x20, 0xff, 0x70, 0x28, 0x28, 0xff, 0x68, 0x28, 0x28, 0xff,
    0x68, 0x24, 0x20, 0xff, 0x70, 0x28, 0x28, 0xff, 0x68, 0x24, 0x28, 0xff,
    0x68, 0x28, 0x28, 0xff, 0x70, 0x28, 0x28, 0xff, 0x68, 0x24, 0x20, 0xff,
    0x70, 0x28, 0x28, 0xff, 0x70, 0x28, 0x28, 0xff, 0x68, 0x24, 0x28, 0xff,
    0x70, 0x28, 0x20, 0xff, 0x70, 0x28, 0x28, 0xff, 0x68, 0x24, 0x28, 0xff,
    0x70, 0x28, 0x28, 0xff, 0x68, 0x28, 0x28, 0xff, 0x70, 0x24, 0x20, 0xff,
    0x70, 0x28, 0x28, 0xff, 0x70, 0x24, 0x28, 0xff, 0x68, 0x24, 0x28, 0xff,
    0x70, 0x28, 0x28, 0xff, 0x68, 0x28, 0x20, 0xff, 0x68, 0x24, 0x28, 0xff,
    0x70, 0x28, 0x28, 0xff, 0x70, 0x24, 0x28, 0xff, 0x68, 0x24, 0x20, 0xff,
    0x70, 0x2c, 0x28, 0xff, 0x70, 0x24, 0x28, 0xff, 0x70, 0x24, 0x20, 0xff,
    0x70, 0x28, 0x28, 0xff, 0x68, 0x24, 0x28, 0xff, 0x70, 0x24, 0x20, 0xff,
    0x70, 0x28, 0x28, 0xff, 0x68, 0x24, 0x20, 0xff, 0x70, 0x24, 0x28, 0xff,
    0x70, 0x2c, 0x28, 0xff, 0x70, 0x24, 0x20, 0xff, 0x68, 0x24, 0x28, 0xff,
    0x70, 0x28, 0x28, 0xff, 0x70, 0x24, 0x20, 0xff, 0x68, 0x28, 0x28, 0xff,
    0x70, 0x28, 0x28, 0xff, 0x70, 0x28, 0x28, 0xff, 0x68, 0x24, 0x28, 0xff,
    0x70, 0x28, 0x28, 0xff, 0x68, 0x28, 0x20, 0xff, 0x70, 0x28, 0x28, 0xff,
    0x70, 0x28, 0x28, 0xff, 0x68, 0x24, 0x20, 0xff, 0x70, 0x28, 0x28, 0xff,
    0x70, 0x28, 0x28, 0xff, 0x70, 0x24, 0x20, 0xff, 0x70, 0x28, 0x28, 0xff,
    0x70, 0x28, 0x28, 0xff, 0x68, 0x24, 0x20, 0xff, 0x70, 0x28, 0x28, 0xff,
    0x70, 0x24, 0x28, 0xff, 0x68, 0x24, 0x20, 0xff, 0x70, 0x28, 0x28, 0xff,
    0x68, 0x28, 0x28, 0xff, 0x68, 0x24, 0x20, 0xff, 0x70, 0x2c, 0x28, 0xff,
    0x70, 0x28, 0x28, 0xff, 0x68, 0x24, 0x28, 0xff, 0x70, 0x28, 0x28, 0xff,
    0x68, 0x24, 0x20, 0xff, 0x70, 0x24, 0x28, 0xff, 0x70, 0x28, 0x28, 0xff,
    0x68, 0x28, 0x20, 0xff, 0x70, 0x24, 0x28, 0xff, 0x70, 0x28, 0x28, 0xff,
    0x68, 0x24, 0x20, 0xff, 0x70, 0x24, 0x28, 0xff, 0x70, 0x2c, 0x28, 0xff,
    0x68, 0x24, 0x20, 0xff, 0x70, 0x28, 0x28, 0xff, 0x70, 0x28, 0x28, 0xff,
    0x68, 0x24, 0x20, 0xff, 0x70, 0x24, 0x28, 0xff, 0x70, 0x28, 0x28, 0xff,
    0x68, 0x28, 0x20, 0xff, 0x70, 0x24, 0x28, 0xff, 0x70, 0x28, 0x28, 0xff,
    0x70, 0x24, 0x28, 0xff, 0x70, 0x24, 0x28, 0xff, 0x70, 0x28, 0x28, 0xff,
    0x70, 0x2c, 0x28, 0xff, 0x70, 0x24, 0x28, 0xff, 0x68, 0x28, 0x20, 0xff,
    0x70, 0x28, 0x28, 0xff, 0x70, 0x28, 0x20, 0xff, 0x68, 0x28, 0x20, 0xff,
    0x70, 0x2c, 0x28, 0xff, 0x70, 0x24, 0x28, 0xff, 0x70, 0x28, 0x20, 0xff,
    0x70, 0x2c, 0x28, 0xff, 0x68, 0x24, 0x28, 0xff, 0x70, 0x28, 0x20, 0xff,
    0x70, 0x28, 0x28, 0xff, 0x68, 0x28, 0x20, 0xff, 0x70, 0x24, 0x28, 0xff,
    0x70, 0x28, 0x28, 0xff, 0x68, 0x24, 0x28, 0xff, 0x70, 0x28, 0x28, 0xff,
    0x70, 0x28, 0x20, 0xff, 0x68, 0x24, 0x28, 0xff, 0x70, 0x28, 0x28, 0xff,
    0x70, 0x28, 0x20, 0xff, 0x68, 0x24, 0x28, 0xff, 0x70, 0x28, 0x28, 0xff,
    0x70, 0x28, 0x20, 0xff, 0x68, 0x24, 0x28, 0xff, 0x70, 0x2c, 0x28, 0xff,
    0x70, 0x28, 0x20, 0xff, 0x70, 0x24, 0x28, 0xff, 0x70, 0x2c, 0x28, 0xff,
    0x68, 0x24, 0x28, 0xff, 0x70, 0x28, 0x20, 0xff, 0x70, 0x28, 0x28, 0xff,
    0x68, 0x28, 0x28, 0xff, 0x68, 0x28, 0x20, 0xff, 0x70, 0x2c, 0x28, 0xff,
    0x70, 0x24, 0x28, 0xff, 0x68, 0x28, 0x20, 0xff, 0x70, 0x2c, 0x28, 0xff,
    0x70, 0x24, 0x28, 0xff, 0x68, 0x24, 0x28, 0xff, 0x70, 0x28, 0x28, 0xff,
    0x70, 0x28, 0x20, 0xff, 0x68, 0x24, 0x28, 0xff, 0x70, 0x2c, 0x28, 0xff,
    0x70, 0x28, 0x20, 0xff, 0x70, 0x28, 0x28, 0xff, 0x70, 0x2c, 0x28, 0xff,
    0x68, 0x24, 0x28, 0xff, 0x70, 0x24, 0x20, 0xff, 0x70, 0x28, 0x28, 0xff,
    0x68, 0x28, 0x20, 0xff, 0x70, 0x28, 0x28, 0xff, 0x70, 0x28, 0x28, 0xff,
    0x68, 0x24, 0x28, 0xff, 0x70, 0x28, 0x28, 0xff, 0x70, 0x28, 0x28, 0xff,
    0x68, 0x24, 0x28, 0xff, 0x70, 0x28, 0x28, 0xff, 0x70, 0x24, 0x20, 0xff,
    0x68, 0x24, 0x28, 0xff, 0x70, 0x2c, 0x28, 0xff, 0x70, 0x24, 0x28, 0xff,
    0x68, 0x24, 0x28, 0xff, 0x70, 0x2c, 0x28, 0xff, 0x70, 0x24, 0x28, 0xff,
    0x68, 0x28, 0x20, 0xff, 0x70, 0x2c, 0x28, 0xff, 0x68, 0x24, 0x28, 0xff,
    0x68, 0x24, 0x20, 0xff, 0x70, 0x28, 0x28, 0xff, 0x68, 0x24, 0x28, 0xff,
    0x70, 0x24, 0x20, 0xff, 0x70, 0x2c, 0x28, 0xff, 0x70, 0x28, 0x28, 0xff,
    0x70, 0x24, 0x28, 0xff, 0x70, 0x2c, 0x28, 0xff, 0x70, 0x24, 0x20, 0xff,
    0x68, 0x24, 0x28, 0xff, 0x70, 0x28, 0x28, 0xff, 0x68, 0x28, 0x20, 0xff,
    0x70, 0x28, 0x20, 0xff, 0x70, 0x2c, 0x28, 0xff, 0x68, 0x24, 0x28, 0xff,
    0x68, 0x28, 0x28, 0xff, 0x70, 0x2c, 0x28, 0xff, 0x68, 0x28, 0x20, 0xff,
    0x68, 0x24, 0x28, 0xff, 0x70, 0x28, 0x28, 0xff, 0x68, 0x24, 0x28, 0xff,
    0x70, 0x28, 0x20, 0xff, 0x70, 0x28, 0x28, 0xff, 0x68, 0x24, 0x28, 0xff,
    0x70, 0x24, 0x20, 0xff, 0x70, 0x28, 0x28, 0xff, 0x68, 0x24, 0x28, 0xff,
    0x68, 0x24, 0x20, 0xff, 0x70, 0x28, 0x20, 0xff, 0x70, 0x28, 0x28, 0xff,
    0x68, 0x24, 0x28, 0xff, 0x68, 0x28, 0x20, 0xff, 0x70, 0x24, 0x20, 0xff,
    0x68, 0x28, 0x28, 0xff, 0x68, 0x24, 0x28, 0xff, 0x70, 0x24, 0x20, 0xff,
    0x70, 0x28, 0x28, 0xff, 0x68, 0x28, 0x20, 0xff, 0x68, 0x24, 0x20, 0xff,
    0x70, 0x24, 0x28, 0xff, 0x68, 0x28, 0x20, 0xff, 0x68, 0x28, 0x20, 0xff,
    0x70, 0x24, 0x28, 0xff, 0x68, 0x24, 0x20, 0xff, 0x70, 0x28, 0x20, 0xff,
    0x70, 0x24, 0x28, 0xff, 0x68, 0x24, 0x20, 0xff, 0x68, 0x28, 0x28, 0xff,
    0x70, 0x24, 0x28, 0xff, 0x68, 0x24, 0x28, 0xff, 0x68, 0x24, 0x28, 0xff,
    0x70, 0x28, 0x20, 0xff, 0x68, 0x24, 0x20, 0xff, 0x70, 0x24, 0x28, 0xff,
    0x70, 0x28, 0x20, 0xff, 0x68, 0x24, 0x28, 0xff, 0x70, 0x24, 0x28, 0xff,
    0x68, 0x28, 0x20, 0xff, 0x68, 0x24, 0x20, 0xff, 0x70, 0x24, 0x28, 0xff,
    0x68, 0x28, 0x20, 0xff, 0x70, 0x28, 0x20, 0xff, 0x68, 0x28, 0x28, 0xff,
    0x70, 0x24, 0x20, 0xff, 0x68, 0x24, 0x28, 0xff, 0x68, 0x24, 0x20, 0xff,
    0x70, 0x28, 0x20, 0xff, 0x68, 0x24, 0x28, 0xff, 0x70, 0x24, 0x28, 0xff,
    0x70, 0x24, 0x28, 0xff, 0x68, 0x24, 0x28, 0xff, 0x70, 0x28, 0x20, 0xff,
    0x68, 0x28, 0x28, 0xff, 0x68, 0x24, 0x28, 0xff, 0x70, 0x28, 0x20, 0xff,
    0x68, 0x24, 0x20, 0xff, 0x68, 0x28, 0x28, 0xff, 0x68, 0x24, 0x20, 0xff,
    0x70, 0x24, 0x20, 0xff, 0x68, 0x28, 0x28, 0xff, 0x70, 0x24, 0x28, 0xff,
    0x70, 0x28, 0x20, 0xff, 0x70, 0x24, 0x20, 0xff, 0x68, 0x24, 0x28, 0xff,
    0x70, 0x28, 0x20, 0xff, 0x70, 0x24, 0x28, 0xff, 0x68, 0x24, 0x28, 0xff,
    0x70, 0x28, 0x20, 0xff, 0x78, 0x34, 0x30, 0xff, 0x90, 0x44, 0x48, 0xff,
    0x68, 0x28, 0x28, 0xff, 0x68, 0x24, 0x20, 0xff, 0x70, 0x24, 0x28, 0xff,
    0x68, 0x28, 0x20, 0xff, 0x68, 0x28, 0x28, 0xff, 0x70, 0x24, 0x28, 0xff,
    0x68, 0x28, 0x20, 0xff, 0x68, 0x28, 0x28, 0xff, 0x70, 0x24, 0x28, 0xff,
    0x68, 0x28, 0x20, 0xff, 0x70, 0x28, 0x28, 0xff, 0x68, 0x24, 0x28, 0xff,
    0x68, 0x24, 0x20, 0xff, 0x70, 0x24, 0x28, 0xff, 0x68, 0x28, 0x28, 0xff,
    0x70, 0x28, 0x28, 0xff, 0x68, 0x28, 0x20, 0xff, 0x68, 0x24, 0x28, 0xff,
    0x70, 0x24, 0x20, 0xff, 0x70, 0x28, 0x28, 0xff, 0x70, 0x28, 0x28, 0xff,
    0x70, 0x28, 0x28, 0xff, 0x70, 0x28, 0x28, 0xff, 0x70, 0x28, 0x28, 0xff,
    0x70, 0x28, 0x28, 0xff, 0x70, 0x28, 0x28, 0xff, 0x70, 0x28, 0x28, 0xff,
    0x68, 0x28, 0x28, 0xff, 0x70, 0x28, 0x28, 0xff, 0x70, 0x28, 0x28, 0xff,
    0x70, 0x28, 0x28, 0xff, 0x70, 0x28, 0x28, 0xff, 0x70, 0x28, 0x28, 0xff,
    0x68, 0x28, 0x28, 0xff, 0x70, 0x28, 0x28, 0xff, 0x70, 0x2c, 0x28, 0xff,
    0x70, 0x28, 0x28, 0xff, 0x70, 0x28, 0x28, 0xff, 0x70, 0x28, 0x28, 0xff,
    0x70, 0x28, 0x28, 0xff, 0x70, 0x28, 0x28, 0xff, 0x70, 0x2c, 0x28, 0xff,
    0x70, 0x28, 0x28, 0xff, 0x68, 0x28, 0x28, 0xff, 0x70, 0x2c, 0x28, 0xff,
    0x70, 0x28, 0x28, 0xff, 0x70, 0x28, 0x20, 0xff, 0x70, 0x28, 0x28, 0xff,
    0x70, 0x28, 0x28, 0xff, 0x70, 0x28, 0x28, 0xff, 0x70, 0x28, 0x28, 0xff,
    0x70, 0x28, 0x28, 0xff, 0x70, 0x28, 0x28, 0xff, 0x70, 0x28, 0x28, 0xff,
    0x70, 0x28, 0x28, 0xff, 0x70, 0x28, 0x28, 0xff, 0x70, 0x28, 0x28, 0xff,
    0x70, 0x2c, 0x28, 0xff, 0x70, 0x28, 0x28, 0xff, 0x70, 0x28, 0x28, 0xff,
    0x70, 0x28, 0x28, 0xff, 0x70, 0x28, 0x28, 0xff, 0x70, 0x28, 0x20, 0xff,
    0x70, 0x28, 0x28, 0xff, 0x70, 0x28, 0x28, 0xff, 0x68, 0x28, 0x20, 0xff,
    0x70, 0x2c, 0x28, 0xff, 0x70, 0x28, 0x28, 0xff, 0x68, 0x24, 0x20, 0xff,
    0x70, 0x28, 0x28, 0xff, 0x70, 0x2c, 0x28, 0xff, 0x70, 0x28, 0x28, 0xff,
    0x70, 0x28, 0x28, 0xff, 0x70, 0x28, 0x28, 0xff, 0x70, 0x28, 0x28, 0xff,
    0x70, 0x28, 0x28, 0xff, 0x70, 0x28, 0x28, 0xff, 0x70, 0x28, 0x28, 0xff,
    0x68, 0x24, 0x28, 0xff, 0x70, 0x2c, 0x28, 0xff, 0x70, 0x28, 0x28, 0xff,
    0x68, 0x24, 0x20, 0xff, 0x70, 0x2c, 0x28, 0xff, 0x70, 0x2c, 0x28, 0xff,
    0x68, 0x24, 0x28, 0xff, 0x70, 0x28, 0x28, 0xff, 0x70, 0x28, 0x28, 0xff,
    0x70, 0x28, 0x28, 0xff, 0x70, 0x2c, 0x30, 0xff, 0x70, 0x28, 0x28, 0xff,
    0x70, 0x28, 0x28, 0xff, 0x70, 0x28, 0x28, 0xff, 0x70, 0x2c, 0x28, 0xff,
    0x70, 0x28, 0x28, 0xff, 0x68, 0x24, 0x28, 0xff, 0x70, 0x28, 0x28, 0xff,
    0x70, 0x2c, 0x28, 0xff, 0x70, 0x24, 0x28, 0xff, 0x70, 0x28, 0x20, 0xff,
    0x70, 0x28, 0x28, 0xff, 0x68, 0x24, 0x28, 0xff, 0x70, 0x2c, 0x28, 0xff,
    0x70, 0x28, 0x28, 0xff, 0x70, 0x24, 0x20, 0xff, 0x70, 0x2c, 0x30, 0xff,
    0x70, 0x28, 0x28, 0xff, 0x70, 0x24, 0x28, 0xff, 0x70, 0x28, 0x28, 0xff,
    0x70, 0x2c, 0x28, 0xff, 0x70, 0x28, 0x28, 0xff, 0x68, 0x28, 0x28, 0xff,
    0x70, 0x28, 0x28, 0xff, 0x70, 0x2c, 0x28, 0xff, 0x68, 0x28, 0x28, 0xff,
    0x70, 0x28, 0x28, 0xff, 0x70, 0x2c, 0x28, 0xff, 0x68, 0x24, 0x20, 0xff,
    0x70, 0x2c, 0x28, 0xff, 0x70, 0x28, 0x28, 0xff, 0x70, 0x28, 0x28, 0xff,
    0x70, 0x28, 0x28, 0xff, 0x70, 0x2c, 0x28, 0xff, 0x70, 0x28, 0x20, 0xff,
    0x70, 0x28, 0x28, 0xff, 0x70, 0x28, 0x28, 0xff, 0x70, 0x28, 0x28, 0xff,
    0x70, 0x28, 0x28, 0xff, 0x70, 0x28, 0x28, 0xff, 0x70, 0x28, 0x28, 0xff,
    0x68, 0x24, 0x20, 0xff, 0x70, 0x2c, 0x28, 0xff, 0x70, 0x28, 0x28, 0xff,
    0x70, 0x24, 0x20, 0xff, 0x70, 0x28, 0x28, 0xff, 0x70, 0x2c, 0x28, 0xff,
    0x70, 0x28, 0x28, 0xff, 0x70, 0x28, 0x28, 0xff, 0x70, 0x2c, 0x28, 0xff,
    0x70, 0x28, 0x20, 0xff, 0x70, 0x2c, 0x28, 0xff, 0x70, 0x28, 0x28, 0xff,
    0x70, 0x28, 0x28, 0xff, 0x70, 0x28, 0x28, 0xff, 0x70, 0x2c, 0x28, 0xff,
    0x70, 0x28, 0x28, 0xff, 0x68, 0x24, 0x20, 0xff, 0x70, 0x2c, 0x28, 0xff,
    0x70, 0x28, 0x28, 0xff, 0x70, 0x28, 0x28, 0xff, 0x70, 0x28, 0x28, 0xff,
    0x70, 0x2c, 0x28, 0xff, 0x70, 0x28, 0x28, 0xff, 0x70, 0x2c, 0x28, 0xff,
    0x70, 0x28, 0x28, 0xff, 0x70, 0x28, 0x28, 0xff, 0x70, 0x28, 0x28, 0xff,
    0x70, 0x2c, 0x28, 0xff, 0x70, 0x28, 0x20, 0xff, 0x70, 0x28, 0x28, 0xff,
    0x70, 0x2c, 0x28, 0xff, 0x70, 0x28, 0x28, 0xff, 0x70, 0x28, 0x28, 0xff,
    0x70, 0x2c, 0x28, 0xff, 0x70, 0x28, 0x28, 0xff, 0x70, 0x28, 0x28, 0xff,
    0x70, 0x28, 0x28, 0xff, 0x70, 0x28, 0x28, 0xff, 0x70, 0x24, 0x20, 0xff,
    0x70, 0x2c, 0x28, 0xff, 0x70, 0x28, 0x28, 0xff, 0x70, 0x24, 0x28, 0xff,
    0x70, 0x2c, 0x28, 0xff, 0x70, 0x28, 0x28, 0xff, 0x68, 0x24, 0x20, 0xff,
    0x70, 0x28, 0x28, 0xff, 0x70, 0x28, 0x28, 0xff, 0x70, 0x28, 0x20, 0xff,
    0x70, 0x2c, 0x28, 0xff, 0x70, 0x28, 0x28, 0xff, 0x70, 0x28, 0x20, 0xff,
    0x70, 0x28, 0x28, 0xff, 0x70, 0x2c, 0x28, 0xff, 0x70, 0x28, 0x28, 0xff,
    0x70, 0x28, 0x28, 0xff, 0x70, 0x28, 0x28, 0xff, 0x70, 0x2c, 0x28, 0xff,
    0x70, 0x24, 0x28, 0xff, 0x70, 0x28, 0x28, 0xff, 0x70, 0x2c, 0x28, 0xff,
    0x70, 0x24, 0x20, 0xff, 0x70, 0x2c, 0x28, 0xff, 0x70, 0x28, 0x28, 0xff,
    0x70, 0x28, 0x20, 0xff, 0x78, 0x30, 0x28, 0xff, 0x70, 0x28, 0x28, 0xff,
    0x70, 0x28, 0x28, 0xff, 0x70, 0x28, 0x28, 0xff, 0x68, 0x24, 0x28, 0xff,
    0x70, 0x24, 0x20, 0xff, 0x70, 0x28, 0x28, 0xff, 0x68, 0x24, 0x20, 0xff,
    0x70, 0x28, 0x20, 0xff, 0x78, 0x30, 0x30, 0xff, 0x68, 0x24, 0x20, 0xff,
    0x70, 0x24, 0x28, 0xff, 0x78, 0x30, 0x30, 0xff, 0x70, 0x28, 0x20, 0xff,
    0x68, 0x24, 0x20, 0xff, 0x70, 0x28, 0x28, 0xff, 0x68, 0x24, 0x20, 0xff,
    0x68, 0x24, 0x28, 0xff, 0x78, 0x30, 0x30, 0xff, 0x68, 0x24, 0x20, 0xff,
    0x68, 0x24, 0x28, 0xff, 0x78, 0x30, 0x30, 0xff, 0x68, 0x28, 0x20, 0xff,
    0x68, 0x24, 0x20, 0xff, 0x70, 0x2c, 0x28, 0xff, 0x70, 0x28, 0x28, 0xff,
    0x68, 0x24, 0x28, 0xff, 0x70, 0x28, 0x28, 0xff, 0x70, 0x28, 0x28, 0xff,
    0x70, 0x28, 0x28, 0xff, 0x70, 0x28, 0x28, 0xff, 0x68, 0x28, 0x28, 0xff,
    0x70, 0x28, 0x28, 0xff, 0x68, 0x24, 0x20, 0xff, 0x68, 0x28, 0x28, 0xff,
    0x70, 0x28, 0x28, 0xff, 0x68, 0x28, 0x20, 0xff, 0x68, 0x24, 0x20, 0xff,
    0x78, 0x30, 0x30, 0xff, 0x68, 0x28, 0x20, 0xff, 0x68, 0x24, 0x20, 0xff,
    0x78, 0x30, 0x30, 0xff, 0x68, 0x24, 0x28, 0xff, 0x70, 0x28, 0x20, 0xff,
    0x70, 0x2c, 0x28, 0xff, 0x68, 0x24, 0x28, 0xff, 0x68, 0x24, 0x28, 0xff,
    0x78, 0x30, 0x30, 0xff, 0x68, 0x24, 0x28, 0xff, 0x70, 0x28, 0x28, 0xff,
    0x78, 0x30, 0x30, 0xff, 0x68, 0x24, 0x20, 0xff, 0x68, 0x24, 0x28, 0xff,
    0x70, 0x2c, 0x28, 0xff, 0x70, 0x24, 0x28, 0xff, 0x68, 0x24, 0x28, 0xff,
    0x78, 0x30, 0x28, 0xff, 0x68, 0x24, 0x28, 0xff, 0x68, 0x24, 0x20, 0xff,
    0x78, 0x30, 0x30, 0xff, 0x68, 0x24, 0x28, 0xff, 0x68, 0x28, 0x28, 0xff,
    0x70, 0x2c, 0x28, 0xff, 0x70, 0x24, 0x28, 0xff, 0x70, 0x2c, 0x28, 0xff,
    0x70, 0x2c, 0x28, 0xff, 0x68, 0x24, 0x28, 0xff, 0x70, 0x28, 0x28, 0xff,
    0x70, 0x2c, 0x28, 0xff, 0x70, 0x28, 0x28, 0xff, 0x70, 0x28, 0x28, 0xff,
    0x68, 0x28, 0x20, 0xff, 0x68, 0x24, 0x20, 0xff, 0x70, 0x2c, 0x28, 0xff,
    0x70, 0x28, 0x28, 0xff, 0x68, 0x24, 0x28, 0xff, 0x78, 0x30, 0x28, 0xff,
    0x68, 0x24, 0x20, 0xff, 0x68, 0x24, 0x20, 0xff, 0x70, 0x2c, 0x28, 0xff,
    0x68, 0x24, 0x20, 0xff, 0x68, 0x24, 0x20, 0xff, 0x70, 0x2c, 0x28, 0xff,
    0x68, 0x24, 0x28, 0xff, 0x68, 0x24, 0x20, 0xff, 0x78, 0x30, 0x30, 0xff,
    0x68, 0x24, 0x28, 0xff, 0x68, 0x24, 0x28, 0xff, 0x70, 0x2c, 0x28, 0xff,
    0x70, 0x28, 0x28, 0xff, 0x68, 0x24, 0x20, 0xff, 0x70, 0x2c, 0x28, 0xff,
    0x68, 0x24, 0x20, 0xff, 0x70, 0x2c, 0x28, 0xff, 0x70, 0x2c, 0x28, 0xff,
    0x70, 0x28, 0x28, 0xff, 0x70, 0x28, 0x28, 0xff, 0x70, 0x2c, 0x28, 0xff,
    0x70, 0x28, 0x28, 0xff, 0x70, 0x2c, 0x28, 0xff, 0x70, 0x28, 0x28, 0xff,
    0x70, 0x28, 0x28, 0xff, 0x70, 0x2c, 0x28, 0xff, 0x70, 0x2c, 0x28, 0xff,
    0x70, 0x28, 0x28, 0xff, 0x70, 0x2c, 0x28, 0xff, 0x70, 0x2c, 0x28, 0xff,
    0x70, 0x28, 0x28, 0xff, 0x70, 0x2c, 0x28, 0xff, 0x70, 0x28, 0x28, 0xff,
    0x70, 0x28, 0x28, 0xff, 0x70, 0x2c, 0x28, 0xff, 0x70, 0x28, 0x28, 0xff,
    0x70, 0x28, 0x28, 0xff, 0x70, 0x2c, 0x28, 0xff, 0x70, 0x2c, 0x28, 0xff,
    0x70, 0x28, 0x28, 0xff, 0x70, 0x28, 0x28, 0xff, 0x70, 0x28, 0x28, 0xff,
    0x70, 0x2c, 0x28, 0xff, 0x70, 0x28, 0x28, 0xff, 0x70, 0x28, 0x28, 0xff,
    0x70, 0x2c, 0x28, 0xff, 0x70, 0x2c, 0x28, 0xff, 0x70, 0x28, 0x28, 0xff,
    0x70, 0x28, 0x28, 0xff, 0x70, 0x28, 0x28, 0xff, 0x70, 0x28, 0x28, 0xff,
    0x70, 0x2c, 0x28, 0xff, 0x70, 0x2c, 0x28, 0xff, 0x70, 0x28, 0x28, 0xff,
    0x70, 0x2c, 0x28, 0xff, 0x70, 0x2c, 0x28, 0xff, 0x70, 0x24, 0x20, 0xff,
    0x70, 0x28, 0x28, 0xff, 0x70, 0x2c, 0x28, 0xff, 0x80, 0x3c, 0x40, 0xff,
    0x70, 0x2c, 0x28, 0xff, 0x70, 0x28, 0x28, 0xff, 0x68, 0x24, 0x20, 0xff,
    0x78, 0x30, 0x28, 0xff, 0x70, 0x2c, 0x28, 0xff, 0x68, 0x24, 0x28, 0xff,
    0x70, 0x2c, 0x28, 0xff, 0x70, 0x2c, 0x28, 0xff, 0x70, 0x28, 0x28, 0xff,
    0x70, 0x2c, 0x28, 0xff, 0x70, 0x28, 0x28, 0xff, 0x70, 0x28, 0x28, 0xff,
    0x70, 0x2c, 0x28, 0xff, 0x70, 0x28, 0x28, 0xff, 0x70, 0x28, 0x28, 0xff,
    0x70, 0x2c, 0x28, 0xff, 0x70, 0x2c, 0x28, 0xff, 0x70, 0x28, 0x28, 0xff,
    0x70, 0x28, 0x28, 0xff, 0x70, 0x2c, 0x28, 0xff, 0x70, 0x28, 0x28, 0xff,
    0x70, 0x28, 0x28, 0xff, 0x70, 0x28, 0x28, 0xff, 0x70, 0x28, 0x28, 0xff,
    0x70, 0x2c, 0x28, 0xff, 0x70, 0x28, 0x28, 0xff, 0x70, 0x28, 0x28, 0xff,
    0x70, 0x2c, 0x28, 0xff, 0x70, 0x28, 0x28, 0xff, 0x70, 0x2c, 0x28, 0xff,
    0x70, 0x2c, 0x28, 0xff, 0x70, 0x28, 0x28, 0xff, 0x70, 0x2c, 0x28, 0xff,
    0x78, 0x2c, 0x30, 0xff, 0x70, 0x28, 0x28, 0xff, 0x70, 0x28, 0x28, 0xff,
    0x70, 0x2c, 0x28, 0xff, 0x70, 0x28, 0x20, 0xff, 0x78, 0x30, 0x30, 0xff,
    0x70, 0x28, 0x28, 0xff, 0x68, 0x28, 0x28, 0xff, 0x78, 0x2c, 0x30, 0xff,
    0x70, 0x2c, 0x28, 0xff, 0x68, 0x24, 0x28, 0xff, 0x70, 0x2c, 0x28, 0xff,
    0x70, 0x2c, 0x28, 0xff, 0x78, 0x30, 0x30, 0xff, 0x70, 0x28, 0x28, 0xff,
    0x70, 0x28, 0x28, 0xff, 0x70, 0x2c, 0x30, 0xff, 0x70, 0x28, 0x28, 0xff,
    0x70, 0x2c, 0x28, 0xff, 0x70, 0x2c, 0x28, 0xff, 0x70, 0x28, 0x28, 0xff,
    0x78, 0x2c, 0x30, 0xff, 0x70, 0x2c, 0x28, 0xff, 0x70, 0x28, 0x28, 0xff,
    0x78, 0x2c, 0x30, 0xff, 0x70, 0x2c, 0x28, 0xff, 0x70, 0x28, 0x28, 0xff,
    0x70, 0x28, 0x28, 0xff, 0x70, 0x28, 0x28, 0xff, 0x70, 0x28, 0x28, 0xff,
    0x78, 0x2c, 0x28, 0xff, 0x70, 0x2c, 0x28, 0xff, 0x70, 0x28, 0x28, 0xff,
    0x70, 0x2c, 0x28, 0xff, 0x70, 0x2c, 0x28, 0xff, 0x70, 0x28, 0x28, 0xff,
    0x70, 0x2c, 0x28, 0xff, 0x70, 0x2c, 0x28, 0xff, 0x70, 0x2c, 0x28, 0xff,
    0x70, 0x28, 0x28, 0xff, 0x70, 0x28, 0x28, 0xff, 0x70, 0x28, 0x28, 0xff,
    0x78, 0x30, 0x30, 0xff, 0x70, 0x28, 0x28, 0xff, 0x70, 0x28, 0x28, 0xff,
    0x70, 0x2c, 0x28, 0xff, 0x70, 0x28, 0x28, 0xff, 0x70, 0x2c, 0x28, 0xff,
    0x78, 0x2c, 0x28, 0xff, 0x70, 0x28, 0x28, 0xff, 0x78, 0x2c, 0x28, 0xff,
    0x78, 0x30, 0x30, 0xff, 0x70, 0x28, 0x28, 0xff, 0x70, 0x28, 0x28, 0xff,
    0x78, 0x30, 0x28, 0xff, 0x80, 0x3c, 0x38, 0xff, 0x70, 0x2c, 0x28, 0xff,
    0x70, 0x28, 0x28, 0xff, 0x70, 0x28, 0x28, 0xff, 0x78, 0x30, 0x30, 0xff,
    0x70, 0x28, 0x28, 0xff, 0x70, 0x28, 0x28, 0xff, 0x78, 0x2c, 0x28, 0xff,
    0x70, 0x2c, 0x28, 0xff, 0x70, 0x28, 0x28, 0xff, 0x70, 0x2c, 0x28, 0xff,
    0x70, 0x28, 0x28, 0xff, 0x70, 0x28, 0x28, 0xff, 0x78, 0x30, 0x28, 0xff,
    0x70, 0x2c, 0x28, 0xff, 0x70, 0x28, 0x28, 0xff, 0x70, 0x2c, 0x28, 0xff,
    0x70, 0x2c, 0x28, 0xff, 0x70, 0x28, 0x28, 0xff, 0x70, 0x28, 0x28, 0xff,
    0x70, 0x2c, 0x28, 0xff, 0x70, 0x2c, 0x28, 0xff, 0x70, 0x2c, 0x28, 0xff,
    0x70, 0x2c, 0x28, 0xff, 0x70, 0x28, 0x28, 0xff, 0x78, 0x30, 0x30, 0xff,
    0x70, 0x28, 0x28, 0xff, 0x70, 0x28, 0x28, 0xff, 0x70, 0x2c, 0x28, 0xff,
    0x70, 0x2c, 0x28, 0xff, 0x70, 0x28, 0x28, 0xff, 0x78, 0x2c, 0x30, 0xff,
    0x70, 0x28, 0x28, 0xff, 0x70, 0x2c, 0x28, 0xff, 0x78, 0x30, 0x30, 0xff,
    0x70, 0x28, 0x28, 0xff, 0x70, 0x28, 0x28, 0xff, 0x70, 0x2c, 0x28, 0xff,
    0x70, 0x28, 0x28, 0xff, 0x78, 0x2c, 0x28, 0xff, 0x70, 0x28, 0x28, 0xff,
    0x70, 0x28, 0x28, 0xff, 0x78, 0x30, 0x28, 0xff, 0x70, 0x2c, 0x28, 0xff,
    0x70, 0x28, 0x28, 0xff, 0x78, 0x30, 0x30, 0xff, 0x70, 0x28, 0x28, 0xff,
    0x78, 0x2c, 0x28, 0xff, 0x70, 0x28, 0x28, 0xff, 0x70, 0x28, 0x28, 0xff,
    0x70, 0x2c, 0x28, 0xff, 0x78, 0x2c, 0x28, 0xff, 0x70, 0x28, 0x28, 0xff,
    0x70, 0x28, 0x28, 0xff, 0x78, 0x2c, 0x28, 0xff, 0x70, 0x2c, 0x28, 0xff,
    0x70, 0x28, 0x28, 0xff, 0x70, 0x2c, 0x28, 0xff, 0x70, 0x2c, 0x28, 0xff,
    0x70, 0x28, 0x28, 0xff, 0x78, 0x30, 0x28, 0xff, 0x70, 0x28, 0x28, 0xff,
    0x68, 0x24, 0x20, 0xff, 0x78, 0x30, 0x30, 0xff, 0x70, 0x2c, 0x28, 0xff,
    0x70, 0x28, 0x28, 0xff, 0x70, 0x2c, 0x28, 0xff, 0x78, 0x30, 0x30, 0xff,
    0x70, 0x28, 0x28, 0xff, 0x70, 0x2c, 0x28, 0xff, 0x78, 0x2c, 0x28, 0xff,
    0x70, 0x2c, 0x28, 0xff, 0x70, 0x2c, 0x28, 0xff, 0x78, 0x2c, 0x28, 0xff,
    0x70, 0x28, 0x28, 0xff, 0x70, 0x28, 0x20, 0xff, 0x78, 0x30, 0x30, 0xff,
    0x70, 0x28, 0x28, 0xff, 0x70, 0x28, 0x28, 0xff, 0x70, 0x2c, 0x28, 0xff,
    0x78, 0x30, 0x30, 0xff, 0x70, 0x28, 0x28, 0xff, 0x78, 0x2c, 0x28, 0xff,
    0x70, 0x2c, 0x28, 0xff, 0x70, 0x28, 0x28, 0xff, 0x70, 0x2c, 0x28, 0xff,
    0x70, 0x2c, 0x28, 0xff, 0x68, 0x28, 0x28, 0xff, 0x70, 0x2c, 0x28, 0xff,
    0x78, 0x30, 0x30, 0xff, 0x70, 0x28, 0x28, 0xff, 0x70, 0x28, 0x28, 0xff,
    0x78, 0x30, 0x28, 0xff, 0x70, 0x2c, 0x28, 0xff, 0x70, 0x28, 0x28, 0xff,
    0x70, 0x2c, 0x28, 0xff, 0x78, 0x2c, 0x28, 0xff, 0x70, 0x24, 0x28, 0xff,
    0x78, 0x30, 0x30, 0xff, 0x70, 0x2c, 0x28, 0xff, 0x70, 0x28, 0x20, 0xff,
    0x78, 0x2c, 0x30, 0xff, 0x70, 0x2c, 0x28, 0xff, 0x70, 0x28, 0x20, 0xff,
    0x70, 0x28, 0x28, 0xff, 0x78, 0x30, 0x30, 0xff, 0x70, 0x28, 0x28, 0xff,
    0x70, 0x2c, 0x28, 0xff, 0x70, 0x28, 0x28, 0xff, 0x70, 0x28, 0x28, 0xff,
    0x70, 0x2c, 0x28, 0xff, 0x78, 0x2c, 0x28, 0xff, 0x70, 0x28, 0x28, 0xff,
    0x70, 0x28, 0x28, 0xff, 0x78, 0x30, 0x30, 0xff, 0x70, 0x2c, 0x28, 0xff,
    0x70, 0x28, 0x20, 0xff, 0x70, 0x2c, 0x28, 0xff, 0x78, 0x2c, 0x30, 0xff,
    0x70, 0x28, 0x28, 0xff, 0x70, 0x2c, 0x28, 0xff, 0x70, 0x28, 0x28, 0xff,
    0x70, 0x28, 0x28, 0xff, 0x78, 0x2c, 0x28, 0xff, 0x70, 0x2c, 0x28, 0xff,
    0x70, 0x28, 0x28, 0xff, 0x70, 0x2c, 0x28, 0xff, 0x78, 0x2c, 0x28, 0xff,
    0x70, 0x2c, 0x28, 0xff, 0x70, 0x28, 0x28, 0xff, 0x70, 0x2c, 0x28, 0xff,
    0x70, 0x2c, 0x28, 0xff, 0x70, 0x28, 0x28, 0xff, 0x70, 0x2c, 0x28, 0xff,
    0x70, 0x2c, 0x28, 0xff, 0x78, 0x30, 0x30, 0xff, 0x78, 0x30, 0x30, 0xff,
    0x70, 0x2c, 0x28, 0xff, 0x70, 0x2c, 0x28, 0xff, 0x78, 0x34, 0x30, 0xff,
    0x78, 0x30, 0x30, 0xff, 0x78, 0x30, 0x30, 0xff, 0x78, 0x30, 0x30, 0xff,
    0x70, 0x30, 0x28, 0xff, 0x78, 0x34, 0x30, 0xff, 0x78, 0x2c, 0x30, 0xff,
    0x70, 0x28, 0x28, 0xff, 0x78, 0x30, 0x30, 0xff, 0x78, 0x30, 0x30, 0xff,
    0x78, 0x30, 0x28, 0xff, 0x70, 0x2c, 0x28, 0xff, 0x78, 0x2c, 0x28, 0xff,
    0x78, 0x34, 0x30, 0xff, 0x78, 0x30, 0x30, 0xff, 0x70, 0x2c, 0x28, 0xff,
    0x78, 0x2c, 0x30, 0xff, 0x78, 0x2c, 0x28, 0xff, 0x78, 0x30, 0x30, 0xff,
    0x78, 0x2c, 0x30, 0xff, 0x70, 0x2c, 0x28, 0xff, 0x78, 0x30, 0x30, 0xff,
    0x78, 0x34, 0x30, 0xff, 0x70, 0x2c, 0x28, 0xff, 0x78, 0x30, 0x30, 0xff,
    0x78, 0x30, 0x30, 0xff, 0x78, 0x30, 0x30, 0xff, 0x78, 0x30, 0x28, 0xff,
    0x70, 0x2c, 0x28, 0xff, 0x78, 0x30, 0x28, 0xff, 0x78, 0x34, 0x30, 0xff,
    0x70, 0x2c, 0x28, 0xff, 0x78, 0x30, 0x30, 0xff, 0x70, 0x30, 0x30, 0xff,
    0x78, 0x30, 0x30, 0xff, 0x78, 0x34, 0x30, 0xff, 0x70, 0x28, 0x28, 0xff,
    0x78, 0x2c, 0x28, 0xff, 0x78, 0x30, 0x30, 0xff, 0x78, 0x30, 0x30, 0xff,
    0x78, 0x30, 0x30, 0xff, 0x70, 0x2c, 0x28, 0xff, 0x78, 0x2c, 0x28, 0xff,
    0x78, 0x34, 0x30, 0xff, 0x78, 0x30, 0x30, 0xff, 0x70, 0x28, 0x28, 0xff,
    0x78, 0x30, 0x28, 0xff, 0x78, 0x30, 0x30, 0xff, 0x78, 0x30, 0x30, 0xff,
    0x70, 0x2c, 0x28, 0xff, 0x70, 0x2c, 0x28, 0xff, 0x78, 0x34, 0x30, 0xff,
    0x78, 0x30, 0x30, 0xff, 0x70, 0x28, 0x28, 0xff, 0x78, 0x30, 0x30, 0xff,
    0x78, 0x30, 0x30, 0xff, 0x78, 0x34, 0x30, 0xff, 0x78, 0x30, 0x28, 0xff,
    0x70, 0x28, 0x28, 0xff, 0x78, 0x30, 0x30, 0xff, 0x78, 0x34, 0x30, 0xff,
    0x70, 0x2c, 0x28, 0xff, 0x78, 0x30, 0x30, 0xff, 0x70, 0x28, 0x28, 0xff,
    0x78, 0x30, 0x30, 0xff, 0x78, 0x30, 0x30, 0xff, 0x70, 0x2c, 0x28, 0xff,
    0x78, 0x30, 0x30, 0xff, 0x78, 0x34, 0x30, 0xff, 0x78, 0x30, 0x30, 0xff,
    0x78, 0x30, 0x28, 0xff, 0x70, 0x2c, 0x28, 0xff, 0x78, 0x30, 0x30, 0xff,
    0x78, 0x34, 0x30, 0xff, 0x70, 0x2c, 0x28, 0xff, 0x70, 0x2c, 0x28, 0xff,
    0x78, 0x30, 0x30, 0xff, 0x70, 0x2c, 0x28, 0xff, 0x78, 0x34, 0x30, 0xff,
    0x70, 0x2c, 0x28, 0xff, 0x70, 0x28, 0x28, 0xff, 0x78, 0x34, 0x30, 0xff,
    0x78, 0x2c, 0x30, 0xff, 0x70, 0x28, 0x28, 0xff, 0x78, 0x30, 0x30, 0xff,
    0x68, 0x28, 0x28, 0xff, 0x70, 0x28, 0x28, 0xff, 0x70, 0x28, 0x20, 0xff,
    0x70, 0x28, 0x28, 0xff, 0x70, 0x28, 0x28, 0xff, 0x68, 0x24, 0x20, 0xff,
    0x68, 0x28, 0x20, 0xff, 0x68, 0x28, 0x20, 0xff, 0x70, 0x28, 0x28, 0xff,
    0x70, 0x28, 0x28, 0xff, 0x70, 0x28, 0x28, 0xff, 0x68, 0x28, 0x20, 0xff,
    0x70, 0x28, 0x28, 0xff, 0x70, 0x28, 0x28, 0xff, 0x70, 0x28, 0x28, 0xff,
    0x70, 0x28, 0x28, 0xff, 0x70, 0x28, 0x28, 0xff, 0x70, 0x28, 0x28, 0xff,
    0x70, 0x28, 0x28, 0xff, 0x70, 0x28, 0x28, 0xff, 0x70, 0x28, 0x20, 0xff,
    0x70, 0x28, 0x28, 0xff, 0x68, 0x28, 0x28, 0xff, 0x70, 0x28, 0x20, 0xff,
    0x70, 0x28, 0x28, 0xff, 0x70, 0x28, 0x28, 0xff, 0x70, 0x28, 0x28, 0xff,
    0x70, 0x28, 0x28, 0xff, 0x68, 0x28, 0x28, 0xff, 0x68, 0x28, 0x20, 0xff,
    0x70, 0x28, 0x28, 0xff, 0x70, 0x28, 0x28, 0xff, 0x68, 0x24, 0x20, 0xff,
    0x70, 0x28, 0x28, 0xff, 0x70, 0x28, 0x28, 0xff, 0x70, 0x28, 0x28, 0xff,
    0x70, 0x28, 0x28, 0xff, 0x70, 0x28, 0x28, 0xff, 0x70, 0x28, 0x28, 0xff,
    0x70, 0x28, 0x28, 0xff, 0x70, 0x28, 0x28, 0xff, 0x70, 0x28, 0x28, 0xff,
    0x70, 0x28, 0x20, 0xff, 0x68, 0x28, 0x28, 0xff, 0x70, 0x28, 0x20, 0xff,
    0x68, 0x28, 0x28, 0xff, 0x70, 0x28, 0x28, 0xff, 0x70, 0x28, 0x28, 0xff,
    0x70, 0x28, 0x28, 0xff, 0x70, 0x24, 0x28, 0xff, 0x68, 0x24, 0x28, 0xff,
    0x70, 0x28, 0x20, 0xff, 0x70, 0x28, 0x28, 0xff, 0x70, 0x28, 0x28, 0xff,
    0x70, 0x28, 0x28, 0xff, 0x70, 0x28, 0x28, 0xff, 0x70, 0x28, 0x28, 0xff,
    0x68, 0x28, 0x20, 0xff, 0x70, 0x28, 0x28, 0xff, 0x70, 0x28, 0x20, 0xff,
    0x70, 0x28, 0x28, 0xff, 0x70, 0x28, 0x28, 0xff, 0x68, 0x24, 0x20, 0xff,
    0x70, 0x28, 0x28, 0xff, 0x70, 0x28, 0x28, 0xff, 0x70, 0x28, 0x28, 0xff,
    0x70, 0x28, 0x28, 0xff, 0x70, 0x28, 0x20, 0xff, 0x70, 0x28, 0x28, 0xff,
    0x70, 0x28, 0x28, 0xff, 0x68, 0x24, 0x20, 0xff, 0x70, 0x28, 0x28, 0xff,
    0x70, 0x28, 0x28, 0xff, 0x70, 0x28, 0x28, 0xff, 0x70, 0x28, 0x28, 0xff,
    0x70, 0x28, 0x28, 0xff, 0x70, 0x24, 0x28, 0xff, 0x70, 0x28, 0x28, 0xff,
    0x70, 0x28, 0x28, 0xff, 0x70, 0x28, 0x28, 0xff, 0x70, 0x28, 0x28, 0xff,
    0x70, 0x28, 0x28, 0xff, 0x70, 0x28, 0x28, 0xff, 0x70, 0x28, 0x28, 0xff,
    0x70, 0x28, 0x28, 0xff, 0x70, 0x28, 0x28, 0xff, 0x70, 0x28, 0x28, 0xff,
    0x68, 0x28, 0x20, 0xff, 0x70, 0x28, 0x28, 0xff, 0x70, 0x28, 0x20, 0xff,
    0x78, 0x34, 0x30, 0xff, 0x70, 0x2c, 0x28, 0xff, 0x70, 0x28, 0x28, 0xff,
    0x78, 0x34, 0x30, 0xff, 0x78, 0x30, 0x30, 0xff, 0x70, 0x24, 0x28, 0xff,
    0x78, 0x30, 0x30, 0xff, 0x78, 0x30, 0x30, 0xff, 0x70, 0x2c, 0x28, 0xff,
    0x78, 0x30, 0x28, 0xff, 0x70, 0x28, 0x28, 0xff, 0x70, 0x2c, 0x28, 0xff,
    0x78, 0x34, 0x30, 0xff, 0x78, 0x30, 0x30, 0xff, 0x70, 0x2c, 0x28, 0xff,
    0x78, 0x30, 0x28, 0xff, 0x78, 0x30, 0x30, 0xff, 0x78, 0x30, 0x28, 0xff,
    0x70, 0x2c, 0x28, 0xff, 0x70, 0x2c, 0x28, 0xff, 0x78, 0x30, 0x30, 0xff,
    0x78, 0x30, 0x30, 0xff, 0x70, 0x2c, 0x28, 0xff, 0x70, 0x2c, 0x28, 0xff,
    0x78, 0x34, 0x30, 0xff, 0x70, 0x2c, 0x28, 0xff, 0x78, 0x2c, 0x28, 0xff,
    0x78, 0x30, 0x28, 0xff, 0x68, 0x24, 0x28, 0xff, 0x78, 0x34, 0x30, 0xff,
    0x78, 0x34, 0x30, 0xff, 0x70, 0x24, 0x28, 0xff, 0x78, 0x30, 0x30, 0xff,
    0x80, 0x34, 0x30, 0xff, 0x68, 0x24, 0x28, 0xff, 0x78, 0x30, 0x30, 0xff,
    0x78, 0x30, 0x30, 0xff, 0x70, 0x28, 0x20, 0xff, 0x78, 0x34, 0x30, 0xff,
    0x70, 0x2c, 0x28, 0xff, 0x70, 0x28, 0x28, 0xff, 0x78, 0x34, 0x30, 0xff,
    0x78, 0x30, 0x30, 0xff, 0x70, 0x24, 0x28, 0xff, 0x70, 0x2c, 0x28, 0xff,
    0x78, 0x30, 0x30, 0xff, 0x70, 0x2c, 0x28, 0xff, 0x78, 0x30, 0x28, 0xff,
    0x70, 0x2c, 0x28, 0xff, 0x70, 0x2c, 0x28, 0xff, 0x78, 0x30, 0x30, 0xff,
    0x78, 0x30, 0x30, 0xff, 0x70, 0x28, 0x28, 0xff, 0x78, 0x30, 0x28, 0xff,
    0x78, 0x30, 0x30, 0xff, 0x70, 0x30, 0x28, 0xff, 0x70, 0x2c, 0x28, 0xff,
    0x70, 0x2c, 0x28, 0xff, 0x78, 0x30, 0x28, 0xff, 0x80, 0x34, 0x30, 0xff,
    0x70, 0x2c, 0x28, 0xff, 0x70, 0x28, 0x28, 0xff, 0x78, 0x34, 0x30, 0xff,
    0x70, 0x2c, 0x28, 0xff, 0x70, 0x2c, 0x28, 0xff, 0x78, 0x30, 0x30, 0xff,
    0x70, 0x24, 0x28, 0xff, 0x78, 0x34, 0x30, 0xff, 0x78, 0x34, 0x30, 0xff,
    0x70, 0x28, 0x20, 0xff, 0x78, 0x30, 0x30, 0xff, 0x78, 0x34, 0x30, 0xff,
    0x70, 0x24, 0x28, 0xff, 0x78, 0x30, 0x30, 0xff, 0x70, 0x2c, 0x28, 0xff,
    0x70, 0x28, 0x28, 0xff, 0x80, 0x38, 0x38, 0xff, 0x70, 0x2c, 0x28, 0xff,
    0x70, 0x28, 0x20, 0xff, 0x78, 0x34, 0x30, 0xff, 0x78, 0x30, 0x30, 0xff,
    0x70, 0x2c, 0x28, 0xff, 0x70, 0x2c, 0x28, 0xff, 0x70, 0x2c, 0x28, 0xff,
    0x78, 0x2c, 0x28, 0xff, 0x78, 0x30, 0x30, 0xff, 0x70, 0x2c, 0x28, 0xff,
    0x70, 0x2c, 0x28, 0xff, 0x78, 0x30, 0x30, 0xff, 0x78, 0x30, 0x30, 0xff,
    0x70, 0x2c, 0x28, 0xff, 0x70, 0x2c, 0x28, 0xff, 0x78, 0x30, 0x30, 0xff,
    0x78, 0x30, 0x28, 0xff, 0x78, 0x30, 0x28, 0xff, 0x78, 0x2c, 0x30, 0xff,
    0x70, 0x2c, 0x28, 0xff, 0x78, 0x30, 0x30, 0xff, 0x70, 0x2c, 0x28, 0xff,
    0x70, 0x2c, 0x28, 0xff, 0x78, 0x30, 0x30, 0xff, 0x78, 0x30, 0x30, 0xff,
    0x78, 0x30, 0x28, 0xff, 0x70, 0x2c, 0x28, 0xff, 0x70, 0x2c, 0x28, 0xff,
    0x78, 0x34, 0x30, 0xff, 0x78, 0x30, 0x30, 0xff, 0x70, 0x2c, 0x28, 0xff,
    0x78, 0x2c, 0x28, 0xff, 0x78, 0x2c, 0x30, 0xff, 0x70, 0x30, 0x28, 0xff,
    0x78, 0x2c, 0x28, 0xff, 0x70, 0x2c, 0x28, 0xff, 0x78, 0x30, 0x30, 0xff,
    0x78, 0x30, 0x30, 0xff, 0x70, 0x2c, 0x28, 0xff, 0x78, 0x2c, 0x28, 0xff,
    0x78, 0x30, 0x30, 0xff, 0x78, 0x30, 0x30, 0xff, 0x78, 0x30, 0x28, 0xff,
    0x70, 0x2c, 0x28, 0xff, 0x78, 0x30, 0x30, 0xff, 0x78, 0x34, 0x30, 0xff,
    0x78, 0x2c, 0x28, 0xff, 0x78, 0x30, 0x28, 0xff, 0x78, 0x30, 0x28, 0xff,
    0x78, 0x30, 0x30, 0xff, 0x78, 0x30, 0x30, 0xff, 0x70, 0x28, 0x28, 0xff,
    0x70, 0x2c, 0x28, 0xff, 0x78, 0x30, 0x30, 0xff, 0x78, 0x30, 0x28, 0xff,
    0x78, 0x30, 0x28, 0xff, 0x70, 0x2c, 0x28, 0xff, 0x78, 0x30, 0x30, 0xff,
    0x78, 0x34, 0x30, 0xff, 0x70, 0x2c, 0x28, 0xff, 0x70, 0x2c, 0x28, 0xff,
    0x78, 0x30, 0x30, 0xff, 0x78, 0x30, 0x28, 0xff, 0x78, 0x30, 0x30, 0xff,
    0x70, 0x2c, 0x28, 0xff, 0x70, 0x2c, 0x28, 0xff, 0x78, 0x34, 0x30, 0xff,
    0x78, 0x30, 0x30, 0xff, 0x78, 0x2c, 0x28, 0xff, 0x70, 0x2c, 0x28, 0xff,
    0x78, 0x2c, 0x30, 0xff, 0x78, 0x34, 0x30, 0xff, 0x78, 0x30, 0x30, 0xff,
    0x70, 0x28, 0x28, 0xff, 0x78, 0x30, 0x30, 0xff, 0x78, 0x30, 0x30, 0xff,
    0x70, 0x2c, 0x28, 0xff, 0x78, 0x30, 0x28, 0xff, 0x70, 0x2c, 0x28, 0xff,
    0x78, 0x30, 0x30, 0xff, 0x78, 0x30, 0x30, 0xff, 0x70, 0x28, 0x28, 0xff,
    0x70, 0x2c, 0x28, 0xff, 0x78, 0x30, 0x30, 0xff, 0x78, 0x30, 0x28, 0xff,
    0x70, 0x2c, 0x28, 0xff, 0x70, 0x2c, 0x28, 0xff, 0x78, 0x30, 0x30, 0xff,
    0x78, 0x34, 0x30, 0xff, 0x70, 0x2c, 0x28, 0xff, 0x70, 0x2c, 0x28, 0xff,
    0x78, 0x30, 0x30, 0xff, 0x70, 0x2c, 0x28, 0xff, 0x78, 0x34, 0x30, 0xff,
    0x70, 0x2c, 0x28, 0xff, 0x70, 0x28, 0x28, 0xff, 0x78, 0x34, 0x30, 0xff,
    0x78, 0x2c, 0x28, 0xff, 0x70, 0x28, 0x28, 0xff, 0x78, 0x30, 0x30, 0xff,
    0x78, 0x30, 0x30, 0xff, 0x70, 0x2c, 0x28, 0xff, 0x70, 0x28, 0x28, 0xff,
    0x78, 0x34, 0x30, 0xff, 0x78, 0x2c, 0x28, 0xff, 0x70, 0x28, 0x28, 0xff,
    0x78, 0x34, 0x30, 0xff, 0x70, 0x2c, 0x28, 0xff, 0x70, 0x2c, 0x28, 0xff,
    0x80, 0x34, 0x30, 0xff, 0x70, 0x2c, 0x28, 0xff, 0x70, 0x28, 0x28, 0xff,
    0x80, 0x38, 0x30, 0xff, 0x78, 0x2c, 0x28, 0xff, 0x70, 0x2c, 0x28, 0xff,
    0x78, 0x34, 0x30, 0xff, 0x70, 0x28, 0x28, 0xff, 0x78, 0x2c, 0x28, 0xff,
    0x78, 0x34, 0x30, 0xff, 0x70, 0x28, 0x28, 0xff, 0x70, 0x2c, 0x28, 0xff,
    0x78, 0x34, 0x30, 0xff, 0x70, 0x2c, 0x28, 0xff, 0x70, 0x2c, 0x28, 0xff,
    0x78, 0x30, 0x30, 0xff, 0x78, 0x2c, 0x28, 0xff, 0x78, 0x30, 0x30, 0xff,
    0x78, 0x30, 0x30, 0xff, 0x70, 0x2c, 0x28, 0xff, 0x78, 0x2c, 0x28, 0xff,
    0x78, 0x30, 0x30, 0xff, 0x70, 0x2c, 0x28, 0xff, 0x78, 0x30, 0x28, 0xff,
    0x70, 0x2c, 0x30, 0xff, 0x78, 0x2c, 0x28, 0xff, 0x78, 0x30, 0x30, 0xff,
    0x70, 0x2c, 0x28, 0xff, 0x70, 0x2c, 0x28, 0xff, 0x78, 0x30, 0x30, 0xff,
    0x70, 0x2c, 0x28, 0xff, 0x70, 0x28, 0x28, 0xff, 0x78, 0x34, 0x30, 0xff,
    0x78, 0x2c, 0x28, 0xff, 0x70, 0x2c, 0x28, 0xff, 0x80, 0x38, 0x30, 0xff,
    0x70, 0x28, 0x28, 0xff, 0x70, 0x28, 0x28, 0xff, 0x78, 0x34, 0x30, 0xff,
    0x70, 0x2c, 0x28, 0xff, 0x70, 0x28, 0x28, 0xff, 0x80, 0x34, 0x30, 0xff,
    0x70, 0x2c, 0x28, 0xff, 0x70, 0x2c, 0x28, 0xff, 0x80, 0x34, 0x30, 0xff,
    0x70, 0x28, 0x28, 0xff, 0x78, 0x2c, 0x30, 0xff, 0x78, 0x34, 0x30, 0xff,
    0x70, 0x28, 0x28, 0xff, 0x70, 0x2c, 0x28, 0xff, 0x78, 0x34, 0x30, 0xff,
    0x78, 0x30, 0x30, 0xff, 0x70, 0x2c, 0x28, 0xff, 0x78, 0x30, 0x28, 0xff,
    0x70, 0x2c, 0x28, 0xff, 0x78, 0x30, 0x30, 0xff, 0x78, 0x30, 0x28, 0xff,
    0x70, 0x2c, 0x28, 0xff, 0x78, 0x2c, 0x30, 0xff, 0x78, 0x30, 0x28, 0xff,
    0x70, 0x2c, 0x28, 0xff, 0x78, 0x30, 0x30, 0xff, 0x78, 0x30, 0x28, 0xff,
    0x78, 0x2c, 0x30, 0xff, 0x78, 0x30, 0x30, 0xff, 0x70, 0x2c, 0x28, 0xff,
    0x70, 0x28, 0x28, 0xff, 0x78, 0x30, 0x30, 0xff, 0x78, 0x30, 0x28, 0xff,
    0x70, 0x28, 0x28, 0xff, 0x78, 0x34, 0x30, 0xff, 0x78, 0x2c, 0x28, 0xff,
    0x70, 0x28, 0x28, 0xff, 0x78, 0x34, 0x30, 0xff, 0x70, 0x28, 0x28, 0xff,
    0x70, 0x28, 0x28, 0xff, 0x78, 0x34, 0x30, 0xff, 0x70, 0x2c, 0x28, 0xff,
    0x70, 0x28, 0x28, 0xff, 0x80, 0x34, 0x30, 0xff, 0x78, 0x2c, 0x28, 0xff,
    0x78, 0x30, 0x28, 0xff, 0x70, 0x28, 0x28, 0xff, 0x70, 0x2c, 0x28, 0xff,
    0x78, 0x30, 0x30, 0xff, 0x70, 0x2c, 0x28, 0xff, 0x78, 0x2c, 0x28, 0xff,
    0x78, 0x30, 0x30, 0xff, 0x78, 0x2c, 0x28, 0xff, 0x78, 0x30, 0x30, 0xff,
    0x78, 0x2c, 0x28, 0xff, 0x70, 0x2c, 0x28, 0xff, 0x78, 0x30, 0x30, 0xff,
    0x78, 0x30, 0x30, 0xff, 0x70, 0x2c, 0x28, 0xff, 0x70, 0x2c, 0x28, 0xff,
    0x78, 0x2c, 0x28, 0xff, 0x78, 0x30, 0x30, 0xff, 0x78, 0x2c, 0x30, 0xff,
    0x70, 0x2c, 0x28, 0xff, 0x78, 0x2c, 0x28, 0xff, 0x70, 0x2c, 0x28, 0xff,
    0x78, 0x2c, 0x30, 0xff, 0x78, 0x2c, 0x28, 0xff, 0x70, 0x2c, 0x28, 0xff,
    0x78, 0x30, 0x30, 0xff, 0x78, 0x30, 0x30, 0xff, 0x70, 0x2c, 0x28, 0xff,
    0x70, 0x2c, 0x28, 0xff, 0x78, 0x2c, 0x28, 0xff, 0x78, 0x30, 0x30, 0xff,
    0x78, 0x2c, 0x28, 0xff, 0x70, 0x28, 0x28, 0xff, 0x70, 0x2c, 0x28, 0xff,
    0x78, 0x30, 0x30, 0xff, 0x70, 0x2c, 0x28, 0xff, 0x78, 0x30, 0x30, 0xff,
    0x70, 0x2c, 0x28, 0xff, 0x78, 0x2c, 0x28, 0xff, 0x78, 0x30, 0x30, 0xff,
    0x70, 0x2c, 0x28, 0xff, 0x70, 0x2c, 0x28, 0xff, 0x78, 0x30, 0x30, 0xff,
    0x78, 0x2c, 0x30, 0xff, 0x78, 0x30, 0x30, 0xff, 0x70, 0x28, 0x28, 0xff,
    0x70, 0x2c, 0x28, 0xff, 0x78, 0x34, 0x30, 0xff, 0x78, 0x2c, 0x28, 0xff,
    0x70, 0x28, 0x28, 0xff, 0x78, 0x30, 0x30, 0xff, 0x70, 0x2c, 0x28, 0xff,
    0x78, 0x30, 0x30, 0xff, 0x78, 0x2c, 0x28, 0xff, 0x70, 0x2c, 0x28, 0xff,
    0x78, 0x30, 0x30, 0xff, 0x78, 0x30, 0x28, 0xff, 0x70, 0x28, 0x28, 0xff,
    0x78, 0x2c, 0x30, 0xff, 0x70, 0x2c, 0x28, 0xff, 0x78, 0x30, 0x30, 0xff,
    0x78, 0x2c, 0x28, 0xff, 0x70, 0x28, 0x28, 0xff, 0x70, 0x2c, 0x28, 0xff,
    0x78, 0x30, 0x30, 0xff, 0x70, 0x2c, 0x28, 0xff, 0x78, 0x30, 0x30, 0xff,
    0x70, 0x28, 0x28, 0xff, 0x78, 0x30, 0x28, 0xff, 0x78, 0x30, 0x30, 0xff,
    0x70, 0x28, 0x28, 0xff, 0x70, 0x2c, 0x28, 0xff, 0x78, 0x30, 0x30, 0xff,
    0x70, 0x2c, 0x28, 0xff, 0x70, 0x2c, 0x28, 0xff, 0x70, 0x2c, 0x28, 0xff,
    0x78, 0x30, 0x28, 0xff, 0x78, 0x34, 0x30, 0xff, 0x70, 0x2c, 0x28, 0xff,
    0x70, 0x28, 0x28, 0xff, 0x78, 0x30, 0x30, 0xff, 0x78, 0x2c, 0x28, 0xff,
    0x78, 0x30, 0x30, 0xff, 0x70, 0x2c, 0x28, 0xff, 0x70, 0x28, 0x28, 0xff,
    0x80, 0x34, 0x30, 0xff, 0x78, 0x2c, 0x28, 0xff, 0x70, 0x2c, 0x28, 0xff,
    0x78, 0x30, 0x30, 0xff, 0x78, 0x34, 0x30, 0xff, 0x78, 0x30, 0x30, 0xff,
    0x70, 0x2c, 0x28, 0xff, 0x78, 0x2c, 0x28, 0xff, 0x78, 0x34, 0x30, 0xff,
    0x78, 0x30, 0x30, 0xff, 0x78, 0x30, 0x30, 0xff, 0x78, 0x30, 0x30, 0xff,
    0x78, 0x30, 0x30, 0xff, 0x78, 0x34, 0x30, 0xff, 0x78, 0x30, 0x30, 0xff,
    0x70, 0x2c, 0x28, 0xff, 0x78, 0x34, 0x30, 0xff, 0x80, 0x34, 0x30, 0xff,
    0x78, 0x30, 0x30, 0xff, 0x78, 0x2c, 0x30, 0xff, 0x78, 0x30, 0x30, 0xff,
    0x78, 0x38, 0x30, 0xff, 0x78, 0x30, 0x30, 0xff, 0x70, 0x2c, 0x28, 0xff,
    0x78, 0x30, 0x30, 0xff, 0x78, 0x30, 0x30, 0xff, 0x78, 0x30, 0x30, 0xff,
    0x78, 0x30, 0x30, 0xff, 0x70, 0x2c, 0x28, 0xff, 0x78, 0x34, 0x30, 0xff,
    0x80, 0x34, 0x30, 0xff, 0x70, 0x2c, 0x28, 0xff, 0x78, 0x30, 0x30, 0xff,
    0x78, 0x30, 0x30, 0xff, 0x78, 0x34, 0x30, 0xff, 0x78, 0x30, 0x30, 0xff,
    0x70, 0x28, 0x28, 0xff, 0x78, 0x34, 0x30, 0xff, 0x80, 0x38, 0x30, 0xff,
    0x78, 0x30, 0x30, 0xff, 0x78, 0x30, 0x30, 0xff, 0x78, 0x30, 0x30, 0xff,
    0x78, 0x30, 0x30, 0xff, 0x78, 0x34, 0x30, 0xff, 0x78, 0x2c, 0x28, 0xff,
    0x70, 0x2c, 0x28, 0xff, 0x78, 0x34, 0x30, 0xff, 0x78, 0x34, 0x30, 0xff,
    0x78, 0x30, 0x30, 0xff, 0x70, 0x2c, 0x28, 0xff, 0x78, 0x30, 0x30, 0xff,
    0x80, 0x38, 0x38, 0xff, 0x78, 0x30, 0x30, 0xff, 0x70, 0x2c, 0x28, 0xff,
    0x78, 0x34, 0x30, 0xff, 0x78, 0x30, 0x30, 0xff, 0x80, 0x34, 0x30, 0xff,
    0x78, 0x30, 0x30, 0xff, 0x70, 0x30, 0x30, 0xff, 0x80, 0x38, 0x30, 0xff,
    0x78, 0x34, 0x30, 0xff, 0x78, 0x2c, 0x28, 0xff, 0x78, 0x30, 0x30, 0xff,
    0x78, 0x30, 0x30, 0xff, 0x78, 0x34, 0x30, 0xff, 0x78, 0x30, 0x30, 0xff,
    0x70, 0x28, 0x28, 0xff, 0x78, 0x34, 0x30, 0xff, 0x80, 0x38, 0x30, 0xff,
    0x78, 0x2c, 0x28, 0xff, 0x78, 0x30, 0x30, 0xff, 0x70, 0x2c, 0x28, 0xff,
    0x78, 0x34, 0x30, 0xff, 0x78, 0x30, 0x30, 0xff, 0x70, 0x2c, 0x28, 0xff,
    0x78, 0x30, 0x28, 0xff, 0x80, 0x34, 0x30, 0xff, 0x78, 0x30, 0x30, 0xff,
    0x78, 0x30, 0x30, 0xff, 0x78, 0x2c, 0x28, 0xff, 0x78, 0x30, 0x30, 0xff,
    0x80, 0x38, 0x38, 0xff, 0x78, 0x2c, 0x28, 0xff, 0x70, 0x2c, 0x28, 0xff,
    0x80, 0x34, 0x30, 0xff, 0x78, 0x30, 0x30, 0xff, 0x80, 0x34, 0x30, 0xff,
    0x78, 0x30, 0x30, 0xff, 0x70, 0x28, 0x28, 0xff, 0x80, 0x34, 0x38, 0xff,
    0x78, 0x30, 0x30, 0xff, 0x70, 0x2c, 0x28, 0xff, 0x78, 0x34, 0x30, 0xff,
    0x78, 0x30, 0x30, 0xff, 0x70, 0x2c, 0x28, 0xff, 0x78, 0x34, 0x30, 0xff,
    0x80, 0x34, 0x30, 0xff, 0x70, 0x2c, 0x28, 0xff, 0x78, 0x30, 0x30, 0xff,
    0x80, 0x38, 0x38, 0xff, 0x70, 0x28, 0x28, 0xff, 0x78, 0x30, 0x30, 0xff,
    0x78, 0x34, 0x30, 0xff, 0x78, 0x2c, 0x28, 0xff, 0x78, 0x30, 0x30, 0xff,
    0x78, 0x34, 0x30, 0xff, 0x78, 0x30, 0x30, 0xff, 0x70, 0x28, 0x28, 0xff,
    0x78, 0x34, 0x30, 0xff, 0x78, 0x30, 0x28, 0xff, 0x78, 0x2c, 0x28, 0xff,
    0x78, 0x34, 0x30, 0xff, 0x78, 0x34, 0x30, 0xff, 0x70, 0x2c, 0x28, 0xff,
    0x78, 0x34, 0x30, 0xff, 0x80, 0x34, 0x30, 0xff, 0x70, 0x2c, 0x28, 0xff,
    0x78, 0x34, 0x30, 0xff, 0x78, 0x30, 0x30, 0xff, 0x78, 0x2c, 0x28, 0xff,
    0x78, 0x30, 0x30, 0xff, 0x80, 0x38, 0x30, 0xff, 0x70, 0x2c, 0x28, 0xff,
    0x78, 0x2c, 0x28, 0xff, 0x78, 0x38, 0x30, 0xff, 0x78, 0x30, 0x30, 0xff,
    0x78, 0x2c, 0x28, 0xff, 0x78, 0x34, 0x30, 0xff, 0x78, 0x30, 0x30, 0xff,
    0x70, 0x28, 0x28, 0xff, 0x78, 0x34, 0x30, 0xff, 0x78, 0x30, 0x28, 0xff,
    0x70, 0x2c, 0x28, 0xff, 0x78, 0x34, 0x30, 0xff, 0x80, 0x34, 0x30, 0xff,
    0x70, 0x2c, 0x28, 0xff, 0x78, 0x30, 0x30, 0xff, 0x80, 0x34, 0x30, 0xff,
    0x78, 0x2c, 0x28, 0xff, 0x78, 0x30, 0x30, 0xff, 0x78, 0x30, 0x30, 0xff,
    0x78, 0x2c, 0x28, 0xff, 0x78, 0x30, 0x30, 0xff, 0x78, 0x34, 0x30, 0xff,
    0x78, 0x30, 0x30, 0xff, 0x70, 0x2c, 0x28, 0xff, 0x78, 0x34, 0x30, 0xff,
    0x78, 0x30, 0x28, 0xff, 0x78, 0x2c, 0x28, 0xff, 0x78, 0x34, 0x30, 0xff,
    0x78, 0x30, 0x30, 0xff, 0x70, 0x2c, 0x28, 0xff, 0x78, 0x34, 0x30, 0xff,
    0x78, 0x30, 0x30, 0xff, 0x70, 0x2c, 0x28, 0xff, 0x78, 0x34, 0x30, 0xff,
    0x78, 0x30, 0x30, 0xff, 0x78, 0x2c, 0x28, 0xff, 0x78, 0x30, 0x30, 0xff,
    0x80, 0x34, 0x30, 0xff, 0x78, 0x30, 0x30, 0xff, 0x78, 0x30, 0x28, 0xff,
    0x80, 0x34, 0x30, 0xff, 0x78, 0x2c, 0x30, 0xff, 0x70, 0x2c, 0x28, 0xff,
    0x78, 0x34, 0x30, 0xff, 0x78, 0x30, 0x30, 0xff, 0x70, 0x2c, 0x28, 0xff,
    0x80, 0x38, 0x30, 0xff, 0x78, 0x30, 0x30, 0xff, 0x70, 0x2c, 0x28, 0xff,
    0x78, 0x34, 0x30, 0xff, 0x80, 0x34, 0x30, 0xff, 0x70, 0x2c, 0x28, 0xff,
    0x78, 0x34, 0x30, 0xff, 0x78, 0x34, 0x30, 0xff, 0x70, 0x2c, 0x28, 0xff,
    0x78, 0x30, 0x30, 0xff, 0x78, 0x30, 0x30, 0xff, 0x70, 0x2c, 0x28, 0xff,
    0x78, 0x30, 0x30, 0xff, 0x78, 0x34, 0x30, 0xff, 0x78, 0x30, 0x30, 0xff,
    0x80, 0x38, 0x38, 0xff, 0x78, 0x30, 0x30, 0xff, 0x78, 0x30, 0x30, 0xff,
    0x80, 0x38, 0x30, 0xff, 0x78, 0x30, 0x30, 0xff, 0x70, 0x30, 0x28, 0xff,
    0x80, 0x38, 0x30, 0xff, 0x78, 0x30, 0x28, 0xff, 0x78, 0x30, 0x30, 0xff,
    0x78, 0x34, 0x30, 0xff, 0x78, 0x30, 0x30, 0xff, 0x78, 0x2c, 0x28, 0xff,
    0x78, 0x34, 0x30, 0xff, 0x80, 0x38, 0x30, 0xff, 0x78, 0x2c, 0x30, 0xff,
    0x78, 0x30, 0x30, 0xff, 0x80, 0x38, 0x38, 0xff, 0x78, 0x30, 0x30, 0xff,
    0x78, 0x30, 0x30, 0xff, 0x80, 0x34, 0x30, 0xff, 0x78, 0x30, 0x30, 0xff,
    0x78, 0x30, 0x30, 0xff, 0x80, 0x38, 0x30, 0xff, 0x78, 0x30, 0x30, 0xff,
    0x78, 0x30, 0x30, 0xff, 0x78, 0x34, 0x30, 0xff, 0x78, 0x30, 0x30, 0xff,
    0x78, 0x30, 0x28, 0xff, 0x80, 0x34, 0x38, 0xff, 0x78, 0x34, 0x30, 0xff,
    0x78, 0x30, 0x30, 0xff, 0x78, 0x30, 0x30, 0xff, 0x78, 0x34, 0x30, 0xff,
    0x78, 0x30, 0x30, 0xff, 0x78, 0x30, 0x30, 0xff, 0x80, 0x38, 0x30, 0xff,
    0x78, 0x30, 0x28, 0xff, 0x78, 0x30, 0x30, 0xff, 0x80, 0x38, 0x30, 0xff,
    0x78, 0x30, 0x30, 0xff, 0x78, 0x2c, 0x30, 0xff, 0x80, 0x34, 0x30, 0xff,
    0x78, 0x34, 0x30, 0xff, 0x78, 0x30, 0x30, 0xff, 0x78, 0x34, 0x30, 0xff,
    0x78, 0x34, 0x30, 0xff, 0x78, 0x34, 0x30, 0xff, 0x78, 0x34, 0x30, 0xff,
    0x78, 0x34, 0x30, 0xff, 0x78, 0x30, 0x28, 0xff, 0x80, 0x34, 0x30, 0xff,
    0x80, 0x34, 0x38, 0xff, 0x78, 0x2c, 0x28, 0xff, 0x78, 0x30, 0x30, 0xff,
    0x80, 0x34, 0x30, 0xff, 0x78, 0x34, 0x30, 0xff, 0x78, 0x30, 0x30, 0xff,
    0x80, 0x38, 0x30, 0xff, 0x78, 0x30, 0x30, 0xff, 0x78, 0x34, 0x30, 0xff,
    0x80, 0x34, 0x30, 0xff, 0x78, 0x30, 0x28, 0xff, 0x78, 0x30, 0x30, 0xff,
    0x80, 0x38, 0x38, 0xff, 0x78, 0x34, 0x30, 0xff, 0x70, 0x2c, 0x30, 0xff,
    0x78, 0x30, 0x30, 0xff, 0x78, 0x34, 0x30, 0xff, 0x78, 0x30, 0x30, 0xff,
    0x78, 0x30, 0x30, 0xff, 0x78, 0x34, 0x30, 0xff, 0x78, 0x30, 0x30, 0xff,
    0x78, 0x30, 0x30, 0xff, 0x80, 0x38, 0x30, 0xff, 0x70, 0x2c, 0x30, 0xff,
    0x78, 0x34, 0x30, 0xff, 0x80, 0x38, 0x30, 0xff, 0x78, 0x30, 0x30, 0xff,
    0x78, 0x30, 0x30, 0xff, 0x80, 0x34, 0x30, 0xff, 0x78, 0x30, 0x30, 0xff,
    0x78, 0x30, 0x30, 0xff, 0x80, 0x34, 0x30, 0xff, 0x78, 0x30, 0x28, 0xff,
    0x78, 0x34, 0x30, 0xff, 0x78, 0x34, 0x30, 0xff, 0x78, 0x30, 0x30, 0xff,
    0x78, 0x30, 0x28, 0xff, 0x80, 0x34, 0x30, 0xff, 0x80, 0x38, 0x38, 0xff,
    0x78, 0x30, 0x30, 0xff, 0x78, 0x30, 0x30, 0xff, 0x80, 0x38, 0x30, 0xff,
    0x78, 0x34, 0x30, 0xff, 0x78, 0x30, 0x30, 0xff, 0x80, 0x34, 0x30, 0xff,
    0x78, 0x34, 0x30, 0xff, 0x80, 0x34, 0x30, 0xff, 0x78, 0x34, 0x30, 0xff,
    0x78, 0x30, 0x30, 0xff, 0x78, 0x34, 0x30, 0xff, 0x80, 0x34, 0x38, 0xff,
    0x78, 0x34, 0x30, 0xff, 0x78, 0x30, 0x30, 0xff, 0x78, 0x34, 0x30, 0xff,
    0x80, 0x38, 0x38, 0xff, 0x78, 0x34, 0x30, 0xff, 0x78, 0x30, 0x28, 0xff,
    0x78, 0x34, 0x30, 0xff, 0x78, 0x34, 0x30, 0xff, 0x78, 0x30, 0x30, 0xff,
    0x80, 0x34, 0x30, 0xff, 0x78, 0x30, 0x30, 0xff, 0x80, 0x38, 0x30, 0xff,
    0x80, 0x34, 0x30, 0xff, 0x78, 0x34, 0x30, 0xff, 0x78, 0x34, 0x30, 0xff,
    0x78, 0x34, 0x30, 0xff, 0x80, 0x38, 0x30, 0xff, 0x78, 0x34, 0x30, 0xff,
    0x78, 0x30, 0x28, 0xff, 0x78, 0x34, 0x30, 0xff, 0x80, 0x34, 0x30, 0xff,
    0x78, 0x30, 0x30, 0xff, 0x80, 0x38, 0x30, 0xff, 0x78, 0x34, 0x30, 0xff,
    0x78, 0x34, 0x30, 0xff, 0x80, 0x38, 0x38, 0xff, 0x78, 0x30, 0x30, 0xff,
    0x78, 0x30, 0x30, 0xff, 0x80, 0x38, 0x30, 0xff, 0x78, 0x34, 0x30, 0xff,
    0x78, 0x30, 0x30, 0xff, 0x80, 0x34, 0x30, 0xff, 0x80, 0x34, 0x30, 0xff,
    0x80, 0x38, 0x38, 0xff, 0x78, 0x34, 0x30, 0xff, 0x78, 0x30, 0x28, 0xff,
    0x78, 0x34, 0x30, 0xff, 0x78, 0x34, 0x30, 0xff, 0x80, 0x38, 0x30, 0xff,
    0x78, 0x30, 0x30, 0xff, 0x78, 0x34, 0x30, 0xff, 0x80, 0x38, 0x38, 0xff,
    0x80, 0x34, 0x30, 0xff, 0x78, 0x30, 0x28, 0xff, 0x78, 0x34, 0x30, 0xff,
    0x80, 0x34, 0x30, 0xff, 0x80, 0x34, 0x30, 0xff, 0x80, 0x34, 0x30, 0xff,
    0x78, 0x30, 0x30, 0xff, 0x80, 0x34, 0x30, 0xff, 0x80, 0x38, 0x30, 0xff,
    0x78, 0x34, 0x30, 0xff, 0x78, 0x34, 0x30, 0xff, 0x78, 0x30, 0x28, 0xff,
    0x80, 0x34, 0x30, 0xff, 0x78, 0x34, 0x30, 0xff, 0x78, 0x30, 0x28, 0xff,
    0x80, 0x34, 0x30, 0xff, 0x80, 0x38, 0x30, 0xff, 0x78, 0x34, 0x30, 0xff,
    0x80, 0x38, 0x30, 0xff, 0x78, 0x30, 0x28, 0xff, 0x78, 0x34, 0x30, 0xff,
    0x80, 0x38, 0x38, 0xff, 0x78, 0x30, 0x30, 0xff, 0x78, 0x30, 0x28, 0xff,
    0x80, 0x38, 0x30, 0xff, 0x78, 0x30, 0x30, 0xff, 0x80, 0x38, 0x30, 0xff,
    0x78, 0x34, 0x30, 0xff, 0x78, 0x2c, 0x30, 0xff, 0x80, 0x38, 0x30, 0xff,
    0x80, 0x38, 0x30, 0xff, 0x78, 0x30, 0x30, 0xff, 0x78, 0x34, 0x30, 0xff,
    0x78, 0x30, 0x30, 0xff, 0x78, 0x34, 0x30, 0xff, 0x78, 0x34, 0x28, 0xff,
    0x78, 0x34, 0x30, 0xff, 0x80, 0x34, 0x30, 0xff, 0x78, 0x30, 0x30, 0xff,
    0x80, 0x38, 0x30, 0xff, 0x80, 0x34, 0x30, 0xff, 0x78, 0x30, 0x30, 0xff,
    0x78, 0x34, 0x30, 0xff, 0x80, 0x38, 0x38, 0xff, 0x78, 0x30, 0x30, 0xff,
    0x80, 0x34, 0x30, 0xff, 0x78, 0x34, 0x30, 0xff, 0x70, 0x2c, 0x28, 0xff,
    0x80, 0x38, 0x30, 0xff, 0x80, 0x34, 0x30, 0xff, 0x70, 0x2c, 0x28, 0xff,
    0x80, 0x34, 0x30, 0xff, 0x80, 0x38, 0x38, 0xff, 0x70, 0x2c, 0x28, 0xff,
    0x80, 0x34, 0x30, 0xff, 0x80, 0x38, 0x30, 0xff, 0x70, 0x2c, 0x28, 0xff,
    0x80, 0x38, 0x30, 0xff, 0x78, 0x34, 0x30, 0xff, 0x78, 0x30, 0x30, 0xff,
    0x80, 0x38, 0x38, 0xff, 0x80, 0x38, 0x38, 0xff, 0x78, 0x2c, 0x28, 0xff,
    0x80, 0x34, 0x30, 0xff, 0x80, 0x34, 0x30, 0xff, 0x78, 0x30, 0x30, 0xff,
    0x80, 0x38, 0x30, 0xff, 0x78, 0x34, 0x30, 0xff, 0x78, 0x34, 0x30, 0xff,
    0x80, 0x34, 0x30, 0xff, 0x80, 0x34, 0x30, 0xff, 0x78, 0x30, 0x30, 0xff,
    0x78, 0x34, 0x30, 0xff, 0x78, 0x34, 0x30, 0xff, 0x78, 0x34, 0x30, 0xff,
    0x80, 0x34, 0x30, 0xff, 0x78, 0x30, 0x30, 0xff, 0x80, 0x38, 0x30, 0xff,
    0x80, 0x38, 0x30, 0xff, 0x78, 0x34, 0x30, 0xff, 0x78, 0x34, 0x30, 0xff,
    0x80, 0x38, 0x30, 0xff, 0x78, 0x2c, 0x28, 0xff, 0x80, 0x34, 0x38, 0xff,
    0x80, 0x38, 0x30, 0xff, 0x78, 0x30, 0x30, 0xff, 0x80, 0x38, 0x38, 0xff,
    0x80, 0x38, 0x38, 0xff, 0x78, 0x30, 0x28, 0xff, 0x80, 0x34, 0x30, 0xff,
    0x80, 0x38, 0x38, 0xff, 0x70, 0x2c, 0x28, 0xff, 0x80, 0x34, 0x38, 0xff,
    0x80, 0x34, 0x30, 0xff, 0x70, 0x2c, 0x28, 0xff, 0x80, 0x3c, 0x38, 0xff,
    0x78, 0x34, 0x30, 0xff, 0x70, 0x2c, 0x28, 0xff, 0x80, 0x38, 0x38, 0xff,
    0x80, 0x34, 0x30, 0xff, 0x78, 0x30, 0x30, 0xff, 0x78, 0x34, 0x30, 0xff,
    0x80, 0x34, 0x30, 0xff, 0x78, 0x2c, 0x30, 0xff, 0x78, 0x34, 0x30, 0xff,
    0x80, 0x34, 0x30, 0xff, 0x78, 0x30, 0x30, 0xff, 0x80, 0x34, 0x30, 0xff,
    0x78, 0x34, 0x30, 0xff, 0x78, 0x30, 0x30, 0xff, 0x80, 0x34, 0x30, 0xff,
    0x78, 0x30, 0x30, 0xff, 0x78, 0x34, 0x30, 0xff, 0x80, 0x34, 0x30, 0xff,
    0x78, 0x30, 0x30, 0xff, 0x78, 0x34, 0x30, 0xff, 0x80, 0x38, 0x38, 0xff,
    0x78, 0x30, 0x28, 0xff, 0x78, 0x30, 0x30, 0xff, 0x80, 0x34, 0x30, 0xff,
    0x78, 0x30, 0x30, 0xff, 0x88, 0x40, 0x38, 0xff, 0x78, 0x30, 0x30, 0xff,
    0x80, 0x38, 0x30, 0xff, 0x78, 0x30, 0x30, 0xff, 0x70, 0x2c, 0x28, 0xff,
    0x80, 0x34, 0x30, 0xff, 0x78, 0x30, 0x30, 0xff, 0x70, 0x28, 0x28, 0xff,
    0x78, 0x38, 0x30, 0xff, 0x78, 0x30, 0x30, 0xff, 0x78, 0x30, 0x30, 0xff,
    0x78, 0x34, 0x30, 0xff, 0x78, 0x34, 0x30, 0xff, 0x70, 0x2c, 0x28, 0xff,
    0x80, 0x34, 0x30, 0xff, 0x80, 0x34, 0x38, 0xff, 0x70, 0x2c, 0x28, 0xff,
    0x78, 0x30, 0x30, 0xff, 0x80, 0x34, 0x30, 0xff, 0x78, 0x30, 0x28, 0xff,
    0x78, 0x30, 0x30, 0xff, 0x80, 0x34, 0x30, 0xff, 0x78, 0x2c, 0x28, 0xff,
    0x70, 0x2c, 0x28, 0xff, 0x80, 0x34, 0x30, 0xff, 0x78, 0x30, 0x30, 0xff,
    0x78, 0x30, 0x30, 0xff, 0x78, 0x34, 0x30, 0xff, 0x78, 0x34, 0x30, 0xff,
    0x78, 0x2c, 0x28, 0xff, 0x80, 0x34, 0x38, 0xff, 0x78, 0x30, 0x30, 0xff,
    0x70, 0x2c, 0x28, 0xff, 0x78, 0x30, 0x30, 0xff, 0x78, 0x34, 0x30, 0xff,
    0x78, 0x2c, 0x28, 0xff, 0x78, 0x30, 0x30, 0xff, 0x80, 0x38, 0x30, 0xff,
    0x70, 0x2c, 0x28, 0xff, 0x88, 0x44, 0x40, 0xff, 0x80, 0x34, 0x30, 0xff,
    0x78, 0x2c, 0x28, 0xff, 0x78, 0x2c, 0x30, 0xff, 0x78, 0x38, 0x30, 0xff,
    0x78, 0x30, 0x30, 0xff, 0x70, 0x2c, 0x28, 0xff, 0x78, 0x34, 0x30, 0xff,
    0x78, 0x30, 0x30, 0xff, 0x78, 0x30, 0x28, 0xff, 0x80, 0x34, 0x30, 0xff,
    0x78, 0x34, 0x30, 0xff, 0x70, 0x2c, 0x28, 0xff, 0x78, 0x34, 0x30, 0xff,
    0x78, 0x34, 0x30, 0xff, 0x78, 0x2c, 0x28, 0xff, 0x78, 0x30, 0x30, 0xff,
    0x78, 0x34, 0x30, 0xff, 0x70, 0x2c, 0x28, 0xff, 0x78, 0x30, 0x30, 0xff,
    0x80, 0x34, 0x30, 0xff, 0x70, 0x2c, 0x28, 0xff, 0x78, 0x30, 0x30, 0xff,
    0x80, 0x38, 0x30, 0xff, 0x78, 0x30, 0x30, 0xff, 0x78, 0x30, 0x30, 0xff,
    0x78, 0x34, 0x30, 0xff, 0x78, 0x34, 0x30, 0xff, 0x78, 0x2c, 0x28, 0xff,
    0x78, 0x34, 0x30, 0xff, 0x78, 0x30, 0x30, 0xff, 0x78, 0x2c, 0x28, 0xff,
    0x78, 0x30, 0x30, 0xff, 0x78, 0x34, 0x30, 0xff, 0x78, 0x30, 0x30, 0xff,
    0x78, 0x30, 0x30, 0xff, 0x80, 0x38, 0x30, 0xff, 0x78, 0x2c, 0x30, 0xff,
    0x78, 0x30, 0x30, 0xff, 0x78, 0x34, 0x30, 0xff, 0x78, 0x30, 0x30, 0xff,
    0x78, 0x30, 0x28, 0xff, 0x78, 0x34, 0x30, 0xff, 0x78, 0x30, 0x30, 0xff,
    0x78, 0x2c, 0x28, 0xff, 0x80, 0x34, 0x30, 0xff, 0x78, 0x30, 0x30, 0xff,
    0x78, 0x30, 0x30, 0xff, 0x78, 0x34, 0x30, 0xff, 0x78, 0x34, 0x30, 0xff,
    0xc0, 0x78, 0x58, 0xff, 0x80, 0x38, 0x30, 0xff, 0x88, 0x40, 0x40, 0xff,
    0x90, 0x5c, 0x78, 0xff, 0x78, 0x34, 0x38, 0xff, 0x80, 0x38, 0x38, 0xff,
    0x78, 0x34, 0x30, 0xff, 0x88, 0x40, 0x40, 0xff, 0x78, 0x34, 0x30, 0xff,
    0x78, 0x34, 0x30, 0xff, 0x80, 0x38, 0x30, 0xff, 0x80, 0x34, 0x30, 0xff,
    0x78, 0x30, 0x30, 0xff, 0x80, 0x38, 0x30, 0xff, 0x80, 0x38, 0x30, 0xff,
    0x80, 0x34, 0x30, 0xff, 0x78, 0x34, 0x30, 0xff, 0x80, 0x34, 0x30, 0xff,
    0x80, 0x38, 0x38, 0xff, 0x78, 0x38, 0x30, 0xff, 0x78, 0x30, 0x30, 0xff,
    0x80, 0x34, 0x38, 0xff, 0x78, 0x34, 0x30, 0xff, 0x80, 0x34, 0x30, 0xff,
    0x80, 0x38, 0x30, 0xff, 0x78, 0x30, 0x30, 0xff, 0x80, 0x38, 0x30, 0xff,
    0x80, 0x38, 0x38, 0xff, 0x78, 0x34, 0x30, 0xff, 0x80, 0x34, 0x30, 0xff,
    0x80, 0x38, 0x30, 0xff, 0x80, 0x38, 0x30, 0xff, 0x80, 0x38, 0x30, 0xff,
    0x78, 0x30, 0x30, 0xff, 0x80, 0x38, 0x30, 0xff, 0x80, 0x38, 0x38, 0xff,
    0x80, 0x34, 0x30, 0xff, 0x80, 0x38, 0x38, 0xff, 0x78, 0x34, 0x30, 0xff,
    0x80, 0x38, 0x38, 0xff, 0x80, 0x38, 0x38, 0xff, 0x78, 0x34, 0x30, 0xff,
    0x78, 0x30, 0x30, 0xff, 0x80, 0x38, 0x30, 0xff, 0x80, 0x38, 0x30, 0xff,
    0x80, 0x34, 0x30, 0xff, 0x78, 0x34, 0x30, 0xff, 0x80, 0x34, 0x30, 0xff,
    0x80, 0x3c, 0x38, 0xff, 0x80, 0x34, 0x30, 0xff, 0x78, 0x34, 0x30, 0xff,
    0x80, 0x38, 0x30, 0xff, 0x80, 0x34, 0x30, 0xff, 0x80, 0x38, 0x38, 0xff,
    0x78, 0x34, 0x30, 0xff, 0x78, 0x34, 0x30, 0xff, 0x80, 0x38, 0x38, 0xff,
    0x80, 0x38, 0x30, 0xff, 0x80, 0x34, 0x30, 0xff, 0x80, 0x38, 0x30, 0xff,
    0x78, 0x38, 0x30, 0xff, 0x80, 0x38, 0x38, 0xff, 0x80, 0x38, 0x30, 0xff,
    0x78, 0x30, 0x28, 0xff, 0x80, 0x34, 0x30, 0xff, 0x80, 0x3c, 0x38, 0xff,
    0x80, 0x34, 0x30, 0xff, 0x80, 0x34, 0x30, 0xff, 0x78, 0x30, 0x30, 0xff,
    0x80, 0x38, 0x30, 0xff, 0x80, 0x38, 0x38, 0xff, 0x78, 0x30, 0x30, 0xff,
    0x78, 0x34, 0x30, 0xff, 0x80, 0x38, 0x30, 0xff, 0x78, 0x34, 0x30, 0xff,
    0x80, 0x38, 0x30, 0xff, 0x78, 0x30, 0x30, 0xff, 0x80, 0x34, 0x30, 0xff,
    0x80, 0x3c, 0x38, 0xff, 0x78, 0x34, 0x30, 0xff, 0x78, 0x34, 0x30, 0xff,
    0x80, 0x38, 0x30, 0xff, 0x80, 0x34, 0x30, 0xff, 0x80, 0x38, 0x38, 0xff,
    0x78, 0x34, 0x30, 0xff, 0x78, 0x30, 0x30, 0xff, 0x80, 0x3c, 0x38, 0xff,
    0x80, 0x34, 0x30, 0xff, 0xa0, 0x5c, 0x48, 0xff, 0xc0, 0x78, 0x60, 0xff,
    0x78, 0x34, 0x28, 0xff, 0x98, 0x48, 0x58, 0xff, 0xa0, 0x58, 0x68, 0xff,
    0x98, 0x4c, 0x60, 0xff, 0x78, 0x34, 0x30, 0xff, 0x80, 0x38, 0x30, 0xff,
    0x98, 0x54, 0x58, 0xff, 0x80, 0x38, 0x30, 0xff, 0x80, 0x34, 0x30, 0xff,
    0x80, 0x34, 0x30, 0xff, 0x80, 0x38, 0x30, 0xff, 0x80, 0x38, 0x30, 0xff,
    0x78, 0x34, 0x30, 0xff, 0x80, 0x34, 0x30, 0xff, 0x80, 0x38, 0x38, 0xff,
    0x80, 0x38, 0x30, 0xff, 0x80, 0x38, 0x30, 0xff, 0x80, 0x34, 0x30, 0xff,
    0x80, 0x38, 0x38, 0xff, 0x80, 0x38, 0x38, 0xff, 0x80, 0x38, 0x30, 0xff,
    0x80, 0x38, 0x38, 0xff, 0x80, 0x38, 0x30, 0xff, 0x78, 0x34, 0x30, 0xff,
    0x80, 0x38, 0x30, 0xff, 0x80, 0x34, 0x30, 0xff, 0x80, 0x34, 0x30, 0xff,
    0x80, 0x38, 0x30, 0xff, 0x80, 0x34, 0x30, 0xff, 0x78, 0x38, 0x38, 0xff,
    0x80, 0x38, 0x30, 0xff, 0x80, 0x34, 0x30, 0xff, 0x80, 0x38, 0x30, 0xff,
    0x80, 0x34, 0x38, 0xff, 0x78, 0x38, 0x30, 0xff, 0x80, 0x38, 0x38, 0xff,
    0x78, 0x34, 0x30, 0xff, 0x80, 0x34, 0x30, 0xff, 0x80, 0x38, 0x30, 0xff,
    0x80, 0x38, 0x30, 0xff, 0x80, 0x34, 0x38, 0xff, 0x80, 0x38, 0x30, 0xff,
    0x80, 0x34, 0x30, 0xff, 0x80, 0x38, 0x30, 0xff, 0x80, 0x38, 0x30, 0xff,
    0x80, 0x38, 0x38, 0xff, 0x80, 0x34, 0x30, 0xff, 0x80, 0x34, 0x30, 0xff,
    0x78, 0x34, 0x30, 0xff, 0x80, 0x38, 0x30, 0xff, 0x80, 0x34, 0x30, 0xff,
    0x80, 0x34, 0x38, 0xff, 0x80, 0x38, 0x30, 0xff, 0x80, 0x38, 0x38, 0xff,
    0x80, 0x38, 0x30, 0xff, 0x80, 0x34, 0x30, 0xff, 0x80, 0x38, 0x30, 0xff,
    0x80, 0x38, 0x30, 0xff, 0x80, 0x38, 0x38, 0xff, 0x78, 0x34, 0x30, 0xff,
    0x80, 0x34, 0x30, 0xff, 0x78, 0x34, 0x30, 0xff, 0x78, 0x34, 0x30, 0xff,
    0x80, 0x38, 0x30, 0xff, 0x78, 0x34, 0x30, 0xff, 0x80, 0x38, 0x38, 0xff,
    0x80, 0x34, 0x30, 0xff, 0x80, 0x38, 0x38, 0xff, 0x78, 0x38, 0x30, 0xff,
    0x80, 0x38, 0x30, 0xff, 0x80, 0x34, 0x30, 0xff, 0x80, 0x38, 0x30, 0xff,
    0x80, 0x34, 0x30, 0xff, 0x80, 0x38, 0x30, 0xff, 0x78, 0x38, 0x30, 0xff,
    0x80, 0x34, 0x38, 0xff, 0x80, 0x38, 0x30, 0xff, 0x80, 0x34, 0x30, 0xff,
    0x80, 0x38, 0x30, 0xff, 0x80, 0x38, 0x30, 0xff, 0x80, 0x34, 0x30, 0xff,
    0x80, 0x34, 0x30, 0xff, 0x78, 0x34, 0x30, 0xff, 0x78, 0x38, 0x30, 0xff,
    0x80, 0x34, 0x30, 0xff, 0x78, 0x34, 0x30, 0xff, 0x80, 0x3c, 0x30, 0xff,
    0xb8, 0x70, 0x50, 0xff, 0xc0, 0x74, 0x58, 0xff, 0x78, 0x34, 0x28, 0xff,
    0x80, 0x38, 0x38, 0xff, 0x90, 0x44, 0x48, 0xff, 0x90, 0x5c, 0x78, 0xff,
    0x78, 0x38, 0x38, 0xff, 0x80, 0x38, 0x30, 0xff, 0x80, 0x34, 0x30, 0xff,
    0x80, 0x38, 0x30, 0xff, 0x80, 0x38, 0x38, 0xff, 0x78, 0x34, 0x30, 0xff,
    0x80, 0x38, 0x38, 0xff, 0x80, 0x38, 0x38, 0xff, 0x78, 0x34, 0x30, 0xff,
    0x78, 0x34, 0x30, 0xff, 0x80, 0x38, 0x30, 0xff, 0x80, 0x38, 0x38, 0xff,
    0x80, 0x38, 0x30, 0xff, 0x78, 0x30, 0x30, 0xff, 0x78, 0x34, 0x30, 0xff,
    0x80, 0x38, 0x38, 0xff, 0x80, 0x38, 0x30, 0xff, 0x80, 0x38, 0x38, 0xff,
    0x80, 0x38, 0x30, 0xff, 0x80, 0x38, 0x38, 0xff, 0x80, 0x38, 0x38, 0xff,
    0x78, 0x34, 0x30, 0xff, 0x78, 0x34, 0x30, 0xff, 0x80, 0x3c, 0x38, 0xff,
    0x80, 0x38, 0x30, 0xff, 0x80, 0x38, 0x38, 0xff, 0x78, 0x34, 0x30, 0xff,
    0x78, 0x34, 0x30, 0xff, 0x80, 0x3c, 0x38, 0xff, 0x80, 0x38, 0x30, 0xff,
    0x78, 0x34, 0x30, 0xff, 0x80, 0x38, 0x38, 0xff, 0x80, 0x34, 0x30, 0xff,
    0x78, 0x38, 0x30, 0xff, 0x80, 0x34, 0x30, 0xff, 0x78, 0x34, 0x30, 0xff,
    0x80, 0x38, 0x38, 0xff, 0x80, 0x38, 0x38, 0xff, 0x78, 0x34, 0x30, 0xff,
    0x80, 0x34, 0x30, 0xff, 0x80, 0x38, 0x38, 0xff, 0x80, 0x38, 0x38, 0xff,
    0x80, 0x38, 0x30, 0xff, 0x78, 0x34, 0x30, 0xff, 0x80, 0x38, 0x30, 0xff,
    0x80, 0x38, 0x38, 0xff, 0x78, 0x38, 0x30, 0xff, 0x80, 0x38, 0x38, 0xff,
    0x78, 0x34, 0x30, 0xff, 0x80, 0x38, 0x38, 0xff, 0x80, 0x38, 0x30, 0xff,
    0x78, 0x34, 0x30, 0xff, 0x80, 0x38, 0x30, 0xff, 0x80, 0x38, 0x38, 0xff,
    0x80, 0x38, 0x30, 0xff, 0x80, 0x38, 0x38, 0xff, 0x78, 0x34, 0x30, 0xff,
    0x80, 0x38, 0x30, 0xff, 0x80, 0x3c, 0x38, 0xff, 0x80, 0x34, 0x30, 0xff,
    0x78, 0x34, 0x30, 0xff, 0x80, 0x38, 0x38, 0xff, 0x80, 0x38, 0x30, 0xff,
    0x80, 0x38, 0x38, 0xff, 0x78, 0x34, 0x30, 0xff, 0x80, 0x34, 0x30, 0xff,
    0x80, 0x3c, 0x38, 0xff, 0x78, 0x38, 0x30, 0xff, 0x78, 0x34, 0x30, 0xff,
    0x80, 0x34, 0x30, 0xff, 0x80, 0x38, 0x30, 0xff, 0x80, 0x38, 0x38, 0xff,
    0x78, 0x38, 0x30, 0xff, 0x78, 0x34, 0x30, 0xff, 0x80, 0x38, 0x38, 0xff,
    0x80, 0x38, 0x38, 0xff, 0x78, 0x34, 0x30, 0xff, 0x80, 0x38, 0x38, 0xff,
    0x80, 0x38, 0x30, 0xff, 0x80, 0x38, 0x30, 0xff, 0x80, 0x3c, 0x38, 0xff,
    0x78, 0x34, 0x30, 0xff, 0x80, 0x3c, 0x38, 0xff, 0xb8, 0x70, 0x50, 0xff,
    0xb8, 0x74, 0x58, 0xff, 0x78, 0x34, 0x28, 0xff, 0x78, 0x34, 0x28, 0xff,
    0x98, 0x48, 0x58, 0xff, 0xb0, 0x70, 0x88, 0xff, 0x90, 0x48, 0x50, 0xff,
    0x80, 0x34, 0x38, 0xff, 0x88, 0x40, 0x40, 0xff, 0x80, 0x38, 0x30, 0xff,
    0x80, 0x38, 0x30, 0xff, 0x88, 0x40, 0x38, 0xff, 0x78, 0x34, 0x30, 0xff,
    0x80, 0x34, 0x30, 0xff, 0x88, 0x40, 0x38, 0xff, 0x80, 0x38, 0x30, 0xff,
    0x80, 0x34, 0x30, 0xff, 0x80, 0x3c, 0x38, 0xff, 0x78, 0x34, 0x30, 0xff,
    0x80, 0x38, 0x38, 0xff, 0x88, 0x3c, 0x38, 0xff, 0x78, 0x34, 0x30, 0xff,
    0x80, 0x38, 0x30, 0xff, 0x88, 0x40, 0x38, 0xff, 0x80, 0x38, 0x30, 0xff,
    0x80, 0x38, 0x30, 0xff, 0x80, 0x3c, 0x38, 0xff, 0x80, 0x38, 0x30, 0xff,
    0x80, 0x38, 0x38, 0xff, 0x80, 0x38, 0x38, 0xff, 0x80, 0x34, 0x30, 0xff,
    0x80, 0x38, 0x30, 0xff, 0x80, 0x3c, 0x38, 0xff, 0x80, 0x38, 0x38, 0xff,
    0x80, 0x3c, 0x38, 0xff, 0x80, 0x38, 0x38, 0xff, 0x80, 0x38, 0x38, 0xff,
    0x88, 0x3c, 0x38, 0xff, 0x80, 0x38, 0x30, 0xff, 0x80, 0x38, 0x30, 0xff,
    0x80, 0x3c, 0x38, 0xff, 0x80, 0x38, 0x38, 0xff, 0x78, 0x34, 0x30, 0xff,
    0x88, 0x3c, 0x38, 0xff, 0x80, 0x38, 0x30, 0xff, 0x80, 0x38, 0x38, 0xff,
    0x88, 0x40, 0x38, 0xff, 0x78, 0x34, 0x30, 0xff, 0x78, 0x38, 0x30, 0xff,
    0x88, 0x3c, 0x38, 0xff, 0x78, 0x34, 0x30, 0xff, 0x78, 0x34, 0x30, 0xff,
    0x88, 0x40, 0x40, 0xff, 0x80, 0x34, 0x30, 0xff, 0x80, 0x38, 0x30, 0xff,
    0x88, 0x40, 0x38, 0xff, 0x80, 0x34, 0x30, 0xff, 0x80, 0x38, 0x38, 0xff,
    0x88, 0x3c, 0x38, 0xff, 0x78, 0x34, 0x30, 0xff, 0x80, 0x38, 0x30, 0xff,
    0x88, 0x3c, 0x38, 0xff, 0x80, 0x38, 0x38, 0xff, 0x80, 0x38, 0x38, 0xff,
    0x80, 0x3c, 0x38, 0xff, 0x80, 0x38, 0x30, 0xff, 0x80, 0x38, 0x38, 0xff,
    0x80, 0x3c, 0x38, 0xff, 0x80, 0x38, 0x30, 0xff, 0x80, 0x38, 0x38, 0xff,
    0x80, 0x3c, 0x38, 0xff, 0x80, 0x38, 0x38, 0xff, 0x80, 0x38, 0x38, 0xff,
    0x80, 0x38, 0x38, 0xff, 0x80, 0x38, 0x38, 0xff, 0x88, 0x3c, 0x38, 0xff,
    0x80, 0x38, 0x30, 0xff, 0x78, 0x34, 0x30, 0xff, 0x80, 0x3c, 0x38, 0xff,
    0x80, 0x38, 0x38, 0xff, 0x80, 0x34, 0x30, 0xff, 0x88, 0x3c, 0x38, 0xff,
    0x80, 0x38, 0x38, 0xff, 0x80, 0x38, 0x30, 0xff, 0x88, 0x40, 0x38, 0xff,
    0x78, 0x34, 0x30, 0xff, 0x78, 0x34, 0x30, 0xff, 0x88, 0x3c, 0x38, 0xff,
    0xa0, 0x54, 0x48, 0xff, 0xb8, 0x70, 0x50, 0xff, 0xb8, 0x70, 0x50, 0xff,
    0x78, 0x34, 0x28, 0xff, 0x78, 0x34, 0x28, 0xff, 0x80, 0x34, 0x30, 0xff,
    0x80, 0x38, 0x40, 0xff, 0x90, 0x48, 0x50, 0xff, 0x80, 0x3c, 0x40, 0xff,
    0x80, 0x34, 0x30, 0xff, 0x80, 0x38, 0x38, 0xff, 0x78, 0x34, 0x30, 0xff,
    0x80, 0x38, 0x38, 0xff, 0x78, 0x34, 0x30, 0xff, 0x80, 0x34, 0x30, 0xff,
    0x80, 0x38, 0x38, 0xff, 0x80, 0x38, 0x30, 0xff, 0x80, 0x34, 0x30, 0xff,
    0x78, 0x34, 0x30, 0xff, 0x78, 0x34, 0x30, 0xff, 0x80, 0x38, 0x30, 0xff,
    0x80, 0x38, 0x30, 0xff, 0x80, 0x34, 0x30, 0xff, 0x78, 0x34, 0x30, 0xff,
    0x78, 0x34, 0x30, 0xff, 0x80, 0x34, 0x30, 0xff, 0x80, 0x38, 0x30, 0xff,
    0x78, 0x34, 0x30, 0xff, 0x80, 0x38, 0x38, 0xff, 0x80, 0x38, 0x30, 0xff,
    0x80, 0x34, 0x30, 0xff, 0x78, 0x34, 0x30, 0xff, 0x80, 0x38, 0x30, 0xff,
    0x80, 0x34, 0x30, 0xff, 0x80, 0x34, 0x30, 0xff, 0x78, 0x34, 0x30, 0xff,
    0x80, 0x38, 0x30, 0xff, 0x80, 0x38, 0x30, 0xff, 0x80, 0x34, 0x30, 0xff,
    0x78, 0x38, 0x30, 0xff, 0x80, 0x38, 0x30, 0xff, 0x80, 0x34, 0x30, 0xff,
    0x80, 0x38, 0x38, 0xff, 0x80, 0x34, 0x30, 0xff, 0x78, 0x34, 0x30, 0xff,
    0x80, 0x38, 0x30, 0xff, 0x78, 0x38, 0x30, 0xff, 0x80, 0x34, 0x30, 0xff,
    0x78, 0x34, 0x30, 0xff, 0x80, 0x34, 0x30, 0xff, 0x80, 0x38, 0x38, 0xff,
    0x80, 0x34, 0x30, 0xff, 0x80, 0x34, 0x30, 0xff, 0x80, 0x34, 0x30, 0xff,
    0x78, 0x34, 0x30, 0xff, 0x80, 0x38, 0x38, 0xff, 0x80, 0x38, 0x30, 0xff,
    0x80, 0x38, 0x30, 0xff, 0x80, 0x38, 0x38, 0xff, 0x80, 0x38, 0x30, 0xff,
    0x78, 0x38, 0x30, 0xff, 0x80, 0x38, 0x38, 0xff, 0x78, 0x34, 0x30, 0xff,
    0x80, 0x38, 0x30, 0xff, 0x80, 0x34, 0x30, 0xff, 0x78, 0x34, 0x30, 0xff,
    0x80, 0x34, 0x30, 0xff, 0x80, 0x38, 0x30, 0xff, 0x80, 0x34, 0x30, 0xff,
    0x80, 0x38, 0x30, 0xff, 0x78, 0x34, 0x30, 0xff, 0x80, 0x38, 0x30, 0xff,
    0x80, 0x34, 0x30, 0xff, 0x78, 0x34, 0x30, 0xff, 0x80, 0x38, 0x30, 0xff,
    0x80, 0x38, 0x38, 0xff, 0x80, 0x38, 0x30, 0xff, 0x80, 0x38, 0x30, 0xff,
    0x78, 0x34, 0x30, 0xff, 0x80, 0x38, 0x30, 0xff, 0x80, 0x38, 0x30, 0xff,
    0x80, 0x38, 0x30, 0xff, 0x78, 0x34, 0x30, 0xff, 0x80, 0x38, 0x38, 0xff,
    0x80, 0x34, 0x30, 0xff, 0x80, 0x38, 0x38, 0xff, 0x80, 0x34, 0x30, 0xff,
    0x78, 0x34, 0x30, 0xff, 0x80, 0x3c, 0x38, 0xff, 0xc0, 0x78, 0x58, 0xff,
    0xb8, 0x68, 0x48, 0xff, 0xb0, 0x68, 0x48, 0xff, 0x78, 0x34, 0x28, 0xff,
    0x78, 0x34, 0x28, 0xff, 0x88, 0x44, 0x48, 0xff, 0xa0, 0x58, 0x68, 0xff,
    0xa0, 0x58, 0x70, 0xff, 0x80, 0x3c, 0x40, 0xff, 0x80, 0x38, 0x38, 0xff,
    0x80, 0x34, 0x30, 0xff, 0x80, 0x38, 0x38, 0xff, 0x78, 0x34, 0x30, 0xff,
    0x80, 0x38, 0x38, 0xff, 0x80, 0x38, 0x38, 0xff, 0x80, 0x34, 0x30, 0xff,
    0x78, 0x34, 0x30, 0xff, 0x80, 0x38, 0x38, 0xff, 0x80, 0x3c, 0x38, 0xff,
    0x80, 0x38, 0x38, 0xff, 0x78, 0x30, 0x30, 0xff, 0x80, 0x38, 0x30, 0xff,
    0x80, 0x3c, 0x38, 0xff, 0x80, 0x38, 0x38, 0xff, 0x80, 0x38, 0x38, 0xff,
    0x80, 0x38, 0x38, 0xff, 0x80, 0x38, 0x38, 0xff, 0x80, 0x3c, 0x38, 0xff,
    0x80, 0x34, 0x30, 0xff, 0x78, 0x34, 0x30, 0xff, 0x80, 0x3c, 0x38, 0xff,
    0x80, 0x3c, 0x38, 0xff, 0x80, 0x34, 0x30, 0xff, 0x78, 0x34, 0x30, 0xff,
    0x80, 0x38, 0x30, 0xff, 0x88, 0x3c, 0x38, 0xff, 0x80, 0x38, 0x38, 0xff,
    0x78, 0x34, 0x30, 0xff, 0x80, 0x38, 0x38, 0xff, 0x80, 0x34, 0x30, 0xff,
    0x80, 0x38, 0x38, 0xff, 0x78, 0x34, 0x30, 0xff, 0x78, 0x34, 0x30, 0xff,
    0x88, 0x3c, 0x38, 0xff, 0x80, 0x3c, 0x38, 0xff, 0x78, 0x34, 0x30, 0xff,
    0x80, 0x38, 0x38, 0xff, 0x80, 0x38, 0x38, 0xff, 0x80, 0x38, 0x38, 0xff,
    0x80, 0x38, 0x38, 0xff, 0x78, 0x30, 0x30, 0xff, 0x80, 0x38, 0x30, 0xff,
    0x80, 0x3c, 0x38, 0xff, 0x80, 0x38, 0x30, 0xff, 0x80, 0x38, 0x38, 0xff,
    0x78, 0x34, 0x30, 0xff, 0x80, 0x38, 0x38, 0xff, 0x80, 0x3c, 0x38, 0xff,
    0x78, 0x34, 0x30, 0xff, 0x80, 0x34, 0x30, 0xff, 0x80, 0x38, 0x38, 0xff,
    0x80, 0x34, 0x30, 0xff, 0x80, 0x38, 0x38, 0xff, 0x78, 0x34, 0x30, 0xff,
    0x80, 0x34, 0x30, 0xff, 0x88, 0x3c, 0x38, 0xff, 0x78, 0x34, 0x30, 0xff,
    0x78, 0x34, 0x30, 0xff, 0x80, 0x38, 0x38, 0xff, 0x80, 0x38, 0x30, 0xff,
    0x80, 0x3c, 0x38, 0xff, 0x90, 0x44, 0x48, 0xff, 0x78, 0x34, 0x30, 0xff,
    0x80, 0x3c, 0x38, 0xff, 0x80, 0x38, 0x30, 0xff, 0x78, 0x34, 0x30, 0xff,
    0x80, 0x38, 0x38, 0xff, 0x80, 0x34, 0x30, 0xff, 0x88, 0x3c, 0x38, 0xff,
    0x80, 0x34, 0x30, 0xff, 0x78, 0x30, 0x30, 0xff, 0x80, 0x3c, 0x38, 0xff,
    0x88, 0x3c, 0x38, 0xff, 0x80, 0x38, 0x30, 0xff, 0x80, 0x3c, 0x30, 0xff,
    0x80, 0x34, 0x30, 0xff, 0x80, 0x38, 0x38, 0xff, 0x98, 0x4c, 0x40, 0xff,
    0xb8, 0x70, 0x50, 0xff, 0xc8, 0x7c, 0x60, 0xff, 0xb0, 0x68, 0x48, 0xff,
    0xb0, 0x68, 0x48, 0xff, 0x78, 0x34, 0x28, 0xff, 0x78, 0x34, 0x28, 0xff,
    0x78, 0x34, 0x28, 0xff, 0x80, 0x38, 0x30, 0xff, 0x98, 0x48, 0x58, 0xff,
    0x90, 0x48, 0x50, 0xff, 0x88, 0x3c, 0x38, 0xff, 0x80, 0x38, 0x30, 0xff,
    0x80, 0x38, 0x38, 0xff, 0x80, 0x3c, 0x38, 0xff, 0x80, 0x38, 0x38, 0xff,
    0x80, 0x38, 0x30, 0xff, 0x88, 0x40, 0x38, 0xff, 0x80, 0x3c, 0x38, 0xff,
    0x80, 0x38, 0x30, 0xff, 0x88, 0x3c, 0x38, 0xff, 0x80, 0x3c, 0x38, 0xff,
    0x80, 0x38, 0x38, 0xff, 0x88, 0x3c, 0x38, 0xff, 0x80, 0x3c, 0x38, 0xff,
    0x80, 0x38, 0x30, 0xff, 0x88, 0x3c, 0x38, 0xff, 0x88, 0x3c, 0x38, 0xff,
    0x80, 0x38, 0x30, 0xff, 0x80, 0x3c, 0x38, 0xff, 0x88, 0x3c, 0x38, 0xff,
    0x80, 0x38, 0x38, 0xff, 0x80, 0x3c, 0x38, 0xff, 0x88, 0x40, 0x38, 0xff,
    0x80, 0x38, 0x38, 0xff, 0x80, 0x38, 0x38, 0xff, 0x80, 0x3c, 0x38, 0xff,
    0x80, 0x3c, 0x38, 0xff, 0x80, 0x38, 0x30, 0xff, 0x88, 0x3c, 0x38, 0xff,
    0x80, 0x3c, 0x38, 0xff, 0x80, 0x38, 0x30, 0xff, 0x88, 0x40, 0x38, 0xff,
    0x80, 0x3c, 0x38, 0xff, 0x80, 0x38, 0x30, 0xff, 0x88, 0x40, 0x38, 0xff,
    0x88, 0x3c, 0x38, 0xff, 0x80, 0x34, 0x30, 0xff, 0x80, 0x38, 0x38, 0xff,
    0x88, 0x3c, 0x38, 0xff, 0x80, 0x38, 0x30, 0xff, 0x80, 0x3c, 0x38, 0xff,
    0x88, 0x3c, 0x38, 0xff, 0x80, 0x3c, 0x38, 0xff, 0x80, 0x38, 0x38, 0xff,
    0x88, 0x3c, 0x38, 0xff, 0x80, 0x3c, 0x38, 0xff, 0x80, 0x38, 0x38, 0xff,
    0x88, 0x3c, 0x38, 0xff, 0x80, 0x3c, 0x38, 0xff, 0x80, 0x38, 0x30, 0xff,
    0x80, 0x3c, 0x38, 0xff, 0x88, 0x3c, 0x38, 0xff, 0x80, 0x38, 0x30, 0xff,
    0x88, 0x3c, 0x38, 0xff, 0x80, 0x3c, 0x38, 0xff, 0x80, 0x38, 0x30, 0xff,
    0x88, 0x3c, 0x38, 0xff, 0x80, 0x3c, 0x38, 0xff, 0x80, 0x38, 0x38, 0xff,
    0x80, 0x3c, 0x38, 0xff, 0x88, 0x40, 0x38, 0xff, 0x80, 0x38, 0x38, 0xff,
    0x80, 0x38, 0x38, 0xff, 0x88, 0x3c, 0x38, 0xff, 0x80, 0x3c, 0x38, 0xff,
    0x80, 0x38, 0x38, 0xff, 0x88, 0x3c, 0x38, 0xff, 0x80, 0x3c, 0x38, 0xff,
    0x80, 0x38, 0x38, 0xff, 0x88, 0x40, 0x38, 0xff, 0x80, 0x38, 0x38, 0xff,
    0x80, 0x38, 0x38, 0xff, 0x88, 0x3c, 0x38, 0xff, 0x88, 0x3c, 0x38, 0xff,
    0x98, 0x54, 0x40, 0xff, 0xb0, 0x70, 0x50, 0xff, 0xa0, 0x5c, 0x48, 0xff,
    0x88, 0x3c, 0x38, 0xff, 0xb8, 0x70, 0x50, 0xff, 0xc0, 0x78, 0x58, 0xff,
    0xb8, 0x74, 0x58, 0xff, 0xb8, 0x70, 0x50, 0xff, 0xb0, 0x68, 0x48, 0xff,
    0x78, 0x34, 0x28, 0xff, 0x78, 0x34, 0x20, 0xff, 0x80, 0x38, 0x28, 0xff,
    0x88, 0x48, 0x30, 0xff, 0x88, 0x40, 0x40, 0xff, 0x98, 0x48, 0x58, 0xff,
    0x80, 0x3c, 0x38, 0xff, 0x90, 0x48, 0x50, 0xff, 0x90, 0x5c, 0x78, 0xff,
    0x80, 0x3c, 0x38, 0xff, 0x80, 0x38, 0x30, 0xff, 0x88, 0x3c, 0x38, 0xff,
    0x80, 0x38, 0x38, 0xff, 0x80, 0x38, 0x38, 0xff, 0x88, 0x40, 0x38, 0xff,
    0x80, 0x34, 0x30, 0xff, 0x80, 0x38, 0x30, 0xff, 0x88, 0x3c, 0x38, 0xff,
    0x80, 0x38, 0x30, 0xff, 0x78, 0x34, 0x30, 0xff, 0x88, 0x40, 0x38, 0xff,
    0x80, 0x38, 0x30, 0xff, 0x78, 0x34, 0x30, 0xff, 0x88, 0x40, 0x38, 0xff,
    0x78, 0x34, 0x30, 0xff, 0x80, 0x38, 0x38, 0xff, 0x88, 0x3c, 0x38, 0xff,
    0x80, 0x34, 0x30, 0xff, 0x80, 0x34, 0x30, 0xff, 0x88, 0x40, 0x38, 0xff,
    0x80, 0x38, 0x38, 0xff, 0x80, 0x38, 0x30, 0xff, 0x80, 0x3c, 0x38, 0xff,
    0x80, 0x34, 0x30, 0xff, 0x80, 0x38, 0x38, 0xff, 0x80, 0x38, 0x38, 0xff,
    0x80, 0x38, 0x30, 0xff, 0x80, 0x38, 0x30, 0xff, 0x80, 0x3c, 0x38, 0xff,
    0x80, 0x38, 0x38, 0xff, 0x80, 0x38, 0x38, 0xff, 0x80, 0x38, 0x38, 0xff,
    0x80, 0x38, 0x30, 0xff, 0x80, 0x3c, 0x38, 0xff, 0x80, 0x38, 0x30, 0xff,
    0x78, 0x34, 0x30, 0xff, 0x80, 0x3c, 0x38, 0xff, 0x80, 0x3c, 0x38, 0xff,
    0x80, 0x34, 0x30, 0xff, 0x80, 0x3c, 0x38, 0xff, 0x80, 0x38, 0x38, 0xff,
    0x80, 0x38, 0x30, 0xff, 0x88, 0x3c, 0x38, 0xff, 0x78, 0x34, 0x30, 0xff,
    0x80, 0x34, 0x30, 0xff, 0x88, 0x3c, 0x38, 0xff, 0x80, 0x38, 0x38, 0xff,
    0x80, 0x38, 0x30, 0xff, 0x88, 0x40, 0x38, 0xff, 0x78, 0x34, 0x30, 0xff,
    0x80, 0x38, 0x38, 0xff, 0x88, 0x40, 0x40, 0xff, 0x78, 0x34, 0x30, 0xff,
    0x80, 0x38, 0x30, 0xff, 0x88, 0x3c, 0x38, 0xff, 0x80, 0x34, 0x30, 0xff,
    0x80, 0x34, 0x30, 0xff, 0x88, 0x3c, 0x38, 0xff, 0x80, 0x38, 0x30, 0xff,
    0x80, 0x34, 0x30, 0xff, 0x88, 0x3c, 0x38, 0xff, 0x80, 0x38, 0x30, 0xff,
    0x80, 0x38, 0x38, 0xff, 0x80, 0x3c, 0x38, 0xff, 0x80, 0x38, 0x30, 0xff,
    0x80, 0x38, 0x30, 0xff, 0x80, 0x3c, 0x38, 0xff, 0x80, 0x38, 0x38, 0xff,
    0x80, 0x38, 0x38, 0xff, 0x80, 0x3c, 0x30, 0xff, 0xb8, 0x70, 0x60, 0xff,
    0xb8, 0x70, 0x50, 0xff, 0xb8, 0x6c, 0x50, 0xff, 0xb0, 0x64, 0x50, 0xff,
    0xc0, 0x74, 0x58, 0xff, 0xb0, 0x6c, 0x48, 0xff, 0xb8, 0x6c, 0x48, 0xff,
    0xb8, 0x70, 0x50, 0xff, 0xb0, 0x68, 0x50, 0xff, 0x78, 0x34, 0x28, 0xff,
    0x78, 0x34, 0x28, 0xff, 0x78, 0x34, 0x28, 0xff, 0x78, 0x38, 0x28, 0xff,
    0x88, 0x44, 0x48, 0xff, 0x88, 0x40, 0x40, 0xff, 0x80, 0x3c, 0x40, 0xff,
    0x88, 0x44, 0x48, 0xff, 0xb0, 0x64, 0x78, 0xff, 0x88, 0x3c, 0x40, 0xff,
    0x80, 0x3c, 0x38, 0xff, 0x88, 0x3c, 0x38, 0xff, 0x80, 0x38, 0x30, 0xff,
    0x80, 0x38, 0x38, 0xff, 0x80, 0x38, 0x30, 0xff, 0x80, 0x3c, 0x38, 0xff,
    0x88, 0x3c, 0x38, 0xff, 0x80, 0x38, 0x30, 0xff, 0x80, 0x38, 0x38, 0xff,
    0x88, 0x3c, 0x38, 0xff, 0x80, 0x38, 0x38, 0xff, 0x80, 0x3c, 0x38, 0xff,
    0x80, 0x3c, 0x38, 0xff, 0x80, 0x38, 0x38, 0xff, 0x88, 0x40, 0x38, 0xff,
    0x80, 0x38, 0x38, 0xff, 0x80, 0x34, 0x30, 0xff, 0x88, 0x40, 0x38, 0xff,
    0x80, 0x3c, 0x38, 0xff, 0x80, 0x38, 0x30, 0xff, 0x80, 0x38, 0x30, 0xff,
    0x80, 0x38, 0x38, 0xff, 0x88, 0x3c, 0x38, 0xff, 0x88, 0x3c, 0x38, 0xff,
    0x80, 0x38, 0x30, 0xff, 0x80, 0x38, 0x38, 0xff, 0x80, 0x38, 0x38, 0xff,
    0x88, 0x38, 0x38, 0xff, 0x80, 0x34, 0x30, 0xff, 0x80, 0x38, 0x30, 0xff,
    0x88, 0x3c, 0x38, 0xff, 0x88, 0x3c, 0x38, 0xff, 0x80, 0x34, 0x30, 0xff,
    0x80, 0x38, 0x30, 0xff, 0x80, 0x38, 0x38, 0xff, 0x88, 0x3c, 0x38, 0xff,
    0x80, 0x38, 0x38, 0xff, 0x80, 0x34, 0x30, 0xff, 0x80, 0x3c, 0x38, 0xff,
    0x80, 0x3c, 0x38, 0xff, 0x80, 0x38, 0x30, 0xff, 0x80, 0x3c, 0x38, 0xff,
    0x78, 0x34, 0x30, 0xff, 0x88, 0x3c, 0x38, 0xff, 0x80, 0x3c, 0x38, 0xff,
    0x78, 0x34, 0x30, 0xff, 0x80, 0x38, 0x38, 0xff, 0x88, 0x40, 0x38, 0xff,
    0x80, 0x38, 0x38, 0xff, 0x80, 0x38, 0x38, 0xff, 0x80, 0x34, 0x30, 0xff,
    0x80, 0x38, 0x30, 0xff, 0x88, 0x40, 0x38, 0xff, 0x80, 0x38, 0x30, 0xff,
    0x80, 0x34, 0x30, 0xff, 0x80, 0x3c, 0x38, 0xff, 0x80, 0x3c, 0x38, 0xff,
    0x80, 0x3c, 0x38, 0xff, 0x80, 0x38, 0x38, 0xff, 0x80, 0x38, 0x38, 0xff,
    0x80, 0x3c, 0x38, 0xff, 0x80, 0x3c, 0x38, 0xff, 0x80, 0x34, 0x30, 0xff,
    0x80, 0x38, 0x38, 0xff, 0x80, 0x38, 0x38, 0xff, 0x88, 0x3c, 0x38, 0xff,
    0x80, 0x38, 0x30, 0xff, 0x80, 0x34, 0x30, 0xff, 0x88, 0x3c, 0x38, 0xff,
    0x98, 0x54, 0x40, 0xff, 0xc8, 0x80, 0x68, 0xff, 0xc8, 0x80, 0x68, 0xff,
    0xc0, 0x74, 0x58, 0xff, 0xc0, 0x7c, 0x60, 0xff, 0xb8, 0x70, 0x50, 0xff,
    0xb8, 0x68, 0x48, 0xff, 0xb0, 0x68, 0x48, 0xff, 0xa8, 0x64, 0x48, 0xff,
    0x90, 0x58, 0x60, 0xff, 0x78, 0x34, 0x28, 0xff, 0x78, 0x34, 0x28, 0xff,
    0x78, 0x34, 0x28, 0xff, 0x78, 0x34, 0x28, 0xff, 0x78, 0x34, 0x28, 0xff,
    0x78, 0x34, 0x28, 0xff, 0x78, 0x34, 0x28, 0xff, 0x80, 0x38, 0x30, 0xff,
    0x98, 0x48, 0x60, 0xff, 0x98, 0x48, 0x58, 0xff, 0x88, 0x3c, 0x38, 0xff,
    0x80, 0x3c, 0x38, 0xff, 0x80, 0x38, 0x38, 0xff, 0x80, 0x3c, 0x38, 0xff,
    0x80, 0x34, 0x30, 0xff, 0x88, 0x40, 0x40, 0xff, 0x88, 0x40, 0x38, 0xff,
    0x80, 0x34, 0x30, 0xff, 0x80, 0x3c, 0x38, 0xff, 0x88, 0x40, 0x38, 0xff,
    0x80, 0x34, 0x30, 0xff, 0x80, 0x3c, 0x38, 0xff, 0x88, 0x3c, 0x38, 0xff,
    0x80, 0x34, 0x30, 0xff, 0x88, 0x40, 0x38, 0xff, 0x80, 0x3c, 0x38, 0xff,
    0x80, 0x34, 0x30, 0xff, 0x88, 0x40, 0x38, 0xff, 0x80, 0x3c, 0x38, 0xff,
    0x80, 0x34, 0x30, 0xff, 0x80, 0x38, 0x38, 0xff, 0x80, 0x3c, 0x38, 0xff,
    0x80, 0x3c, 0x38, 0xff, 0x88, 0x3c, 0x38, 0xff, 0x80, 0x38, 0x38, 0xff,
    0x80, 0x3c, 0x38, 0xff, 0x80, 0x3c, 0x38, 0xff, 0x88, 0x3c, 0x38, 0xff,
    0x80, 0x38, 0x38, 0xff, 0x80, 0x3c, 0x38, 0xff, 0x88, 0x3c, 0x38, 0xff,
    0x80, 0x3c, 0x38, 0xff, 0x80, 0x38, 0x30, 0xff, 0x80, 0x38, 0x38, 0xff,
    0x88, 0x3c, 0x38, 0xff, 0x88, 0x40, 0x38, 0xff, 0x80, 0x38, 0x38, 0xff,
    0x80, 0x38, 0x30, 0xff, 0x88, 0x3c, 0x38, 0xff, 0x80, 0x3c, 0x38, 0xff,
    0x88, 0x38, 0x38, 0xff, 0x88, 0x3c, 0x38, 0xff, 0x80, 0x38, 0x30, 0xff,
    0x88, 0x40, 0x38, 0xff, 0x88, 0x40, 0x38, 0xff, 0x78, 0x34, 0x30, 0xff,
    0x88, 0x38, 0x38, 0xff, 0x88, 0x40, 0x40, 0xff, 0x80, 0x38, 0x30, 0xff,
    0x88, 0x3c, 0x38, 0xff, 0x80, 0x38, 0x38, 0xff, 0x80, 0x38, 0x30, 0xff,
    0x88, 0x40, 0x40, 0xff, 0x80, 0x38, 0x38, 0xff, 0x80, 0x38, 0x30, 0xff,
    0x88, 0x40, 0x40, 0xff, 0x88, 0x3c, 0x38, 0xff, 0x80, 0x38, 0x38, 0xff,
    0x88, 0x3c, 0x38, 0xff, 0x88, 0x38, 0x38, 0xff, 0x88, 0x3c, 0x38, 0xff,
    0x88, 0x3c, 0x38, 0xff, 0x80, 0x38, 0x30, 0xff, 0x80, 0x3c, 0x38, 0xff,
    0x88, 0x3c, 0x38, 0xff, 0x88, 0x40, 0x38, 0xff, 0x80, 0x38, 0x30, 0xff,
    0x80, 0x34, 0x30, 0xff, 0x98, 0x54, 0x40, 0xff, 0xb0, 0x70, 0x60, 0xff,
    0xc0, 0x74, 0x58, 0xff, 0xb8, 0x74, 0x50, 0xff, 0xc0, 0x78, 0x60, 0xff,
    0xc0, 0x74, 0x58, 0xff, 0xb0, 0x6c, 0x50, 0xff, 0xb8, 0x68, 0x48, 0xff,
    0xa8, 0x64, 0x48, 0xff, 0x70, 0x40, 0x48, 0xff, 0xa0, 0x78, 0xa0, 0xff,
    0x78, 0x34, 0x28, 0xff, 0x78, 0x34, 0x20, 0xff, 0x78, 0x34, 0x20, 0xff,
    0x78, 0x34, 0x28, 0xff, 0x78, 0x34, 0x28, 0xff, 0x78, 0x34, 0x28, 0xff,
    0x78, 0x34, 0x28, 0xff, 0x78, 0x34, 0x28, 0xff, 0x88, 0x3c, 0x40, 0xff,
    0xa0, 0x58, 0x70, 0xff, 0x88, 0x40, 0x38, 0xff, 0x88, 0x3c, 0x38, 0xff,
    0x80, 0x38, 0x30, 0xff, 0x80, 0x3c, 0x38, 0xff, 0x88, 0x40, 0x40, 0xff,
    0x80, 0x38, 0x30, 0xff, 0x88, 0x3c, 0x38, 0xff, 0x88, 0x40, 0x40, 0xff,
    0x80, 0x38, 0x38, 0xff, 0x80, 0x3c, 0x38, 0xff, 0x88, 0x40, 0x38, 0xff,
    0x80, 0x38, 0x38, 0xff, 0x80, 0x38, 0x30, 0xff, 0x88, 0x40, 0x40, 0xff,
    0x80, 0x38, 0x38, 0xff, 0x80, 0x3c, 0x38, 0xff, 0x88, 0x40, 0x38, 0xff,
    0x88, 0x3c, 0x38, 0xff, 0x80, 0x38, 0x38, 0xff, 0x88, 0x44, 0x40, 0xff,
    0x88, 0x3c, 0x38, 0xff, 0x80, 0x38, 0x30, 0xff, 0x80, 0x3c, 0x38, 0xff,
    0x88, 0x3c, 0x38, 0xff, 0x80, 0x38, 0x30, 0xff, 0x88, 0x3c, 0x38, 0xff,
    0x88, 0x44, 0x40, 0xff, 0x80, 0x38, 0x30, 0xff, 0x80, 0x3c, 0x38, 0xff,
    0x88, 0x40, 0x38, 0xff, 0x80, 0x38, 0x38, 0xff, 0x80, 0x38, 0x38, 0xff,
    0x88, 0x44, 0x40, 0xff, 0x88, 0x40, 0x38, 0xff, 0x80, 0x34, 0x30, 0xff,
    0x88, 0x40, 0x38, 0xff, 0x80, 0x3c, 0x38, 0xff, 0x88, 0x38, 0x38, 0xff,
    0x88, 0x40, 0x38, 0xff, 0x88, 0x3c, 0x38, 0xff, 0x80, 0x38, 0x30, 0xff,
    0x88, 0x40, 0x38, 0xff, 0x88, 0x40, 0x38, 0xff, 0x80, 0x38, 0x38, 0xff,
    0x88, 0x3c, 0x38, 0xff, 0x88, 0x40, 0x38, 0xff, 0x88, 0x3c, 0x38, 0xff,
    0x80, 0x38, 0x38, 0xff, 0x88, 0x40, 0x38, 0xff, 0x80, 0x38, 0x38, 0xff,
    0x88, 0x3c, 0x38, 0xff, 0x88, 0x40, 0x40, 0xff, 0x80, 0x38, 0x38, 0xff,
    0x88, 0x3c, 0x38, 0xff, 0x88, 0x40, 0x38, 0xff, 0x80, 0x3c, 0x38, 0xff,
    0x80, 0x38, 0x30, 0xff, 0x88, 0x3c, 0x38, 0xff, 0x88, 0x40, 0x38, 0xff,
    0x80, 0x38, 0x30, 0xff, 0x80, 0x3c, 0x38, 0xff, 0x88, 0x40, 0x38, 0xff,
    0x80, 0x3c, 0x38, 0xff, 0x88, 0x3c, 0x38, 0xff, 0x88, 0x44, 0x38, 0xff,
    0x80, 0x38, 0x30, 0xff, 0x88, 0x3c, 0x38, 0xff, 0xa0, 0x5c, 0x50, 0xff,
    0xc8, 0x7c, 0x60, 0xff, 0xc8, 0x7c, 0x60, 0xff, 0xb0, 0x6c, 0x48, 0xff,
    0xb8, 0x70, 0x50, 0xff, 0xc8, 0x80, 0x60, 0xff, 0xb8, 0x70, 0x50, 0xff,
    0xb0, 0x68, 0x48, 0xff, 0xb0, 0x68, 0x48, 0xff, 0xa8, 0x60, 0x60, 0xff,
    0xa0, 0x7c, 0xa8, 0xff, 0x80, 0x54, 0x70, 0xff, 0x78, 0x34, 0x28, 0xff,
    0x78, 0x34, 0x28, 0xff, 0x78, 0x34, 0x28, 0xff, 0x78, 0x34, 0x28, 0xff,
    0x78, 0x34, 0x28, 0xff, 0x78, 0x34, 0x28, 0xff, 0x78, 0x34, 0x28, 0xff,
    0x78, 0x34, 0x28, 0xff, 0x80, 0x38, 0x30, 0xff, 0x90, 0x48, 0x50, 0xff,
    0x88, 0x3c, 0x40, 0xff, 0x88, 0x40, 0x38, 0xff, 0x80, 0x38, 0x30, 0xff,
    0x80, 0x38, 0x30, 0xff, 0x80, 0x3c, 0x38, 0xff, 0x88, 0x3c, 0x38, 0xff,
    0x88, 0x3c, 0x38, 0xff, 0x78, 0x34, 0x30, 0xff, 0x80, 0x3c, 0x38, 0xff,
    0x88, 0x40, 0x38, 0xff, 0x80, 0x38, 0x38, 0xff, 0x88, 0x38, 0x38, 0xff,
    0x88, 0x3c, 0x38, 0xff, 0x88, 0x38, 0x38, 0xff, 0x88, 0x3c, 0x38, 0xff,
    0x80, 0x38, 0x30, 0xff, 0x80, 0x34, 0x30, 0xff, 0x88, 0x3c, 0x38, 0xff,
    0x88, 0x40, 0x38, 0xff, 0x88, 0x3c, 0x38, 0xff, 0x80, 0x38, 0x30, 0xff,
    0x80, 0x38, 0x38, 0xff, 0x88, 0x40, 0x40, 0xff, 0x88, 0x3c, 0x38, 0xff,
    0x80, 0x34, 0x30, 0xff, 0x80, 0x38, 0x38, 0xff, 0x80, 0x38, 0x30, 0xff,
    0x88, 0x38, 0x38, 0xff, 0x80, 0x38, 0x30, 0xff, 0x80, 0x38, 0x30, 0xff,
    0x88, 0x40, 0x38, 0xff, 0x88, 0x3c, 0x38, 0xff, 0x80, 0x38, 0x30, 0xff,
    0x80, 0x38, 0x38, 0xff, 0x80, 0x3c, 0x30, 0xff, 0x88, 0x40, 0x38, 0xff,
    0x80, 0x3c, 0x38, 0xff, 0x78, 0x34, 0x30, 0xff, 0x80, 0x38, 0x38, 0xff,
    0x88, 0x40, 0x38, 0xff, 0x80, 0x3c, 0x30, 0xff, 0x80, 0x38, 0x38, 0xff,
    0x80, 0x34, 0x30, 0xff, 0x80, 0x3c, 0x38, 0xff, 0x88, 0x3c, 0x38, 0xff,
    0x80, 0x34, 0x30, 0xff, 0x80, 0x38, 0x30, 0xff, 0x88, 0x40, 0x38, 0xff,
    0x80, 0x38, 0x38, 0xff, 0x88, 0x3c, 0x38, 0xff, 0x80, 0x34, 0x30, 0xff,
    0x80, 0x3c, 0x38, 0xff, 0x88, 0x40, 0x38, 0xff, 0x80, 0x38, 0x30, 0xff,
    0x80, 0x34, 0x30, 0xff, 0x88, 0x3c, 0x38, 0xff, 0x80, 0x38, 0x38, 0xff,
    0x88, 0x40, 0x38, 0xff, 0x80, 0x38, 0x30, 0xff, 0x80, 0x38, 0x38, 0xff,
    0x88, 0x40, 0x38, 0xff, 0x80, 0x38, 0x38, 0xff, 0x80, 0x34, 0x30, 0xff,
    0x88, 0x38, 0x38, 0xff, 0x80, 0x38, 0x38, 0xff, 0x88, 0x40, 0x38, 0xff,
    0x88, 0x40, 0x38, 0xff, 0xc0, 0x78, 0x60, 0xff, 0xb8, 0x74, 0x58, 0xff,
    0xb0, 0x68, 0x48, 0xff, 0xb8, 0x6c, 0x50, 0xff, 0xc0, 0x7c, 0x60, 0xff,
    0xb8, 0x74, 0x50, 0xff, 0xb8, 0x6c, 0x50, 0xff, 0xb0, 0x68, 0x48, 0xff,
    0xb0, 0x68, 0x48, 0xff, 0x88, 0x68, 0x70, 0xff, 0x88, 0x64, 0x88, 0xff,
    0x80, 0x50, 0x68, 0xff, 0x78, 0x34, 0x28, 0xff, 0x78, 0x34, 0x28, 0xff,
    0x78, 0x34, 0x20, 0xff, 0x78, 0x34, 0x28, 0xff, 0x78, 0x34, 0x20, 0xff,
    0x78, 0x34, 0x28, 0xff, 0x78, 0x34, 0x28, 0xff, 0x78, 0x34, 0x28, 0xff,
    0x78, 0x34, 0x28, 0xff, 0x88, 0x40, 0x40, 0xff, 0x98, 0x50, 0x58, 0xff,
    0x98, 0x54, 0x58, 0xff, 0x80, 0x38, 0x38, 0xff, 0x80, 0x38, 0x38, 0xff,
    0x88, 0x3c, 0x38, 0xff, 0x88, 0x3c, 0x38, 0xff, 0x88, 0x40, 0x38, 0xff,
    0x80, 0x38, 0x30, 0xff, 0x80, 0x3c, 0x38, 0xff, 0x88, 0x40, 0x38, 0xff,
    0x88, 0x3c, 0x38, 0xff, 0x88, 0x3c, 0x38, 0xff, 0x88, 0x40, 0x38, 0xff,
    0x80, 0x3c, 0x38, 0xff, 0x88, 0x40, 0x38, 0xff, 0x80, 0x3c, 0x38, 0xff,
    0x80, 0x38, 0x38, 0xff, 0x88, 0x40, 0x38, 0xff, 0x88, 0x3c, 0x38, 0xff,
    0x80, 0x3c, 0x38, 0xff, 0x80, 0x38, 0x38, 0xff, 0x88, 0x3c, 0x38, 0xff,
    0x88, 0x40, 0x38, 0xff, 0x80, 0x3c, 0x38, 0xff, 0x80, 0x3c, 0x38, 0xff,
    0x88, 0x3c, 0x38, 0xff, 0x88, 0x3c, 0x38, 0xff, 0x80, 0x3c, 0x38, 0xff,
    0x80, 0x3c, 0x38, 0xff, 0x80, 0x3c, 0x30, 0xff, 0x88, 0x40, 0x38, 0xff,
    0x88, 0x40, 0x38, 0xff, 0x80, 0x38, 0x38, 0xff, 0x80, 0x3c, 0x38, 0xff,
    0x80, 0x3c, 0x38, 0xff, 0x88, 0x40, 0x38, 0xff, 0x88, 0x3c, 0x38, 0xff,
    0x80, 0x34, 0x30, 0xff, 0x88, 0x3c, 0x38, 0xff, 0x88, 0x40, 0x38, 0xff,
    0x80, 0x3c, 0x38, 0xff, 0x88, 0x3c, 0x38, 0xff, 0x80, 0x38, 0x38, 0xff,
    0x80, 0x3c, 0x38, 0xff, 0x88, 0x40, 0x38, 0xff, 0x80, 0x38, 0x30, 0xff,
    0x80, 0x3c, 0x38, 0xff, 0x88, 0x40, 0x38, 0xff, 0x88, 0x3c, 0x38, 0xff,
    0x80, 0x3c, 0x38, 0xff, 0x80, 0x38, 0x30, 0xff, 0x88, 0x3c, 0x38, 0xff,
    0x88, 0x40, 0x38, 0xff, 0x80, 0x3c, 0x38, 0xff, 0x80, 0x38, 0x38, 0xff,
    0x88, 0x40, 0x38, 0xff, 0x80, 0x38, 0x38, 0xff, 0x88, 0x40, 0x40, 0xff,
    0x80, 0x38, 0x38, 0xff, 0x80, 0x3c, 0x38, 0xff, 0x88, 0x40, 0x38, 0xff,
    0x88, 0x3c, 0x38, 0xff, 0x80, 0x38, 0x38, 0xff, 0x80, 0x3c, 0x38, 0xff,
    0x88, 0x3c, 0x38, 0xff, 0x88, 0x40, 0x40, 0xff, 0xa8, 0x64, 0x48, 0xff,
    0xc0, 0x74, 0x58, 0xff, 0xb0, 0x68, 0x48, 0xff, 0xb0, 0x68, 0x48, 0xff,
    0xb8, 0x6c, 0x50, 0xff, 0xb8, 0x6c, 0x50, 0xff, 0xb8, 0x70, 0x50, 0xff,
    0xb0, 0x6c, 0x48, 0xff, 0xb8, 0x68, 0x48, 0xff, 0xb0, 0x6c, 0x48, 0xff,
    0x70, 0x40, 0x48, 0xff, 0x80, 0x50, 0x68, 0xff, 0x70, 0x44, 0x58, 0xff,
    0x78, 0x34, 0x28, 0xff, 0x78, 0x34, 0x20, 0xff, 0x78, 0x34, 0x28, 0xff,
    0x78, 0x34, 0x28, 0xff, 0x78, 0x34, 0x28, 0xff, 0x78, 0x34, 0x20, 0xff,
    0x78, 0x34, 0x28, 0xff, 0x78, 0x34, 0x28, 0xff, 0x80, 0x38, 0x30, 0xff,
    0x80, 0x38, 0x38, 0xff, 0x90, 0x48, 0x50, 0xff, 0x98, 0x64, 0x88, 0xff,
    0xb0, 0x70, 0x88, 0xff, 0xc8, 0x84, 0xa0, 0xff, 0x88, 0x44, 0x40, 0xff,
    0x80, 0x38, 0x30, 0xff, 0x88, 0x40, 0x40, 0xff, 0x88, 0x40, 0x38, 0xff,
    0x80, 0x38, 0x38, 0xff, 0x88, 0x44, 0x40, 0xff, 0x88, 0x40, 0x38, 0xff,
    0x80, 0x38, 0x38, 0xff, 0x88, 0x40, 0x38, 0xff, 0x88, 0x40, 0x38, 0xff,
    0x80, 0x3c, 0x38, 0xff, 0x88, 0x40, 0x38, 0xff, 0x88, 0x3c, 0x38, 0xff,
    0x80, 0x3c, 0x38, 0xff, 0x88, 0x40, 0x40, 0xff, 0x88, 0x40, 0x38, 0xff,
    0x88, 0x3c, 0x38, 0xff, 0x88, 0x40, 0x38, 0xff, 0x88, 0x3c, 0x38, 0xff,
    0x88, 0x40, 0x38, 0xff, 0x88, 0x40, 0x38, 0xff, 0x80, 0x3c, 0x30, 0xff,
    0x88, 0x40, 0x38, 0xff, 0x88, 0x40, 0x40, 0xff, 0x88, 0x3c, 0x38, 0xff,
    0x88, 0x40, 0x38, 0xff, 0x88, 0x44, 0x40, 0xff, 0x88, 0x38, 0x38, 0xff,
    0x88, 0x3c, 0x38, 0xff, 0x88, 0x40, 0x38, 0xff, 0x80, 0x38, 0x30, 0xff,
    0x88, 0x44, 0x40, 0xff, 0x88, 0x40, 0x40, 0xff, 0x80, 0x3c, 0x38, 0xff,
    0x88, 0x40, 0x38, 0xff, 0x88, 0x44, 0x40, 0xff, 0x80, 0x38, 0x30, 0xff,
    0x88, 0x40, 0x40, 0xff, 0x88, 0x40, 0x38, 0xff, 0x80, 0x38, 0x38, 0xff,
    0x88, 0x40, 0x40, 0xff, 0x88, 0x40, 0x38, 0xff, 0x80, 0x38, 0x38, 0xff,
    0x88, 0x40, 0x40, 0xff, 0x88, 0x40, 0x38, 0xff, 0x80, 0x38, 0x30, 0xff,
    0x88, 0x40, 0x38, 0xff, 0x88, 0x40, 0x38, 0xff, 0x88, 0x3c, 0x38, 0xff,
    0x88, 0x40, 0x38, 0xff, 0x88, 0x3c, 0x38, 0xff, 0x88, 0x3c, 0x38, 0xff,
    0x88, 0x40, 0x38, 0xff, 0x88, 0x40, 0x38, 0xff, 0x88, 0x3c, 0x38, 0xff,
    0x88, 0x40, 0x38, 0xff, 0x80, 0x3c, 0x38, 0xff, 0x88, 0x40, 0x38, 0xff,
    0x88, 0x40, 0x38, 0xff, 0x88, 0x3c, 0x38, 0xff, 0x88, 0x40, 0x38, 0xff,
    0x88, 0x44, 0x38, 0xff, 0xb0, 0x68, 0x50, 0xff, 0xc0, 0x74, 0x58, 0xff,
    0xb8, 0x70, 0x50, 0xff, 0xb8, 0x70, 0x50, 0xff, 0xb0, 0x68, 0x48, 0xff,
    0xb0, 0x68, 0x48, 0xff, 0xb0, 0x68, 0x48, 0xff, 0xb0, 0x68, 0x48, 0xff,
    0xb8, 0x68, 0x48, 0xff, 0xb8, 0x6c, 0x48, 0xff, 0x68, 0x30, 0x40, 0xff,
    0x60, 0x2c, 0x38, 0xff, 0x50, 0x20, 0x28, 0xff, 0x78, 0x34, 0x28, 0xff,
    0x78, 0x34, 0x28, 0xff, 0x78, 0x34, 0x28, 0xff, 0x78, 0x34, 0x28, 0xff,
    0x78, 0x34, 0x28, 0xff, 0x78, 0x34, 0x20, 0xff, 0x78, 0x34, 0x28, 0xff,
    0x78, 0x34, 0x28, 0xff, 0x88, 0x3c, 0x40, 0xff, 0x88, 0x44, 0x48, 0xff,
    0xa8, 0x64, 0x78, 0xff, 0xb0, 0x64, 0x80, 0xff, 0x78, 0x34, 0x30, 0xff,
    0xb0, 0x74, 0x88, 0xff, 0xa8, 0x64, 0x78, 0xff, 0xa0, 0x5c, 0x48, 0xff,
    0x88, 0x3c, 0x38, 0xff, 0x80, 0x38, 0x38, 0xff, 0x88, 0x3c, 0x38, 0xff,
    0x88, 0x44, 0x40, 0xff, 0x88, 0x3c, 0x38, 0xff, 0x88, 0x40, 0x38, 0xff,
    0x88, 0x40, 0x38, 0xff, 0x88, 0x40, 0x38, 0xff, 0x88, 0x40, 0x40, 0xff,
    0x88, 0x38, 0x38, 0xff, 0x80, 0x38, 0x38, 0xff, 0x88, 0x40, 0x38, 0xff,
    0x88, 0x40, 0x38, 0xff, 0x88, 0x40, 0x38, 0xff, 0x80, 0x3c, 0x38, 0xff,
    0x88, 0x40, 0x38, 0xff, 0x88, 0x40, 0x40, 0xff, 0x88, 0x3c, 0x38, 0xff,
    0x88, 0x38, 0x38, 0xff, 0x88, 0x3c, 0x38, 0xff, 0x88, 0x40, 0x38, 0xff,
    0x88, 0x3c, 0x38, 0xff, 0x88, 0x3c, 0x38, 0xff, 0x88, 0x3c, 0x38, 0xff,
    0x88, 0x40, 0x40, 0xff, 0x88, 0x40, 0x38, 0xff, 0x88, 0x3c, 0x38, 0xff,
    0x88, 0x3c, 0x38, 0xff, 0x88, 0x3c, 0x38, 0xff, 0x88, 0x40, 0x40, 0xff,
    0x88, 0x40, 0x38, 0xff, 0x88, 0x38, 0x38, 0xff, 0x88, 0x40, 0x38, 0xff,
    0x88, 0x40, 0x40, 0xff, 0x88, 0x3c, 0x38, 0xff, 0x88, 0x40, 0x38, 0xff,
    0x88, 0x3c, 0x38, 0xff, 0x88, 0x40, 0x38, 0xff, 0x88, 0x40, 0x38, 0xff,
    0x80, 0x3c, 0x38, 0xff, 0x88, 0x3c, 0x38, 0xff, 0x88, 0x40, 0x38, 0xff,
    0x88, 0x40, 0x38, 0xff, 0x88, 0x40, 0x38, 0xff, 0x88, 0x38, 0x38, 0xff,
    0x88, 0x3c, 0x38, 0xff, 0x88, 0x44, 0x40, 0xff, 0x88, 0x3c, 0x38, 0xff,
    0x80, 0x3c, 0x38, 0xff, 0x88, 0x40, 0x38, 0xff, 0x88, 0x3c, 0x38, 0xff,
    0x88, 0x44, 0x40, 0xff, 0x88, 0x3c, 0x38, 0xff, 0x88, 0x3c, 0x38, 0xff,
    0x88, 0x44, 0x40, 0xff, 0x88, 0x40, 0x38, 0xff, 0x88, 0x38, 0x38, 0xff,
    0x88, 0x3c, 0x38, 0xff, 0x88, 0x40, 0x38, 0xff, 0x88, 0x44, 0x40, 0xff,
    0xb8, 0x6c, 0x48, 0xff, 0xb0, 0x68, 0x48, 0xff, 0xb8, 0x6c, 0x48, 0xff,
    0xb0, 0x6c, 0x48, 0xff, 0xb0, 0x6c, 0x48, 0xff, 0xb8, 0x68, 0x48, 0xff,
    0xb8, 0x68, 0x48, 0xff, 0xb0, 0x68, 0x48, 0xff, 0xb0, 0x68, 0x48, 0xff,
    0xb8, 0x68, 0x48, 0xff, 0x68, 0x34, 0x40, 0xff, 0x50, 0x24, 0x28, 0xff,
    0x50, 0x1c, 0x20, 0xff, 0x78, 0x34, 0x28, 0xff, 0x78, 0x34, 0x20, 0xff,
    0x78, 0x34, 0x28, 0xff, 0x78, 0x34, 0x20, 0xff, 0x78, 0x34, 0x28, 0xff,
    0x78, 0x34, 0x28, 0xff, 0x78, 0x34, 0x28, 0xff, 0x78, 0x34, 0x28, 0xff,
    0x88, 0x40, 0x38, 0xff, 0xa0, 0x58, 0x68, 0xff, 0x98, 0x48, 0x58, 0xff,
    0x80, 0x34, 0x30, 0xff, 0x80, 0x3c, 0x30, 0xff, 0x98, 0x48, 0x58, 0xff,
    0xc8, 0x84, 0xa0, 0xff, 0xb0, 0x68, 0x58, 0xff, 0xa0, 0x54, 0x48, 0xff,
    0x80, 0x3c, 0x30, 0xff, 0x88, 0x3c, 0x38, 0xff, 0x88, 0x3c, 0x38, 0xff,
    0x88, 0x40, 0x38, 0xff, 0x80, 0x38, 0x38, 0xff, 0x88, 0x38, 0x38, 0xff,
    0x88, 0x3c, 0x38, 0xff, 0x90, 0x4c, 0x40, 0xff, 0xc0, 0x78, 0x68, 0xff,
    0x98, 0x54, 0x48, 0xff, 0x88, 0x40, 0x38, 0xff, 0x88, 0x38, 0x38, 0xff,
    0x90, 0x44, 0x40, 0xff, 0x80, 0x38, 0x30, 0xff, 0x80, 0x38, 0x38, 0xff,
    0x90, 0x44, 0x40, 0xff, 0x80, 0x3c, 0x38, 0xff, 0x80, 0x34, 0x30, 0xff,
    0x90, 0x44, 0x40, 0xff, 0x80, 0x3c, 0x38, 0xff, 0x80, 0x38, 0x30, 0xff,
    0x90, 0x44, 0x40, 0xff, 0x80, 0x38, 0x30, 0xff, 0x88, 0x3c, 0x38, 0xff,
    0x90, 0x44, 0x40, 0xff, 0x78, 0x34, 0x30, 0xff, 0x80, 0x38, 0x30, 0xff,
    0x90, 0x44, 0x40, 0xff, 0x88, 0x40, 0x38, 0xff, 0x80, 0x38, 0x38, 0xff,
    0x88, 0x3c, 0x38, 0xff, 0x88, 0x3c, 0x38, 0xff, 0x88, 0x40, 0x38, 0xff,
    0x88, 0x3c, 0x38, 0xff, 0x88, 0x3c, 0x38, 0xff, 0x80, 0x38, 0x30, 0xff,
    0x88, 0x40, 0x40, 0xff, 0x88, 0x3c, 0x38, 0xff, 0x80, 0x3c, 0x38, 0xff,
    0x88, 0x3c, 0x38, 0xff, 0x88, 0x40, 0x38, 0xff, 0x88, 0x40, 0x40, 0xff,
    0x88, 0x3c, 0x38, 0xff, 0x80, 0x34, 0x30, 0xff, 0x88, 0x40, 0x38, 0xff,
    0x88, 0x40, 0x40, 0xff, 0x80, 0x38, 0x30, 0xff, 0x88, 0x40, 0x40, 0xff,
    0x88, 0x3c, 0x38, 0xff, 0x80, 0x38, 0x30, 0xff, 0x90, 0x44, 0x40, 0xff,
    0x80, 0x38, 0x30, 0xff, 0x80, 0x38, 0x30, 0xff, 0x90, 0x44, 0x40, 0xff,
    0x80, 0x38, 0x38, 0xff, 0x80, 0x34, 0x30, 0xff, 0x90, 0x44, 0x40, 0xff,
    0x80, 0x38, 0x30, 0xff, 0x90, 0x48, 0x40, 0xff, 0xb0, 0x68, 0x48, 0xff,
    0xb0, 0x68, 0x48, 0xff, 0xb8, 0x6c, 0x50, 0xff, 0xb8, 0x74, 0x50, 0xff,
    0xb0, 0x6c, 0x48, 0xff, 0xb8, 0x68, 0x48, 0xff, 0xb8, 0x6c, 0x48, 0xff,
    0xb0, 0x68, 0x48, 0xff, 0xb8, 0x68, 0x48, 0xff, 0x98, 0x54, 0x38, 0xff,
    0x68, 0x3c, 0x50, 0xff, 0x68, 0x30, 0x40, 0xff, 0x50, 0x20, 0x20, 0xff,
    0x78, 0x34, 0x28, 0xff, 0x78, 0x34, 0x28, 0xff, 0x78, 0x34, 0x28, 0xff,
    0x78, 0x34, 0x28, 0xff, 0x78, 0x34, 0x20, 0xff, 0x78, 0x34, 0x28, 0xff,
    0x78, 0x34, 0x28, 0xff, 0x78, 0x34, 0x20, 0xff, 0x78, 0x34, 0x30, 0xff,
    0x80, 0x38, 0x40, 0xff, 0x90, 0x44, 0x48, 0xff, 0x80, 0x3c, 0x40, 0xff,
    0x88, 0x3c, 0x40, 0xff, 0x98, 0x4c, 0x60, 0xff, 0xa8, 0x64, 0x78, 0xff,
    0xc0, 0x74, 0x58, 0xff, 0xc0, 0x78, 0x68, 0xff, 0x90, 0x48, 0x40, 0xff,
    0x88, 0x40, 0x38, 0xff, 0x88, 0x44, 0x40, 0xff, 0x88, 0x40, 0x38, 0xff,
    0x88, 0x40, 0x40, 0xff, 0x88, 0x40, 0x40, 0xff, 0x88, 0x44, 0x38, 0xff,
    0xa0, 0x5c, 0x48, 0xff, 0xc8, 0x7c, 0x60, 0xff, 0xb0, 0x6c, 0x58, 0xff,
    0x88, 0x40, 0x38, 0xff, 0x88, 0x40, 0x40, 0xff, 0x88, 0x44, 0x40, 0xff,
    0x88, 0x3c, 0x38, 0xff, 0x88, 0x40, 0x38, 0xff, 0x88, 0x44, 0x40, 0xff,
    0x88, 0x40, 0x38, 0xff, 0x88, 0x40, 0x38, 0xff, 0x88, 0x40, 0x38, 0xff,
    0x88, 0x40, 0x38, 0xff, 0x88, 0x40, 0x38, 0xff, 0x88, 0x44, 0x40, 0xff,
    0x88, 0x3c, 0x38, 0xff, 0x88, 0x44, 0x40, 0xff, 0x88, 0x44, 0x40, 0xff,
    0x88, 0x3c, 0x38, 0xff, 0x88, 0x40, 0x38, 0xff, 0x88, 0x40, 0x40, 0xff,
    0x88, 0x44, 0x40, 0xff, 0x88, 0x40, 0x38, 0xff, 0x88, 0x40, 0x38, 0xff,
    0x88, 0x40, 0x38, 0xff, 0x88, 0x44, 0x40, 0xff, 0x88, 0x40, 0x38, 0xff,
    0x88, 0x40, 0x38, 0xff, 0x88, 0x40, 0x38, 0xff, 0x88, 0x40, 0x40, 0xff,
    0x88, 0x40, 0x38, 0xff, 0x88, 0x40, 0x38, 0xff, 0x88, 0x40, 0x38, 0xff,
    0x88, 0x40, 0x40, 0xff, 0x88, 0x40, 0x38, 0xff, 0x88, 0x40, 0x40, 0xff,
    0x80, 0x3c, 0x38, 0xff, 0x88, 0x40, 0x40, 0xff, 0x88, 0x44, 0x40, 0xff,
    0x88, 0x3c, 0x38, 0xff, 0x88, 0x40, 0x38, 0xff, 0x88, 0x40, 0x38, 0xff,
    0x88, 0x3c, 0x38, 0xff, 0x88, 0x44, 0x40, 0xff, 0x88, 0x3c, 0x38, 0xff,
    0x88, 0x3c, 0x38, 0xff, 0x90, 0x44, 0x40, 0xff, 0x88, 0x40, 0x38, 0xff,
    0x88, 0x40, 0x38, 0xff, 0x88, 0x40, 0x38, 0xff, 0x88, 0x40, 0x38, 0xff,
    0xa0, 0x54, 0x48, 0xff, 0xb0, 0x68, 0x48, 0xff, 0xb0, 0x68, 0x48, 0xff,
    0xb8, 0x68, 0x48, 0xff, 0xb8, 0x6c, 0x48, 0xff, 0xb0, 0x6c, 0x48, 0xff,
    0xb8, 0x68, 0x48, 0xff, 0xb0, 0x68, 0x48, 0xff, 0xb0, 0x6c, 0x48, 0xff,
    0xb0, 0x68, 0x48, 0xff, 0x98, 0x54, 0x58, 0xff, 0x80, 0x50, 0x68, 0xff,
    0x68, 0x34, 0x48, 0xff, 0x50, 0x20, 0x20, 0xff, 0x78, 0x34, 0x28, 0xff,
    0x78, 0x34, 0x20, 0xff, 0x78, 0x34, 0x28, 0xff, 0x78, 0x34, 0x28, 0xff,
    0x78, 0x34, 0x28, 0xff, 0x78, 0x34, 0x20, 0xff, 0x78, 0x34, 0x28, 0xff,
    0x78, 0x34, 0x28, 0xff, 0x78, 0x34, 0x28, 0xff, 0x78, 0x34, 0x28, 0xff,
    0x88, 0x44, 0x48, 0xff, 0xa0, 0x58, 0x70, 0xff, 0x90, 0x44, 0x48, 0xff,
    0x98, 0x48, 0x58, 0xff, 0xa0, 0x58, 0x68, 0xff, 0xb0, 0x68, 0x48, 0xff,
    0xb8, 0x74, 0x50, 0xff, 0xa8, 0x60, 0x48, 0xff, 0x88, 0x3c, 0x38, 0xff,
    0x88, 0x40, 0x38, 0xff, 0x88, 0x40, 0x38, 0xff, 0x88, 0x40, 0x38, 0xff,
    0x88, 0x40, 0x38, 0xff, 0xa0, 0x54, 0x48, 0xff, 0xb0, 0x68, 0x48, 0xff,
    0xb8, 0x70, 0x50, 0xff, 0xc8, 0x88, 0x70, 0xff, 0x90, 0x48, 0x38, 0xff,
    0x88, 0x40, 0x38, 0xff, 0x88, 0x40, 0x38, 0xff, 0x88, 0x3c, 0x38, 0xff,
    0x88, 0x3c, 0x38, 0xff, 0x88, 0x44, 0x38, 0xff, 0x88, 0x40, 0x38, 0xff,
    0x88, 0x3c, 0x38, 0xff, 0x88, 0x40, 0x40, 0xff, 0x88, 0x3c, 0x38, 0xff,
    0x88, 0x40, 0x38, 0xff, 0x88, 0x3c, 0x38, 0xff, 0x88, 0x3c, 0x38, 0xff,
    0x88, 0x40, 0x38, 0xff, 0x88, 0x40, 0x38, 0xff, 0x88, 0x3c, 0x38, 0xff,
    0x88, 0x40, 0x38, 0xff, 0x88, 0x40, 0x38, 0xff, 0x88, 0x40, 0x38, 0xff,
    0x88, 0x40, 0x38, 0xff, 0x88, 0x3c, 0x38, 0xff, 0x88, 0x40, 0x38, 0xff,
    0x88, 0x44, 0x40, 0xff, 0x88, 0x40, 0x38, 0xff, 0x88, 0x40, 0x38, 0xff,
    0x88, 0x3c, 0x38, 0xff, 0x88, 0x40, 0x40, 0xff, 0x88, 0x40, 0x38, 0xff,
    0x88, 0x3c, 0x38, 0xff, 0x88, 0x3c, 0x38, 0xff, 0x88, 0x40, 0x38, 0xff,
    0x88, 0x40, 0x38, 0xff, 0x88, 0x40, 0x38, 0xff, 0x88, 0x3c, 0x38, 0xff,
    0x88, 0x40, 0x38, 0xff, 0x90, 0x44, 0x40, 0xff, 0x88, 0x3c, 0x38, 0xff,
    0x80, 0x3c, 0x38, 0xff, 0x88, 0x40, 0x38, 0xff, 0x88, 0x40, 0x38, 0xff,
    0x88, 0x40, 0x40, 0xff, 0x88, 0x3c, 0x38, 0xff, 0x80, 0x3c, 0x38, 0xff,
    0x88, 0x44, 0x40, 0xff, 0x88, 0x40, 0x38, 0xff, 0x88, 0x3c, 0x38, 0xff,
    0x88, 0x40, 0x38, 0xff, 0x88, 0x40, 0x38, 0xff, 0xb0, 0x68, 0x48, 0xff,
    0xb0, 0x6c, 0x48, 0xff, 0xb8, 0x68, 0x48, 0xff, 0xb0, 0x68, 0x48, 0xff,
    0xb8, 0x68, 0x48, 0xff, 0xb0, 0x68, 0x48, 0xff, 0xb0, 0x68, 0x48, 0xff,
    0xb8, 0x68, 0x48, 0xff, 0xb0, 0x68, 0x48, 0xff, 0xb0, 0x68, 0x50, 0xff,
    0x90, 0x58, 0x68, 0xff, 0x70, 0x44, 0x58, 0xff, 0x60, 0x2c, 0x38, 0xff,
    0x50, 0x1c, 0x20, 0xff, 0x78, 0x34, 0x28, 0xff, 0x78, 0x34, 0x28, 0xff,
    0x78, 0x34, 0x20, 0xff, 0x78, 0x34, 0x28, 0xff, 0x78, 0x34, 0x28, 0xff,
    0x78, 0x34, 0x28, 0xff, 0x78, 0x34, 0x20, 0xff, 0x78, 0x34, 0x28, 0xff,
    0x78, 0x34, 0x28, 0xff, 0x78, 0x34, 0x20, 0xff, 0x80, 0x38, 0x38, 0xff,
    0xa0, 0x58, 0x70, 0xff, 0x78, 0x34, 0x30, 0xff, 0x98, 0x48, 0x58, 0xff,
    0xc8, 0x84, 0xa8, 0xff, 0xa8, 0x64, 0x50, 0xff, 0xb0, 0x68, 0x50, 0xff,
    0xb8, 0x6c, 0x50, 0xff, 0x88, 0x44, 0x38, 0xff, 0x90, 0x44, 0x40, 0xff,
    0x88, 0x40, 0x40, 0xff, 0x88, 0x3c, 0x38, 0xff, 0x98, 0x4c, 0x40, 0xff,
    0xb0, 0x68, 0x48, 0xff, 0xb0, 0x68, 0x48, 0xff, 0xb8, 0x6c, 0x48, 0xff,
    0xd0, 0x8c, 0x78, 0xff, 0xb0, 0x68, 0x58, 0xff, 0x88, 0x44, 0x40, 0xff,
    0x90, 0x44, 0x40, 0xff, 0x88, 0x3c, 0x38, 0xff, 0x88, 0x40, 0x38, 0xff,
    0x90, 0x44, 0x40, 0xff, 0x88, 0x40, 0x38, 0xff, 0x88, 0x3c, 0x38, 0xff,
    0x90, 0x44, 0x40, 0xff, 0x88, 0x40, 0x38, 0xff, 0x88, 0x3c, 0x38, 0xff,
    0x90, 0x44, 0x40, 0xff, 0x88, 0x40, 0x38, 0xff, 0x88, 0x40, 0x40, 0xff,
    0x90, 0x44, 0x40, 0xff, 0x88, 0x40, 0x38, 0xff, 0x88, 0x3c, 0x38, 0xff,
    0x90, 0x44, 0x40, 0xff, 0x88, 0x40, 0x40, 0xff, 0x88, 0x3c, 0x38, 0xff,
    0x88, 0x3c, 0x38, 0xff, 0x88, 0x40, 0x40, 0xff, 0x88, 0x40, 0x38, 0xff,
    0x88, 0x3c, 0x38, 0xff, 0x90, 0x44, 0x40, 0xff, 0x80, 0x3c, 0x38, 0xff,
    0x88, 0x40, 0x40, 0xff, 0x90, 0x44, 0x40, 0xff, 0x88, 0x3c, 0x38, 0xff,
    0x88, 0x40, 0x38, 0xff, 0x90, 0x44, 0x40, 0xff, 0x88, 0x40, 0x40, 0xff,
    0x88, 0x3c, 0x38, 0xff, 0x88, 0x40, 0x38, 0xff, 0x88, 0x40, 0x38, 0xff,
    0x88, 0x40, 0x40, 0xff, 0x88, 0x40, 0x38, 0xff, 0x88, 0x40, 0x38, 0xff,
    0x88, 0x40, 0x40, 0xff, 0x90, 0x4c, 0x40, 0xff, 0x90, 0x44, 0x40, 0xff,
    0x80, 0x3c, 0x38, 0xff, 0x88, 0x40, 0x38, 0xff, 0x90, 0x44, 0x40, 0xff,
    0x88, 0x3c, 0x38, 0xff, 0x88, 0x3c, 0x38, 0xff, 0x90, 0x4c, 0x40, 0xff,
    0x98, 0x54, 0x38, 0xff, 0xb0, 0x6c, 0x48, 0xff, 0xb8, 0x68, 0x48, 0xff,
    0xb0, 0x68, 0x48, 0xff, 0xb8, 0x6c, 0x48, 0xff, 0xb0, 0x68, 0x48, 0xff,
    0xb8, 0x68, 0x48, 0xff, 0xb0, 0x6c, 0x48, 0xff, 0xb0, 0x6c, 0x48, 0xff,
    0xb0, 0x6c, 0x58, 0xff, 0xa8, 0x70, 0x78, 0xff, 0x80, 0x50, 0x68, 0xff,
    0x68, 0x3c, 0x50, 0xff, 0x58, 0x24, 0x28, 0xff, 0x50, 0x20, 0x20, 0xff,
    0x78, 0x34, 0x28, 0xff, 0x78, 0x34, 0x28, 0xff, 0x78, 0x34, 0x28, 0xff,
    0x78, 0x34, 0x20, 0xff, 0x78, 0x34, 0x28, 0xff, 0x78, 0x34, 0x28, 0xff,
    0x78, 0x34, 0x28, 0xff, 0x78, 0x34, 0x20, 0xff, 0x78, 0x34, 0x28, 0xff,
    0x78, 0x34, 0x28, 0xff, 0x88, 0x3c, 0x38, 0xff, 0x90, 0x44, 0x48, 0xff,
    0x78, 0x34, 0x28, 0xff, 0x88, 0x40, 0x40, 0xff, 0xb0, 0x70, 0x88, 0xff,
    0xb0, 0x68, 0x58, 0xff, 0xb0, 0x68, 0x48, 0xff, 0xb8, 0x70, 0x50, 0xff,
    0x90, 0x4c, 0x40, 0xff, 0x88, 0x40, 0x38, 0xff, 0x90, 0x44, 0x38, 0xff,
    0x98, 0x54, 0x40, 0xff, 0xb8, 0x6c, 0x50, 0xff, 0xb0, 0x68, 0x48, 0xff,
    0xb8, 0x70, 0x50, 0xff, 0xb0, 0x6c, 0x48, 0xff, 0xc0, 0x78, 0x60, 0xff,
    0xc0, 0x78, 0x68, 0xff, 0x90, 0x44, 0x40, 0xff, 0x88, 0x40, 0x38, 0xff,
    0x88, 0x40, 0x38, 0xff, 0x88, 0x40, 0x40, 0xff, 0x88, 0x44, 0x40, 0xff,
    0x88, 0x40, 0x40, 0xff, 0x88, 0x40, 0x38, 0xff, 0x88, 0x40, 0x38, 0xff,
    0x88, 0x44, 0x40, 0xff, 0x88, 0x44, 0x40, 0xff, 0x88, 0x3c, 0x38, 0xff,
    0x88, 0x40, 0x38, 0xff, 0x90, 0x44, 0x40, 0xff, 0x88, 0x44, 0x40, 0xff,
    0x88, 0x3c, 0x38, 0xff, 0x90, 0x44, 0x40, 0xff, 0x88, 0x40, 0x38, 0xff,
    0x90, 0x44, 0x40, 0xff, 0x90, 0x44, 0x40, 0xff, 0x88, 0x40, 0x38, 0xff,
    0x88, 0x40, 0x38, 0xff, 0x90, 0x44, 0x40, 0xff, 0x88, 0x40, 0x40, 0xff,
    0x88, 0x40, 0x38, 0xff, 0x88, 0x40, 0x40, 0xff, 0x88, 0x44, 0x38, 0xff,
    0x88, 0x40, 0x38, 0xff, 0x88, 0x40, 0x40, 0xff, 0x88, 0x44, 0x40, 0xff,
    0x88, 0x40, 0x38, 0xff, 0x88, 0x44, 0x40, 0xff, 0x88, 0x44, 0x40, 0xff,
    0x88, 0x3c, 0x38, 0xff, 0x88, 0x44, 0x40, 0xff, 0x90, 0x44, 0x40, 0xff,
    0x88, 0x40, 0x38, 0xff, 0x88, 0x40, 0x38, 0xff, 0xc0, 0x78, 0x68, 0xff,
    0xc8, 0x88, 0x70, 0xff, 0xa0, 0x54, 0x40, 0xff, 0x88, 0x40, 0x40, 0xff,
    0x88, 0x40, 0x38, 0xff, 0x88, 0x44, 0x38, 0xff, 0xa0, 0x54, 0x48, 0xff,
    0x98, 0x54, 0x40, 0xff, 0xa8, 0x64, 0x48, 0xff, 0xb0, 0x68, 0x48, 0xff,
    0xb8, 0x68, 0x48, 0xff, 0xb8, 0x68, 0x48, 0xff, 0xb0, 0x68, 0x48, 0xff,
    0xb0, 0x68, 0x48, 0xff, 0xb8, 0x68, 0x48, 0xff, 0xb8, 0x68, 0x48, 0xff,
    0xb0, 0x68, 0x48, 0xff, 0xb0, 0x68, 0x48, 0xff, 0xb0, 0x70, 0x88, 0xff,
    0x88, 0x60, 0x80, 0xff, 0x80, 0x54, 0x70, 0xff, 0x68, 0x30, 0x40, 0xff,
    0x50, 0x24, 0x28, 0xff, 0x50, 0x20, 0x20, 0xff, 0x78, 0x34, 0x28, 0xff,
    0x78, 0x34, 0x20, 0xff, 0x78, 0x34, 0x28, 0xff, 0x78, 0x34, 0x28, 0xff,
    0x78, 0x34, 0x20, 0xff, 0x78, 0x34, 0x28, 0xff, 0x78, 0x34, 0x28, 0xff,
    0x78, 0x34, 0x28, 0xff, 0x78, 0x34, 0x20, 0xff, 0x78, 0x34, 0x28, 0xff,
    0x80, 0x38, 0x30, 0xff, 0x90, 0x48, 0x50, 0xff, 0x78, 0x34, 0x28, 0xff,
    0x80, 0x3c, 0x38, 0xff, 0x98, 0x4c, 0x60, 0xff, 0xb0, 0x68, 0x70, 0xff,
    0xb0, 0x64, 0x50, 0xff, 0xb8, 0x70, 0x50, 0xff, 0x98, 0x4c, 0x40, 0xff,
    0x90, 0x44, 0x40, 0xff, 0xa0, 0x54, 0x40, 0xff, 0xb8, 0x6c, 0x50, 0xff,
    0xc0, 0x7c, 0x60, 0xff, 0xc0, 0x74, 0x58, 0xff, 0xc0, 0x78, 0x58, 0xff,
    0xc8, 0x7c, 0x60, 0xff, 0xc0, 0x74, 0x58, 0xff, 0xd8, 0x9c, 0x80, 0xff,
    0xb0, 0x70, 0x60, 0xff, 0x88, 0x40, 0x40, 0xff, 0x88, 0x44, 0x40, 0xff,
    0x90, 0x44, 0x38, 0xff, 0x90, 0x44, 0x40, 0xff, 0x90, 0x44, 0x40, 0xff,
    0x88, 0x44, 0x40, 0xff, 0x88, 0x40, 0x38, 0xff, 0x90, 0x44, 0x40, 0xff,
    0x90, 0x44, 0x40, 0xff, 0x88, 0x44, 0x40, 0xff, 0x88, 0x44, 0x40, 0xff,
    0x90, 0x44, 0x40, 0xff, 0x90, 0x44, 0x40, 0xff, 0x88, 0x44, 0x40, 0xff,
    0x90, 0x44, 0x40, 0xff, 0x88, 0x44, 0x38, 0xff, 0x88, 0x44, 0x40, 0xff,
    0x90, 0x44, 0x40, 0xff, 0x88, 0x44, 0x40, 0xff, 0x88, 0x44, 0x40, 0xff,
    0x90, 0x44, 0x40, 0xff, 0x90, 0x44, 0x40, 0xff, 0x88, 0x44, 0x38, 0xff,
    0x90, 0x44, 0x40, 0xff, 0x90, 0x44, 0x40, 0xff, 0x88, 0x44, 0x40, 0xff,
    0x90, 0x44, 0x38, 0xff, 0x90, 0x44, 0x40, 0xff, 0x90, 0x44, 0x40, 0xff,
    0x90, 0x44, 0x40, 0xff, 0x90, 0x44, 0x40, 0xff, 0x88, 0x44, 0x38, 0xff,
    0x90, 0x44, 0x40, 0xff, 0x90, 0x44, 0x40, 0xff, 0x88, 0x44, 0x40, 0xff,
    0xa8, 0x5c, 0x48, 0xff, 0xe0, 0xa0, 0x90, 0xff, 0xd0, 0x8c, 0x70, 0xff,
    0xb8, 0x70, 0x60, 0xff, 0x98, 0x4c, 0x40, 0xff, 0xa0, 0x5c, 0x48, 0xff,
    0xa0, 0x54, 0x48, 0xff, 0xb8, 0x74, 0x50, 0xff, 0xb8, 0x74, 0x58, 0xff,
    0xb0, 0x68, 0x48, 0xff, 0xb0, 0x68, 0x48, 0xff, 0xb8, 0x68, 0x48, 0xff,
    0xb0, 0x6c, 0x48, 0xff, 0xb8, 0x68, 0x48, 0xff, 0xb0, 0x68, 0x48, 0xff,
    0xb8, 0x6c, 0x48, 0xff, 0xb0, 0x68, 0x48, 0xff, 0xb0, 0x68, 0x48, 0xff,
    0xb8, 0x70, 0x60, 0xff, 0x98, 0x74, 0xa0, 0xff, 0x88, 0x5c, 0x80, 0xff,
    0x80, 0x50, 0x68, 0xff, 0x68, 0x38, 0x48, 0xff, 0x50, 0x20, 0x28, 0xff,
    0x50, 0x20, 0x28, 0xff, 0x78, 0x34, 0x28, 0xff, 0x78, 0x34, 0x28, 0xff,
    0x78, 0x34, 0x28, 0xff, 0x78, 0x34, 0x28, 0xff, 0x78, 0x34, 0x28, 0xff,
    0x78, 0x34, 0x20, 0xff, 0x78, 0x34, 0x28, 0xff, 0x78, 0x34, 0x28, 0xff,
    0x78, 0x34, 0x28, 0xff, 0x78, 0x34, 0x20, 0xff, 0x78, 0x34, 0x28, 0xff,
    0x80, 0x38, 0x38, 0xff, 0x88, 0x40, 0x40, 0xff, 0x80, 0x3c, 0x30, 0xff,
    0x98, 0x48, 0x58, 0xff, 0x98, 0x4c, 0x60, 0xff, 0xa0, 0x5c, 0x50, 0xff,
    0xc0, 0x74, 0x58, 0xff, 0xa0, 0x5c, 0x48, 0xff, 0x90, 0x4c, 0x40, 0xff,
    0xb0, 0x64, 0x48, 0xff, 0xb0, 0x6c, 0x48, 0xff, 0xc0, 0x7c, 0x60, 0xff,
    0xc0, 0x74, 0x58, 0xff, 0xb8, 0x74, 0x58, 0xff, 0xc0, 0x7c, 0x60, 0xff,
    0xc8, 0x80, 0x68, 0xff, 0xd8, 0x9c, 0x88, 0xff, 0xc8, 0x88, 0x70, 0xff,
    0x98, 0x4c, 0x40, 0xff, 0x90, 0x44, 0x40, 0xff, 0x88, 0x44, 0x38, 0xff,
    0x90, 0x44, 0x40, 0xff, 0x90, 0x44, 0x40, 0xff, 0x88, 0x3c, 0x38, 0xff,
    0x90, 0x44, 0x40, 0xff, 0x90, 0x44, 0x40, 0xff, 0x88, 0x3c, 0x38, 0xff,
    0x90, 0x44, 0x40, 0xff, 0x90, 0x44, 0x40, 0xff, 0x88, 0x40, 0x38, 0xff,
    0x90, 0x44, 0x40, 0xff, 0x90, 0x44, 0x40, 0xff, 0x80, 0x3c, 0x38, 0xff,
    0x90, 0x44, 0x40, 0xff, 0x90, 0x44, 0x40, 0xff, 0x80, 0x3c, 0x38, 0xff,
    0x90, 0x44, 0x40, 0xff, 0x90, 0x44, 0x40, 0xff, 0x88, 0x40, 0x38, 0xff,
    0x90, 0x44, 0x40, 0xff, 0x90, 0x48, 0x38, 0xff, 0x90, 0x48, 0x38, 0xff,
    0x90, 0x44, 0x40, 0xff, 0x90, 0x44, 0x40, 0xff, 0x88, 0x3c, 0x38, 0xff,
    0x90, 0x44, 0x40, 0xff, 0x90, 0x4c, 0x40, 0xff, 0xc0, 0x78, 0x60, 0xff,
    0x90, 0x4c, 0x40, 0xff, 0x88, 0x40, 0x40, 0xff, 0x88, 0x40, 0x38, 0xff,
    0x90, 0x44, 0x40, 0xff, 0x88, 0x44, 0x40, 0xff, 0xc8, 0x80, 0x68, 0xff,
    0xd0, 0x8c, 0x78, 0xff, 0xc8, 0x88, 0x70, 0xff, 0xd0, 0x88, 0x70, 0xff,
    0xb0, 0x68, 0x50, 0xff, 0xc0, 0x78, 0x58, 0xff, 0xc0, 0x74, 0x58, 0xff,
    0xb8, 0x74, 0x58, 0xff, 0xb8, 0x6c, 0x50, 0xff, 0xb8, 0x68, 0x48, 0xff,
    0xb8, 0x68, 0x48, 0xff, 0xb0, 0x68, 0x48, 0xff, 0xb8, 0x6c, 0x48, 0xff,
    0xb0, 0x68, 0x48, 0xff, 0xb8, 0x68, 0x48, 0xff, 0xb0, 0x6c, 0x48, 0xff,
    0xb8, 0x68, 0x48, 0xff, 0xb0, 0x68, 0x48, 0xff, 0xb0, 0x74, 0x88, 0xff,
    0x88, 0x64, 0x88, 0xff, 0x88, 0x60, 0x80, 0xff, 0x68, 0x3c, 0x50, 0xff,
    0x58, 0x24, 0x30, 0xff, 0x50, 0x20, 0x28, 0xff, 0x70, 0x3c, 0x48, 0xff,
    0x78, 0x34, 0x28, 0xff, 0x78, 0x34, 0x20, 0xff, 0x78, 0x34, 0x28, 0xff,
    0x78, 0x34, 0x28, 0xff, 0x78, 0x34, 0x28, 0xff, 0x78, 0x34, 0x28, 0xff,
    0x78, 0x34, 0x20, 0xff, 0x78, 0x34, 0x28, 0xff, 0x78, 0x34, 0x28, 0xff,
    0x78, 0x34, 0x28, 0xff, 0x78, 0x34, 0x28, 0xff, 0x88, 0x40, 0x40, 0xff,
    0xa0, 0x58, 0x68, 0xff, 0x80, 0x38, 0x28, 0xff, 0x88, 0x3c, 0x40, 0xff,
    0x98, 0x4c, 0x60, 0xff, 0xa0, 0x54, 0x68, 0xff, 0xb0, 0x68, 0x50, 0xff,
    0xb0, 0x68, 0x48, 0xff, 0xa8, 0x64, 0x48, 0xff, 0xb8, 0x6c, 0x48, 0xff,
    0xb8, 0x70, 0x50, 0xff, 0xb8, 0x70, 0x50, 0xff, 0xb0, 0x6c, 0x48, 0xff,
    0xb8, 0x74, 0x58, 0xff, 0xb8, 0x74, 0x50, 0xff, 0xc8, 0x80, 0x68, 0xff,
    0xd0, 0x88, 0x70, 0xff, 0xd8, 0x98, 0x80, 0xff, 0xc8, 0x80, 0x68, 0xff,
    0xb0, 0x64, 0x50, 0xff, 0x98, 0x54, 0x40, 0xff, 0x88, 0x40, 0x38, 0xff,
    0x90, 0x44, 0x40, 0xff, 0x88, 0x44, 0x38, 0xff, 0x88, 0x40, 0x38, 0xff,
    0x88, 0x44, 0x38, 0xff, 0x90, 0x44, 0x40, 0xff, 0x88, 0x40, 0x38, 0xff,
    0x88, 0x40, 0x38, 0xff, 0x90, 0x44, 0x40, 0xff, 0x88, 0x44, 0x38, 0xff,
    0x88, 0x40, 0x38, 0xff, 0x88, 0x44, 0x40, 0xff, 0x88, 0x40, 0x38, 0xff,
    0x88, 0x40, 0x38, 0xff, 0x90, 0x44, 0x40, 0xff, 0x88, 0x40, 0x38, 0xff,
    0x88, 0x40, 0x38, 0xff, 0x90, 0x44, 0x40, 0xff, 0x88, 0x44, 0x40, 0xff,
    0xb0, 0x64, 0x50, 0xff, 0xd0, 0x94, 0x80, 0xff, 0xb0, 0x6c, 0x58, 0xff,
    0x88, 0x40, 0x38, 0xff, 0x88, 0x40, 0x38, 0xff, 0x88, 0x44, 0x38, 0xff,
    0xb0, 0x70, 0x60, 0xff, 0xe0, 0xa4, 0x90, 0xff, 0xc0, 0x78, 0x68, 0xff,
    0x88, 0x40, 0x38, 0xff, 0x88, 0x40, 0x38, 0xff, 0xa0, 0x5c, 0x48, 0xff,
    0xb8, 0x70, 0x60, 0xff, 0xe0, 0xa0, 0x90, 0xff, 0xc8, 0x88, 0x70, 0xff,
    0xc8, 0x80, 0x68, 0xff, 0xc0, 0x78, 0x58, 0xff, 0xb0, 0x6c, 0x48, 0xff,
    0xb0, 0x68, 0x48, 0xff, 0xb0, 0x68, 0x48, 0xff, 0xb0, 0x68, 0x48, 0xff,
    0xb0, 0x68, 0x48, 0xff, 0xb8, 0x68, 0x48, 0xff, 0xb0, 0x68, 0x48, 0xff,
    0xb8, 0x68, 0x48, 0xff, 0xb0, 0x68, 0x48, 0xff, 0xb8, 0x68, 0x48, 0xff,
    0xb0, 0x68, 0x48, 0xff, 0xb8, 0x68, 0x48, 0xff, 0xb0, 0x6c, 0x48, 0xff,
    0xb0, 0x6c, 0x58, 0xff, 0x98, 0x74, 0xa0, 0xff, 0x80, 0x50, 0x68, 0xff,
    0x68, 0x3c, 0x50, 0xff, 0x68, 0x30, 0x40, 0xff, 0x50, 0x20, 0x28, 0xff,
    0x58, 0x28, 0x30, 0xff, 0x78, 0x48, 0x68, 0xff, 0x78, 0x34, 0x28, 0xff,
    0x78, 0x34, 0x28, 0xff, 0x78, 0x34, 0x20, 0xff, 0x78, 0x34, 0x20, 0xff,
    0x78, 0x34, 0x28, 0xff, 0x78, 0x34, 0x28, 0xff, 0x78, 0x34, 0x28, 0xff,
    0x78, 0x34, 0x20, 0xff, 0x78, 0x34, 0x28, 0xff, 0x78, 0x34, 0x28, 0xff,
    0x88, 0x40, 0x38, 0xff, 0x88, 0x44, 0x48, 0xff, 0x98, 0x50, 0x58, 0xff,
    0x78, 0x34, 0x28, 0xff, 0x78, 0x34, 0x30, 0xff, 0x90, 0x44, 0x48, 0xff,
    0x98, 0x48, 0x58, 0xff, 0xb0, 0x68, 0x58, 0xff, 0xb0, 0x68, 0x50, 0xff,
    0xb8, 0x6c, 0x48, 0xff, 0xb8, 0x70, 0x50, 0xff, 0xc8, 0x80, 0x68, 0xff,
    0xc8, 0x80, 0x68, 0xff, 0xc8, 0x7c, 0x60, 0xff, 0xc0, 0x78, 0x58, 0xff,
    0xc0, 0x74, 0x58, 0xff, 0xc8, 0x88, 0x70, 0xff, 0xc8, 0x80, 0x68, 0xff,
    0xd8, 0x94, 0x78, 0xff, 0xc8, 0x80, 0x68, 0xff, 0xc8, 0x80, 0x68, 0xff,
    0xb0, 0x70, 0x60, 0xff, 0x90, 0x44, 0x40, 0xff, 0x88, 0x44, 0x40, 0xff,
    0x90, 0x44, 0x40, 0xff, 0x88, 0x44, 0x40, 0xff, 0x90, 0x44, 0x40, 0xff,
    0x90, 0x44, 0x40, 0xff, 0x88, 0x44, 0x38, 0xff, 0x88, 0x44, 0x40, 0xff,
    0x90, 0x44, 0x40, 0xff, 0x90, 0x44, 0x40, 0xff, 0x88, 0x44, 0x40, 0xff,
    0x90, 0x44, 0x40, 0xff, 0x88, 0x44, 0x38, 0xff, 0x90, 0x44, 0x40, 0xff,
    0x90, 0x44, 0x40, 0xff, 0x88, 0x44, 0x38, 0xff, 0x90, 0x44, 0x40, 0xff,
    0x90, 0x44, 0x40, 0xff, 0x90, 0x48, 0x38, 0xff, 0xd0, 0x94, 0x80, 0xff,
    0xe0, 0xa0, 0x90, 0xff, 0xd8, 0x98, 0x88, 0xff, 0xb8, 0x70, 0x60, 0xff,
    0x90, 0x4c, 0x40, 0xff, 0xa0, 0x54, 0x48, 0xff, 0xd8, 0x94, 0x80, 0xff,
    0xd8, 0x98, 0x80, 0xff, 0xd8, 0x94, 0x80, 0xff, 0xb0, 0x6c, 0x58, 0xff,
    0xa0, 0x5c, 0x48, 0xff, 0xc0, 0x78, 0x68, 0xff, 0xd0, 0x94, 0x80, 0xff,
    0xd0, 0x8c, 0x70, 0xff, 0xc8, 0x80, 0x68, 0xff, 0xc8, 0x80, 0x60, 0xff,
    0xb0, 0x68, 0x48, 0xff, 0xb0, 0x68, 0x48, 0xff, 0xb8, 0x6c, 0x48, 0xff,
    0xb0, 0x68, 0x48, 0xff, 0xb0, 0x68, 0x48, 0xff, 0xb0, 0x6c, 0x48, 0xff,
    0xb8, 0x68, 0x48, 0xff, 0xb0, 0x6c, 0x48, 0xff, 0xb8, 0x6c, 0x48, 0xff,
    0xb8, 0x68, 0x48, 0xff, 0xb0, 0x6c, 0x48, 0xff, 0xb8, 0x68, 0x48, 0xff,
    0xb0, 0x68, 0x48, 0xff, 0xb0, 0x6c, 0x48, 0xff, 0xa8, 0x64, 0x60, 0xff,
    0x78, 0x48, 0x60, 0xff, 0x68, 0x3c, 0x50, 0xff, 0x50, 0x20, 0x28, 0xff,
    0x50, 0x20, 0x28, 0xff, 0x70, 0x44, 0x58, 0xff, 0xa0, 0x78, 0xa0, 0xff,
    0x80, 0x54, 0x70, 0xff, 0x78, 0x34, 0x28, 0xff, 0x78, 0x34, 0x28, 0xff,
    0x78, 0x34, 0x28, 0xff, 0x78, 0x34, 0x28, 0xff, 0x78, 0x34, 0x20, 0xff,
    0x78, 0x34, 0x28, 0xff, 0x78, 0x34, 0x28, 0xff, 0x78, 0x34, 0x28, 0xff,
    0x78, 0x34, 0x28, 0xff, 0x78, 0x34, 0x28, 0xff, 0x78, 0x34, 0x28, 0xff,
    0x80, 0x3c, 0x30, 0xff, 0x88, 0x44, 0x48, 0xff, 0x78, 0x34, 0x28, 0xff,
    0x78, 0x34, 0x28, 0xff, 0x80, 0x34, 0x30, 0xff, 0x98, 0x48, 0x58, 0xff,
    0xb0, 0x68, 0x70, 0xff, 0xa8, 0x64, 0x60, 0xff, 0xb0, 0x68, 0x48, 0xff,
    0xb8, 0x74, 0x58, 0xff, 0xc8, 0x80, 0x68, 0xff, 0xc8, 0x80, 0x68, 0xff,
    0xc0, 0x78, 0x60, 0xff, 0xc8, 0x80, 0x68, 0xff, 0xc0, 0x78, 0x58, 0xff,
    0xd0, 0x8c, 0x78, 0xff, 0xc8, 0x88, 0x70, 0xff, 0xc8, 0x88, 0x70, 0xff,
    0xc8, 0x80, 0x68, 0xff, 0xc8, 0x80, 0x68, 0xff, 0xd0, 0x94, 0x80, 0xff,
    0xa0, 0x54, 0x40, 0xff, 0x90, 0x44, 0x40, 0xff, 0x90, 0x44, 0x40, 0xff,
    0x90, 0x44, 0x40, 0xff, 0x90, 0x44, 0x40, 0xff, 0x88, 0x44, 0x40, 0xff,
    0x90, 0x44, 0x40, 0xff, 0x90, 0x44, 0x40, 0xff, 0x90, 0x44, 0x40, 0xff,
    0x88, 0x44, 0x40, 0xff, 0x90, 0x44, 0x40, 0xff, 0x90, 0x44, 0x40, 0xff,
    0x90, 0x44, 0x40, 0xff, 0x90, 0x44, 0x40, 0xff, 0x90, 0x44, 0x40, 0xff,
    0x90, 0x44, 0x40, 0xff, 0x90, 0x44, 0x40, 0xff, 0x90, 0x44, 0x40, 0xff,
    0xb0, 0x70, 0x60, 0xff, 0xe0, 0xa0, 0x90, 0xff, 0xe0, 0xa4, 0x90, 0xff,
    0xe0, 0xa4, 0x90, 0xff, 0xe0, 0xa0, 0x88, 0xff, 0xb0, 0x70, 0x60, 0xff,
    0xb0, 0x70, 0x60, 0xff, 0xd0, 0x8c, 0x78, 0xff, 0xd8, 0x9c, 0x80, 0xff,
    0xd0, 0x8c, 0x78, 0xff, 0xd0, 0x8c, 0x78, 0xff, 0xc8, 0x84, 0x68, 0xff,
    0xc8, 0x80, 0x68, 0xff, 0xc8, 0x88, 0x70, 0xff, 0xc8, 0x80, 0x68, 0xff,
    0xc0, 0x80, 0x68, 0xff, 0xc0, 0x78, 0x58, 0xff, 0xb0, 0x68, 0x48, 0xff,
    0xb0, 0x68, 0x48, 0xff, 0xb8, 0x6c, 0x48, 0xff, 0xb8, 0x68, 0x48, 0xff,
    0xb0, 0x68, 0x48, 0xff, 0xb0, 0x68, 0x48, 0xff, 0xb8, 0x68, 0x48, 0xff,
    0xb0, 0x68, 0x48, 0xff, 0xb0, 0x68, 0x48, 0xff, 0xb8, 0x68, 0x48, 0xff,
    0xb0, 0x68, 0x48, 0xff, 0xb8, 0x6c, 0x48, 0xff, 0xb0, 0x6c, 0x48, 0xff,
    0xb8, 0x68, 0x48, 0xff, 0x70, 0x40, 0x48, 0xff, 0x68, 0x38, 0x48, 0xff,
    0x58, 0x28, 0x30, 0xff, 0x50, 0x1c, 0x28, 0xff, 0x60, 0x2c, 0x38, 0xff,
    0xa0, 0x7c, 0xb0, 0xff, 0x90, 0x6c, 0xa0, 0xff, 0x80, 0x58, 0x78, 0xff,
    0x78, 0x34, 0x28, 0xff, 0x78, 0x34, 0x20, 0xff, 0x78, 0x34, 0x28, 0xff,
    0x78, 0x34, 0x28, 0xff, 0x78, 0x34, 0x28, 0xff, 0x78, 0x34, 0x20, 0xff,
    0x78, 0x34, 0x28, 0xff, 0x78, 0x34, 0x20, 0xff, 0x78, 0x34, 0x28, 0xff,
    0x78, 0x34, 0x28, 0xff, 0x78, 0x34, 0x28, 0xff, 0x80, 0x3c, 0x28, 0xff,
    0xa0, 0x58, 0x68, 0xff, 0x80, 0x38, 0x30, 0xff, 0x78, 0x34, 0x28, 0xff,
    0x78, 0x34, 0x28, 0xff, 0x80, 0x3c, 0x38, 0xff, 0x98, 0x4c, 0x60, 0xff,
    0xa0, 0x58, 0x68, 0xff, 0xb0, 0x64, 0x50, 0xff, 0xb0, 0x68, 0x48, 0xff,
    0xb8, 0x74, 0x50, 0xff, 0xc0, 0x7c, 0x58, 0xff, 0xc0, 0x74, 0x58, 0xff,
    0xc8, 0x84, 0x68, 0xff, 0xc8, 0x84, 0x68, 0xff, 0xd8, 0x94, 0x80, 0xff,
    0xd8, 0x9c, 0x80, 0xff, 0xd0, 0x8c, 0x78, 0xff, 0xc8, 0x80, 0x68, 0xff,
    0xc8, 0x84, 0x68, 0xff, 0xd0, 0x94, 0x80, 0xff, 0xb0, 0x6c, 0x58, 0xff,
    0x90, 0x44, 0x40, 0xff, 0x90, 0x44, 0x40, 0xff, 0x90, 0x48, 0x40, 0xff,
    0x90, 0x48, 0x38, 0xff, 0x90, 0x44, 0x40, 0xff, 0x90, 0x44, 0x40, 0xff,
    0x90, 0x44, 0x40, 0xff, 0x88, 0x48, 0x40, 0xff, 0x90, 0x44, 0x38, 0xff,
    0x90, 0x44, 0x40, 0xff, 0x88, 0x48, 0x40, 0xff, 0x90, 0x44, 0x40, 0xff,
    0x88, 0x44, 0x40, 0xff, 0x88, 0x48, 0x40, 0xff, 0x90, 0x44, 0x40, 0xff,
    0x90, 0x48, 0x40, 0xff, 0xa0, 0x5c, 0x48, 0xff, 0xd0, 0x94, 0x80, 0xff,
    0xe0, 0xa0, 0x88, 0xff, 0xe0, 0xa4, 0x90, 0xff, 0xe0, 0xa0, 0x90, 0xff,
    0xe0, 0xa4, 0x90, 0xff, 0xd8, 0x9c, 0x80, 0xff, 0xd0, 0x88, 0x70, 0xff,
    0xd8, 0x98, 0x88, 0xff, 0xd8, 0x94, 0x80, 0xff, 0xc8, 0x88, 0x70, 0xff,
    0xd8, 0x94, 0x80, 0xff, 0xc8, 0x84, 0x68, 0xff, 0xc8, 0x80, 0x68, 0xff,
    0xc8, 0x80, 0x68, 0xff, 0xc8, 0x80, 0x68, 0xff, 0xc0, 0x7c, 0x60, 0xff,
    0xb8, 0x6c, 0x48, 0xff, 0xb0, 0x6c, 0x48, 0xff, 0xb0, 0x68, 0x48, 0xff,
    0xb0, 0x68, 0x48, 0xff, 0xb8, 0x68, 0x48, 0xff, 0xb0, 0x6c, 0x48, 0xff,
    0xb0, 0x68, 0x48, 0xff, 0xb8, 0x68, 0x48, 0xff, 0xb8, 0x6c, 0x48, 0xff,
    0xb0, 0x68, 0x48, 0xff, 0xb0, 0x68, 0x48, 0xff, 0xb8, 0x68, 0x48, 0xff,
    0xb0, 0x68, 0x48, 0xff, 0xb0, 0x68, 0x48, 0xff, 0xb0, 0x68, 0x58, 0xff,
    0x78, 0x48, 0x60, 0xff, 0x68, 0x34, 0x40, 0xff, 0x50, 0x1c, 0x20, 0xff,
    0x50, 0x20, 0x28, 0xff, 0x90, 0x6c, 0x90, 0xff, 0x98, 0x78, 0xb0, 0xff,
    0x80, 0x58, 0x78, 0xff, 0x80, 0x50, 0x68, 0xff, 0x78, 0x34, 0x28, 0xff,
    0x78, 0x34, 0x28, 0xff, 0x78, 0x34, 0x20, 0xff, 0x78, 0x34, 0x28, 0xff,
    0x78, 0x34, 0x28, 0xff, 0x78, 0x34, 0x28, 0xff, 0x78, 0x34, 0x28, 0xff,
    0x78, 0x34, 0x28, 0xff, 0x78, 0x34, 0x20, 0xff, 0x78, 0x34, 0x28, 0xff,
    0x78, 0x34, 0x28, 0xff, 0x78, 0x38, 0x28, 0xff, 0x80, 0x3c, 0x38, 0xff,
    0x78, 0x34, 0x28, 0xff, 0x78, 0x34, 0x28, 0xff, 0x78, 0x34, 0x28, 0xff,
    0x78, 0x34, 0x28, 0xff, 0x98, 0x48, 0x58, 0xff, 0x98, 0x4c, 0x60, 0xff,
    0xa8, 0x60, 0x60, 0xff, 0xb0, 0x68, 0x50, 0xff, 0xb8, 0x68, 0x48, 0xff,
    0xb8, 0x6c, 0x50, 0xff, 0xb8, 0x70, 0x50, 0xff, 0xc0, 0x74, 0x58, 0xff,
    0xc8, 0x88, 0x70, 0xff, 0xd8, 0x94, 0x80, 0xff, 0xe0, 0xa4, 0x90, 0xff,
    0xd0, 0x8c, 0x78, 0xff, 0xd0, 0x8c, 0x78, 0xff, 0xc0, 0x84, 0x68, 0xff,
    0xd0, 0x8c, 0x78, 0xff, 0xc8, 0x80, 0x68, 0xff, 0x90, 0x4c, 0x40, 0xff,
    0x88, 0x44, 0x40, 0xff, 0xa0, 0x5c, 0x48, 0xff, 0xb0, 0x70, 0x60, 0xff,
    0x90, 0x4c, 0x40, 0xff, 0x90, 0x44, 0x40, 0xff, 0x90, 0x48, 0x40, 0xff,
    0x88, 0x44, 0x40, 0xff, 0x90, 0x44, 0x40, 0xff, 0x90, 0x44, 0x40, 0xff,
    0x90, 0x48, 0x40, 0xff, 0x90, 0x44, 0x40, 0xff, 0x90, 0x44, 0x40, 0xff,
    0x90, 0x44, 0x40, 0xff, 0x88, 0x44, 0x40, 0xff, 0x90, 0x4c, 0x40, 0xff,
    0xc8, 0x88, 0x70, 0xff, 0xe0, 0xa0, 0x88, 0xff, 0xe0, 0xa4, 0x90, 0xff,
    0xe0, 0xa0, 0x88, 0xff, 0xe0, 0xa0, 0x90, 0xff, 0xe0, 0xa0, 0x90, 0xff,
    0xe0, 0xa0, 0x88, 0xff, 0xc8, 0x84, 0x68, 0xff, 0xc8, 0x84, 0x68, 0xff,
    0xc8, 0x84, 0x68, 0xff, 0xd8, 0x98, 0x88, 0xff, 0xc8, 0x88, 0x70, 0xff,
    0xb0, 0x6c, 0x58, 0xff, 0x98, 0x54, 0x40, 0xff, 0xc0, 0x7c, 0x60, 0xff,
    0xc8, 0x80, 0x68, 0xff, 0xb8, 0x70, 0x50, 0xff, 0xb0, 0x6c, 0x48, 0xff,
    0xb8, 0x6c, 0x48, 0xff, 0xb0, 0x68, 0x48, 0xff, 0xb8, 0x68, 0x48, 0xff,
    0xb0, 0x68, 0x48, 0xff, 0xb8, 0x6c, 0x48, 0xff, 0xb0, 0x68, 0x48, 0xff,
    0xb8, 0x68, 0x48, 0xff, 0xb8, 0x6c, 0x48, 0xff, 0xb0, 0x68, 0x48, 0xff,
    0xb8, 0x68, 0x48, 0xff, 0xb8, 0x6c, 0x48, 0xff, 0xb0, 0x68, 0x48, 0xff,
    0xb0, 0x68, 0x48, 0xff, 0xa8, 0x70, 0x78, 0xff, 0x80, 0x50, 0x68, 0xff,
    0x58, 0x28, 0x30, 0xff, 0x50, 0x1c, 0x20, 0xff, 0x68, 0x3c, 0x50, 0xff,
    0x98, 0x78, 0xa8, 0xff, 0xa0, 0x7c, 0xa8, 0xff, 0x88, 0x64, 0x88, 0xff,
    0x80, 0x54, 0x70, 0xff, 0x78, 0x34, 0x28, 0xff, 0x78, 0x34, 0x28, 0xff,
    0x78, 0x34, 0x28, 0xff, 0x78, 0x34, 0x28, 0xff, 0x80, 0x38, 0x28, 0xff,
    0x78, 0x38, 0x20, 0xff, 0x78, 0x34, 0x28, 0xff, 0x78, 0x34, 0x28, 0xff,
    0x78, 0x34, 0x28, 0xff, 0x78, 0x34, 0x20, 0xff, 0x78, 0x34, 0x28, 0xff,
    0x78, 0x34, 0x28, 0xff, 0x78, 0x34, 0x28, 0xff, 0x78, 0x34, 0x28, 0xff,
    0x78, 0x34, 0x20, 0xff, 0x78, 0x34, 0x28, 0xff, 0x78, 0x34, 0x28, 0xff,
    0x80, 0x38, 0x38, 0xff, 0x98, 0x4c, 0x60, 0xff, 0xa8, 0x64, 0x78, 0xff,
    0xb0, 0x68, 0x70, 0xff, 0xb0, 0x6c, 0x48, 0xff, 0xb0, 0x68, 0x48, 0xff,
    0xb0, 0x6c, 0x48, 0xff, 0xc8, 0x7c, 0x60, 0xff, 0xc8, 0x80, 0x68, 0xff,
    0xc8, 0x88, 0x70, 0xff, 0xe0, 0xa0, 0x90, 0xff, 0xd0, 0x94, 0x78, 0xff,
    0xd8, 0x9c, 0x80, 0xff, 0xd0, 0x8c, 0x70, 0xff, 0xc8, 0x84, 0x68, 0xff,
    0xd0, 0x8c, 0x78, 0xff, 0xb0, 0x6c, 0x58, 0xff, 0x90, 0x4c, 0x40, 0xff,
    0xd0, 0x8c, 0x78, 0xff, 0xe0, 0xa0, 0x88, 0xff, 0xb8, 0x78, 0x68, 0xff,
    0x90, 0x44, 0x40, 0xff, 0x90, 0x44, 0x40, 0xff, 0x90, 0x48, 0x40, 0xff,
    0x90, 0x44, 0x40, 0xff, 0x88, 0x44, 0x40, 0xff, 0x90, 0x44, 0x38, 0xff,
    0x90, 0x48, 0x40, 0xff, 0x90, 0x4c, 0x40, 0xff, 0xa0, 0x5c, 0x48, 0xff,
    0x90, 0x44, 0x40, 0xff, 0xb8, 0x70, 0x60, 0xff, 0xe0, 0xa4, 0x90, 0xff,
    0xe0, 0xa0, 0x90, 0xff, 0xe0, 0xa4, 0x90, 0xff, 0xe0, 0xa4, 0x90, 0xff,
    0xe0, 0xa4, 0x90, 0xff, 0xe0, 0xa0, 0x88, 0xff, 0xd0, 0x8c, 0x70, 0xff,
    0xc8, 0x80, 0x68, 0xff, 0xc8, 0x80, 0x68, 0xff, 0xc8, 0x88, 0x70, 0xff,
    0xd0, 0x88, 0x70, 0xff, 0xc0, 0x78, 0x60, 0xff, 0x88, 0x40, 0x30, 0xff,
    0x78, 0x34, 0x28, 0xff, 0x98, 0x54, 0x38, 0xff, 0xc8, 0x7c, 0x60, 0xff,
    0xb8, 0x70, 0x50, 0xff, 0xb0, 0x6c, 0x48, 0xff, 0xb8, 0x68, 0x48, 0xff,
    0xb0, 0x68, 0x48, 0xff, 0xb8, 0x68, 0x48, 0xff, 0xb8, 0x68, 0x48, 0xff,
    0xb0, 0x68, 0x48, 0xff, 0xb0, 0x68, 0x48, 0xff, 0xb0, 0x68, 0x48, 0xff,
    0xb8, 0x68, 0x48, 0xff, 0xb0, 0x68, 0x48, 0xff, 0xb0, 0x6c, 0x48, 0xff,
    0xb8, 0x68, 0x48, 0xff, 0xb8, 0x68, 0x48, 0xff, 0xb0, 0x6c, 0x48, 0xff,
    0x88, 0x68, 0x70, 0xff, 0x78, 0x4c, 0x68, 0xff, 0x58, 0x24, 0x28, 0xff,
    0x50, 0x20, 0x28, 0xff, 0x70, 0x3c, 0x50, 0xff, 0x90, 0x6c, 0x98, 0xff,
    0x88, 0x60, 0x80, 0xff, 0x80, 0x50, 0x68, 0xff, 0x80, 0x50, 0x68, 0xff,
    0x80, 0x3c, 0x40, 0xff, 0x70, 0x34, 0x20, 0xff, 0x78, 0x34, 0x28, 0xff,
    0x78, 0x34, 0x28, 0xff, 0x78, 0x38, 0x28, 0xff, 0x80, 0x3c, 0x28, 0xff,
    0x80, 0x3c, 0x28, 0xff, 0x78, 0x34, 0x28, 0xff, 0x78, 0x34, 0x28, 0xff,
    0x78, 0x34, 0x28, 0xff, 0x78, 0x34, 0x20, 0xff, 0x78, 0x34, 0x28, 0xff,
    0x78, 0x34, 0x28, 0xff, 0x78, 0x34, 0x20, 0xff, 0x78, 0x34, 0x28, 0xff,
    0x88, 0x40, 0x28, 0xff, 0x78, 0x34, 0x28, 0xff, 0x78, 0x34, 0x28, 0xff,
    0x88, 0x3c, 0x40, 0xff, 0x98, 0x4c, 0x60, 0xff, 0xb0, 0x64, 0x78, 0xff,
    0xa0, 0x54, 0x48, 0xff, 0xb0, 0x68, 0x48, 0xff, 0xb0, 0x68, 0x48, 0xff,
    0xb8, 0x70, 0x50, 0xff, 0xc8, 0x80, 0x68, 0xff, 0xc8, 0x80, 0x68, 0xff,
    0xd0, 0x94, 0x78, 0xff, 0xd8, 0x98, 0x88, 0xff, 0xd0, 0x88, 0x70, 0xff,
    0xd8, 0x94, 0x80, 0xff, 0xc8, 0x80, 0x68, 0xff, 0xc8, 0x84, 0x68, 0xff,
    0xd0, 0x8c, 0x70, 0xff, 0xc0, 0x78, 0x68, 0xff, 0xd8, 0x9c, 0x88, 0xff,
    0xe0, 0xa0, 0x88, 0xff, 0xe0, 0xa0, 0x88, 0xff, 0xb0, 0x6c, 0x58, 0xff,
    0x90, 0x44, 0x40, 0xff, 0x90, 0x44, 0x38, 0xff, 0x88, 0x48, 0x40, 0xff,
    0x90, 0x44, 0x40, 0xff, 0x90, 0x44, 0x40, 0xff, 0x88, 0x44, 0x40, 0xff,
    0xb0, 0x6c, 0x58, 0xff, 0xd0, 0x94, 0x78, 0xff, 0xc0, 0x78, 0x60, 0xff,
    0xd0, 0x8c, 0x78, 0xff, 0xe0, 0xa4, 0x90, 0xff, 0xe0, 0xa0, 0x88, 0xff,
    0xe0, 0xa0, 0x88, 0xff, 0xe0, 0xa0, 0x90, 0xff, 0xe0, 0xa4, 0x90, 0xff,
    0xd0, 0x8c, 0x78, 0xff, 0xc8, 0x80, 0x68, 0xff, 0xc0, 0x80, 0x68, 0xff,
    0xc8, 0x80, 0x68, 0xff, 0xc8, 0x80, 0x68, 0xff, 0xc0, 0x7c, 0x60, 0xff,
    0xa8, 0x64, 0x48, 0xff, 0x78, 0x38, 0x28, 0xff, 0x78, 0x34, 0x28, 0xff,
    0x80, 0x38, 0x28, 0xff, 0x98, 0x54, 0x38, 0xff, 0xb0, 0x6c, 0x48, 0xff,
    0xb8, 0x68, 0x48, 0xff, 0xb0, 0x68, 0x48, 0xff, 0xb0, 0x68, 0x48, 0xff,
    0xb8, 0x6c, 0x48, 0xff, 0xb0, 0x68, 0x48, 0xff, 0xb8, 0x68, 0x48, 0xff,
    0xb8, 0x6c, 0x48, 0xff, 0xb0, 0x6c, 0x48, 0xff, 0xb8, 0x68, 0x48, 0xff,
    0xb0, 0x68, 0x48, 0xff, 0xb0, 0x68, 0x48, 0xff, 0xb0, 0x68, 0x48, 0xff,
    0xb0, 0x68, 0x48, 0xff, 0xa8, 0x64, 0x48, 0xff, 0x70, 0x44, 0x58, 0xff,
    0x68, 0x34, 0x48, 0xff, 0x50, 0x1c, 0x20, 0xff, 0x58, 0x24, 0x28, 0xff,
    0x68, 0x38, 0x48, 0xff, 0x80, 0x54, 0x70, 0xff, 0x80, 0x50, 0x68, 0xff,
    0x68, 0x34, 0x48, 0xff, 0x68, 0x34, 0x48, 0xff, 0x80, 0x58, 0x78, 0xff,
    0x58, 0x38, 0x18, 0xff, 0x70, 0x38, 0x20, 0xff, 0x70, 0x34, 0x20, 0xff,
    0x70, 0x34, 0x20, 0xff, 0x78, 0x34, 0x28, 0xff, 0x80, 0x38, 0x28, 0xff,
    0x78, 0x34, 0x28, 0xff, 0x78, 0x34, 0x20, 0xff, 0x78, 0x34, 0x28, 0xff,
    0x78, 0x34, 0x28, 0xff, 0x78, 0x34, 0x20, 0xff, 0x78, 0x34, 0x28, 0xff,
    0x78, 0x34, 0x28, 0xff, 0x78, 0x34, 0x28, 0xff, 0x78, 0x38, 0x28, 0xff,
    0x78, 0x34, 0x28, 0xff, 0x78, 0x34, 0x28, 0xff, 0x78, 0x34, 0x28, 0xff,
    0x78, 0x34, 0x30, 0xff, 0x98, 0x50, 0x58, 0xff, 0x98, 0x4c, 0x40, 0xff,
    0xb0, 0x68, 0x48, 0xff, 0xb0, 0x68, 0x48, 0xff, 0xb0, 0x6c, 0x48, 0xff,
    0xc0, 0x74, 0x58, 0xff, 0xc8, 0x7c, 0x60, 0xff, 0xc8, 0x80, 0x68, 0xff,
    0xd8, 0x94, 0x80, 0xff, 0xc8, 0x84, 0x68, 0xff, 0xc8, 0x88, 0x70, 0xff,
    0xc0, 0x80, 0x68, 0xff, 0xd0, 0x8c, 0x70, 0xff, 0xd0, 0x88, 0x70, 0xff,
    0xd0, 0x8c, 0x78, 0xff, 0xd0, 0x8c, 0x70, 0xff, 0xd0, 0x94, 0x80, 0xff,
    0xe0, 0xa0, 0x90, 0xff, 0xd0, 0x94, 0x78, 0xff, 0x90, 0x4c, 0x40, 0xff,
    0x90, 0x44, 0x40, 0xff, 0x90, 0x44, 0x40, 0xff, 0x90, 0x48, 0x40, 0xff,
    0x90, 0x44, 0x40, 0xff, 0x90, 0x44, 0x40, 0xff, 0xd0, 0x8c, 0x70, 0xff,
    0xe0, 0xa0, 0x90, 0xff, 0xe0, 0xa0, 0x90, 0xff, 0xe0, 0xa0, 0x88, 0xff,
    0xe0, 0xa0, 0x90, 0xff, 0xe0, 0xa4, 0x90, 0xff, 0xe0, 0xa0, 0x88, 0xff,
    0xe0, 0xa0, 0x90, 0xff, 0xd0, 0x94, 0x78, 0xff, 0xc8, 0x80, 0x68, 0xff,
    0xc8, 0x80, 0x68, 0xff, 0xc8, 0x84, 0x60, 0xff, 0xc0, 0x7c, 0x60, 0xff,
    0xb8, 0x70, 0x50, 0xff, 0xb0, 0x68, 0x48, 0xff, 0x80, 0x3c, 0x28, 0xff,
    0x80, 0x3c, 0x28, 0xff, 0x78, 0x34, 0x28, 0xff, 0x78, 0x34, 0x28, 0xff,
    0x80, 0x3c, 0x28, 0xff, 0xb0, 0x68, 0x48, 0xff, 0xb8, 0x68, 0x48, 0xff,
    0xb0, 0x68, 0x48, 0xff, 0xb8, 0x68, 0x48, 0xff, 0xb0, 0x6c, 0x48, 0xff,
    0xb0, 0x68, 0x48, 0xff, 0xb8, 0x68, 0x48, 0xff, 0xb8, 0x68, 0x48, 0xff,
    0xb0, 0x68, 0x48, 0xff, 0xb0, 0x6c, 0x48, 0xff, 0xb0, 0x68, 0x48, 0xff,
    0xb0, 0x68, 0x48, 0xff, 0xb0, 0x68, 0x48, 0xff, 0x90, 0x64, 0x38, 0xff,
    0x68, 0x44, 0x28, 0xff, 0x70, 0x40, 0x48, 0xff, 0x68, 0x30, 0x40, 0xff,
    0x58, 0x24, 0x28, 0xff, 0x68, 0x3c, 0x50, 0xff, 0x70, 0x40, 0x50, 0xff,
    0x68, 0x34, 0x48, 0xff, 0x68, 0x34, 0x48, 0xff, 0x68, 0x38, 0x48, 0xff,
    0x68, 0x38, 0x48, 0xff, 0x80, 0x54, 0x70, 0xff, 0x60, 0x34, 0x30, 0xff,
    0x58, 0x38, 0x18, 0xff, 0x68, 0x5c, 0x28, 0xff, 0x60, 0x50, 0x20, 0xff,
    0x70, 0x38, 0x20, 0xff, 0x78, 0x38, 0x28, 0xff, 0x78, 0x34, 0x28, 0xff,
    0x78, 0x34, 0x20, 0xff, 0x78, 0x34, 0x28, 0xff, 0x78, 0x34, 0x28, 0xff,
    0x78, 0x34, 0x28, 0xff, 0x78, 0x34, 0x28, 0xff, 0x78, 0x34, 0x28, 0xff,
    0x78, 0x34, 0x20, 0xff, 0x78, 0x34, 0x28, 0xff, 0x78, 0x34, 0x28, 0xff,
    0x78, 0x34, 0x28, 0xff, 0x78, 0x34, 0x28, 0xff, 0x78, 0x34, 0x28, 0xff,
    0x88, 0x3c, 0x38, 0xff, 0x88, 0x40, 0x38, 0xff, 0xa8, 0x64, 0x60, 0xff,
    0xb0, 0x6c, 0x58, 0xff, 0xb0, 0x68, 0x48, 0xff, 0xb0, 0x68, 0x48, 0xff,
    0xb0, 0x6c, 0x48, 0xff, 0xc0, 0x74, 0x58, 0xff, 0xc0, 0x7c, 0x60, 0xff,
    0xc8, 0x88, 0x70, 0xff, 0xc8, 0x80, 0x60, 0xff, 0xc8, 0x80, 0x68, 0xff,
    0xd0, 0x94, 0x80, 0xff, 0xd0, 0x8c, 0x78, 0xff, 0xc8, 0x88, 0x70, 0xff,
    0xe0, 0xa4, 0x90, 0xff, 0xd8, 0x94, 0x80, 0xff, 0xd0, 0x94, 0x80, 0xff,
    0xd8, 0x98, 0x88, 0xff, 0xc8, 0x88, 0x70, 0xff, 0x98, 0x54, 0x40, 0xff,
    0x90, 0x44, 0x40, 0xff, 0x90, 0x44, 0x40, 0xff, 0x90, 0x4c, 0x40, 0xff,
    0xa8, 0x64, 0x50, 0xff, 0xe0, 0xa0, 0x88, 0xff, 0xe0, 0xa4, 0x90, 0xff,
    0xe0, 0xa0, 0x90, 0xff, 0xe0, 0xa4, 0x90, 0xff, 0xe0, 0xa4, 0x90, 0xff,
    0xe0, 0xa0, 0x90, 0xff, 0xd8, 0x9c, 0x88, 0xff, 0xd0, 0x8c, 0x78, 0xff,
    0xc8, 0x80, 0x68, 0xff, 0xc8, 0x80, 0x60, 0xff, 0xc0, 0x7c, 0x60, 0xff,
    0xc0, 0x78, 0x58, 0xff, 0xb0, 0x68, 0x48, 0xff, 0xb0, 0x68, 0x48, 0xff,
    0x98, 0x54, 0x38, 0xff, 0x78, 0x34, 0x28, 0xff, 0x88, 0x40, 0x28, 0xff,
    0x78, 0x34, 0x28, 0xff, 0x78, 0x34, 0x28, 0xff, 0x78, 0x34, 0x28, 0xff,
    0x98, 0x4c, 0x40, 0xff, 0xb0, 0x68, 0x48, 0xff, 0xb0, 0x68, 0x48, 0xff,
    0xb8, 0x6c, 0x48, 0xff, 0xb8, 0x68, 0x48, 0xff, 0xb0, 0x68, 0x48, 0xff,
    0xb0, 0x6c, 0x48, 0xff, 0xb0, 0x6c, 0x48, 0xff, 0xb0, 0x68, 0x48, 0xff,
    0xa8, 0x64, 0x48, 0xff, 0x98, 0x54, 0x38, 0xff, 0x90, 0x64, 0x38, 0xff,
    0x88, 0x74, 0x48, 0xff, 0x78, 0x88, 0x48, 0xff, 0x78, 0x5c, 0x38, 0xff,
    0x68, 0x3c, 0x50, 0xff, 0x58, 0x24, 0x28, 0xff, 0x80, 0x58, 0x78, 0xff,
    0x90, 0x6c, 0x98, 0xff, 0x60, 0x2c, 0x38, 0xff, 0x50, 0x20, 0x20, 0xff,
    0x50, 0x1c, 0x20, 0xff, 0x50, 0x1c, 0x20, 0xff, 0x50, 0x1c, 0x20, 0xff,
    0x80, 0x50, 0x68, 0xff, 0x88, 0x64, 0x88, 0xff, 0x58, 0x38, 0x30, 0xff,
    0x68, 0x5c, 0x28, 0xff, 0x70, 0x7c, 0x40, 0xff, 0x78, 0x5c, 0x38, 0xff,
    0x68, 0x44, 0x28, 0xff, 0x78, 0x38, 0x28, 0xff, 0x78, 0x34, 0x28, 0xff,
    0x78, 0x34, 0x28, 0xff, 0x78, 0x34, 0x28, 0xff, 0x80, 0x3c, 0x28, 0xff,
    0x80, 0x38, 0x28, 0xff, 0x78, 0x34, 0x28, 0xff, 0x78, 0x34, 0x28, 0xff,
    0x78, 0x34, 0x20, 0xff, 0x78, 0x34, 0x28, 0xff, 0x78, 0x34, 0x20, 0xff,
    0x78, 0x34, 0x28, 0xff, 0x78, 0x34, 0x28, 0xff, 0x78, 0x34, 0x28, 0xff,
    0x80, 0x38, 0x30, 0xff, 0x98, 0x48, 0x58, 0xff, 0x98, 0x48, 0x58, 0xff,
    0xa8, 0x5c, 0x48, 0xff, 0xb0, 0x68, 0x48, 0xff, 0xb0, 0x68, 0x48, 0xff,
    0xb0, 0x6c, 0x48, 0xff, 0xb8, 0x6c, 0x50, 0xff, 0xb8, 0x70, 0x50, 0xff,
    0xc0, 0x74, 0x58, 0xff, 0xc8, 0x80, 0x68, 0xff, 0xc8, 0x84, 0x68, 0xff,
    0xc8, 0x80, 0x68, 0xff, 0xc8, 0x80, 0x68, 0xff, 0xd8, 0x9c, 0x88, 0xff,
    0xe0, 0xa0, 0x88, 0xff, 0xd0, 0x8c, 0x78, 0xff, 0xd0, 0x8c, 0x78, 0xff,
    0xe0, 0xa0, 0x88, 0xff, 0xd0, 0x8c, 0x70, 0xff, 0xa8, 0x64, 0x50, 0xff,
    0xa0, 0x5c, 0x48, 0xff, 0xc0, 0x78, 0x60, 0xff, 0xd8, 0x98, 0x88, 0xff,
    0xe0, 0xa0, 0x90, 0xff, 0xe0, 0xa0, 0x88, 0xff, 0xd8, 0xa0, 0x88, 0xff,
    0xd0, 0x94, 0x78, 0xff, 0xc8, 0x88, 0x70, 0xff, 0xc8, 0x88, 0x70, 0xff,
    0xc8, 0x84, 0x68, 0xff, 0xc8, 0x80, 0x68, 0xff, 0xc8, 0x80, 0x68, 0xff,
    0xc0, 0x80, 0x60, 0xff, 0xb0, 0x6c, 0x48, 0xff, 0xb0, 0x68, 0x48, 0xff,
    0xb0, 0x68, 0x48, 0xff, 0xa8, 0x60, 0x48, 0xff, 0x80, 0x38, 0x28, 0xff,
    0x78, 0x34, 0x28, 0xff, 0x78, 0x38, 0x28, 0xff, 0x78, 0x38, 0x28, 0xff,
    0x80, 0x3c, 0x28, 0xff, 0x78, 0x34, 0x28, 0xff, 0x80, 0x38, 0x28, 0xff,
    0x98, 0x54, 0x40, 0xff, 0xb0, 0x68, 0x48, 0xff, 0xb8, 0x68, 0x48, 0xff,
    0xb0, 0x68, 0x48, 0xff, 0xb0, 0x68, 0x48, 0xff, 0xb0, 0x68, 0x48, 0xff,
    0xb0, 0x68, 0x48, 0xff, 0xb0, 0x64, 0x48, 0xff, 0x98, 0x54, 0x38, 0xff,
    0x98, 0x54, 0x38, 0xff, 0x78, 0x7c, 0x40, 0xff, 0x90, 0xa4, 0x60, 0xff,
    0x90, 0xa4, 0x60, 0xff, 0x68, 0x44, 0x28, 0xff, 0x60, 0x2c, 0x38, 0xff,
    0x88, 0x5c, 0x80, 0xff, 0x88, 0x60, 0x80, 0xff, 0x60, 0x30, 0x48, 0xff,
    0x58, 0x28, 0x30, 0xff, 0x50, 0x20, 0x28, 0xff, 0x50, 0x20, 0x20, 0xff,
    0x50, 0x1c, 0x20, 0xff, 0x50, 0x20, 0x20, 0xff, 0x68, 0x3c, 0x50, 0xff,
    0x80, 0x58, 0x78, 0xff, 0x98, 0x70, 0x90, 0xff, 0x78, 0x5c, 0x38, 0xff,
    0x70, 0x7c, 0x40, 0xff, 0x80, 0x90, 0x50, 0xff, 0x90, 0xb4, 0x70, 0xff,
    0x78, 0x5c, 0x38, 0xff, 0x78, 0x5c, 0x38, 0xff, 0x70, 0x34, 0x20, 0xff,
    0x78, 0x34, 0x28, 0xff, 0x78, 0x34, 0x20, 0xff, 0x90, 0x48, 0x30, 0xff,
    0x88, 0x40, 0x30, 0xff, 0x78, 0x34, 0x28, 0xff, 0x78, 0x34, 0x28, 0xff,
    0x78, 0x34, 0x28, 0xff, 0x78, 0x34, 0x28, 0xff, 0x78, 0x34, 0x28, 0xff,
    0x78, 0x34, 0x28, 0xff, 0x78, 0x34, 0x28, 0xff, 0x78, 0x34, 0x28, 0xff,
    0x78, 0x34, 0x28, 0xff, 0x80, 0x3c, 0x38, 0xff, 0x98, 0x54, 0x58, 0xff,
    0xa8, 0x64, 0x60, 0xff, 0xb0, 0x64, 0x50, 0xff, 0xb0, 0x6c, 0x48, 0xff,
    0xb8, 0x68, 0x48, 0xff, 0xb0, 0x68, 0x48, 0xff, 0xb0, 0x68, 0x48, 0xff,
    0xb8, 0x6c, 0x48, 0xff, 0xc0, 0x78, 0x58, 0xff, 0xc0, 0x78, 0x58, 0xff,
    0xc0, 0x78, 0x60, 0xff, 0xc0, 0x78, 0x58, 0xff, 0xd0, 0x8c, 0x78, 0xff,
    0xd0, 0x8c, 0x70, 0xff, 0xd0, 0x8c, 0x70, 0xff, 0xc8, 0x84, 0x68, 0xff,
    0xd0, 0x8c, 0x78, 0xff, 0xc0, 0x7c, 0x60, 0xff, 0xd0, 0x8c, 0x70, 0xff,
    0xd0, 0x8c, 0x70, 0xff, 0xc0, 0x78, 0x60, 0xff, 0xc8, 0x8c, 0x70, 0xff,
    0xd0, 0x8c, 0x70, 0xff, 0xd0, 0x88, 0x70, 0xff, 0xc0, 0x78, 0x60, 0xff,
    0xc0, 0x78, 0x58, 0xff, 0xc0, 0x78, 0x58, 0xff, 0xc0, 0x78, 0x58, 0xff,
    0xc0, 0x78, 0x58, 0xff, 0xb8, 0x74, 0x50, 0xff, 0xb0, 0x68, 0x48, 0xff,
    0xb0, 0x68, 0x48, 0xff, 0xb0, 0x68, 0x48, 0xff, 0x90, 0x48, 0x30, 0xff,
    0x78, 0x34, 0x28, 0xff, 0x78, 0x34, 0x28, 0xff, 0x78, 0x34, 0x28, 0xff,
    0x78, 0x34, 0x28, 0xff, 0x88, 0x3c, 0x30, 0xff, 0x80, 0x3c, 0x28, 0xff,
    0x78, 0x34, 0x28, 0xff, 0x78, 0x34, 0x28, 0xff, 0x78, 0x34, 0x28, 0xff,
    0x90, 0x48, 0x30, 0xff, 0xb0, 0x68, 0x48, 0xff, 0xb0, 0x68, 0x48, 0xff,
    0xa8, 0x64, 0x48, 0xff, 0xb0, 0x64, 0x48, 0xff, 0x98, 0x54, 0x38, 0xff,
    0x98, 0x54, 0x38, 0xff, 0xa0, 0x54, 0x38, 0xff, 0x90, 0x64, 0x40, 0xff,
    0x68, 0x78, 0x38, 0xff, 0x80, 0x90, 0x50, 0xff, 0x60, 0x5c, 0x28, 0xff,
    0x50, 0x20, 0x28, 0xff, 0x88, 0x64, 0x88, 0xff, 0xa0, 0x84, 0xb8, 0xff,
    0x80, 0x58, 0x78, 0xff, 0x80, 0x50, 0x68, 0xff, 0x70, 0x44, 0x58, 0xff,
    0x60, 0x2c, 0x38, 0xff, 0x50, 0x1c, 0x20, 0xff, 0x50, 0x20, 0x20, 0xff,
    0x50, 0x1c, 0x20, 0xff, 0x58, 0x24, 0x28, 0xff, 0x68, 0x3c, 0x50, 0xff,
    0x88, 0x5c, 0x80, 0xff, 0x70, 0x44, 0x58, 0xff, 0x60, 0x50, 0x20, 0xff,
    0x78, 0x88, 0x48, 0xff, 0x80, 0x90, 0x50, 0xff, 0x70, 0x80, 0x40, 0xff,
    0x90, 0xa4, 0x60, 0xff, 0x88, 0x70, 0x48, 0xff, 0x68, 0x44, 0x28, 0xff,
    0x68, 0x3c, 0x18, 0xff, 0x70, 0x34, 0x20, 0xff, 0x80, 0x3c, 0x28, 0xff,
    0x78, 0x38, 0x28, 0xff, 0x78, 0x34, 0x28, 0xff, 0x78, 0x34, 0x20, 0xff,
    0x78, 0x34, 0x28, 0xff, 0x78, 0x34, 0x20, 0xff, 0x78, 0x34, 0x28, 0xff,
    0x78, 0x34, 0x28, 0xff, 0x78, 0x34, 0x28, 0xff, 0x78, 0x38, 0x28, 0xff,
    0x78, 0x34, 0x28, 0xff, 0x78, 0x34, 0x28, 0xff, 0x88, 0x3c, 0x40, 0xff,
    0x90, 0x44, 0x40, 0xff, 0x98, 0x54, 0x38, 0xff, 0xb0, 0x68, 0x50, 0xff,
    0xb0, 0x6c, 0x48, 0xff, 0xb0, 0x6c, 0x48, 0xff, 0xb0, 0x6c, 0x50, 0xff,
    0xb0, 0x68, 0x48, 0xff, 0xb0, 0x68, 0x48, 0xff, 0xb0, 0x68, 0x48, 0xff,
    0xb0, 0x68, 0x48, 0xff, 0xb0, 0x6c, 0x48, 0xff, 0xb0, 0x68, 0x48, 0xff,
    0xb0, 0x68, 0x48, 0xff, 0xb0, 0x68, 0x48, 0xff, 0xb0, 0x68, 0x48, 0xff,
    0xb0, 0x68, 0x48, 0xff, 0xb0, 0x68, 0x48, 0xff, 0xb0, 0x6c, 0x48, 0xff,
    0xb0, 0x68, 0x48, 0xff, 0xb0, 0x68, 0x48, 0xff, 0xb0, 0x68, 0x48, 0xff,
    0xb0, 0x68, 0x48, 0xff, 0xb0, 0x68, 0x48, 0xff, 0xb0, 0x68, 0x48, 0xff,
    0xb8, 0x68, 0x48, 0xff, 0xb0, 0x68, 0x48, 0xff, 0xb0, 0x6c, 0x48, 0xff,
    0xb8, 0x68, 0x48, 0xff, 0xb0, 0x68, 0x48, 0xff, 0xb8, 0x6c, 0x48, 0xff,
    0x98, 0x54, 0x38, 0xff, 0x78, 0x34, 0x28, 0xff, 0x78, 0x38, 0x28, 0xff,
    0x78, 0x38, 0x28, 0xff, 0x80, 0x38, 0x20, 0xff, 0x78, 0x38, 0x28, 0xff,
    0x88, 0x40, 0x28, 0xff, 0x78, 0x34, 0x28, 0xff, 0x78, 0x34, 0x28, 0xff,
    0x78, 0x34, 0x28, 0xff, 0x78, 0x34, 0x28, 0xff, 0x78, 0x34, 0x28, 0xff,
    0x88, 0x40, 0x30, 0xff, 0x88, 0x40, 0x28, 0xff, 0x88, 0x40, 0x30, 0xff,
    0x90, 0x48, 0x30, 0xff, 0x98, 0x4c, 0x40, 0xff, 0x70, 0x38, 0x20, 0xff,
    0x68, 0x3c, 0x18, 0xff, 0x68, 0x68, 0x38, 0xff, 0x70, 0x80, 0x40, 0xff,
    0x60, 0x50, 0x20, 0xff, 0x50, 0x28, 0x18, 0xff, 0x88, 0x5c, 0x80, 0xff,
    0xa8, 0x84, 0xb8, 0xff, 0x90, 0x6c, 0x98, 0xff, 0x80, 0x54, 0x70, 0xff,
    0x70, 0x44, 0x58, 0xff, 0x58, 0x24, 0x28, 0xff, 0x70, 0x44, 0x58, 0xff,
    0x58, 0x24, 0x30, 0xff, 0x50, 0x1c, 0x20, 0xff, 0x50, 0x20, 0x20, 0xff,
    0x50, 0x1c, 0x20, 0xff, 0x60, 0x2c, 0x38, 0xff, 0x80, 0x68, 0x68, 0xff,
    0x70, 0x64, 0x48, 0xff, 0x58, 0x44, 0x10, 0xff, 0x68, 0x5c, 0x28, 0xff,
    0x58, 0x40, 0x10, 0xff, 0x50, 0x40, 0x10, 0xff, 0x90, 0xa4, 0x60, 0xff,
    0x78, 0x88, 0x48, 0xff, 0x68, 0x68, 0x28, 0xff, 0x88, 0x98, 0x58, 0xff,
    0x68, 0x44, 0x28, 0xff, 0x70, 0x3c, 0x20, 0xff, 0x70, 0x34, 0x20, 0xff,
    0x78, 0x34, 0x30, 0xff, 0x78, 0x34, 0x30, 0xff, 0x78, 0x34, 0x30, 0xff,
    0x78, 0x34, 0x30, 0xff, 0x78, 0x34, 0x28, 0xff, 0x78, 0x34, 0x28, 0xff,
    0x80, 0x34, 0x30, 0xff, 0x80, 0x38, 0x30, 0xff, 0x80, 0x34, 0x30, 0xff,
    0x80, 0x34, 0x30, 0xff, 0x80, 0x38, 0x38, 0xff, 0x98, 0x48, 0x58, 0xff,
    0x88, 0x44, 0x48, 0xff, 0x88, 0x3c, 0x38, 0xff, 0x88, 0x38, 0x30, 0xff,
    0x88, 0x3c, 0x30, 0xff, 0x80, 0x38, 0x30, 0xff, 0x98, 0x4c, 0x40, 0xff,
    0xb0, 0x64, 0x50, 0xff, 0xb0, 0x64, 0x50, 0xff, 0xb0, 0x64, 0x50, 0xff,
    0xb0, 0x64, 0x50, 0xff, 0xb0, 0x64, 0x50, 0xff, 0xb0, 0x64, 0x50, 0xff,
    0xb0, 0x64, 0x50, 0xff, 0xb0, 0x64, 0x50, 0xff, 0xb0, 0x64, 0x50, 0xff,
    0xb0, 0x64, 0x50, 0xff, 0xb0, 0x64, 0x50, 0xff, 0xb0, 0x64, 0x50, 0xff,
    0xb0, 0x64, 0x48, 0xff, 0xb0, 0x64, 0x50, 0xff, 0xb0, 0x64, 0x50, 0xff,
    0xb0, 0x64, 0x50, 0xff, 0xb0, 0x64, 0x50, 0xff, 0xb0, 0x64, 0x50, 0xff,
    0xa8, 0x64, 0x50, 0xff, 0xb0, 0x64, 0x50, 0xff, 0xb0, 0x64, 0x50, 0xff,
    0xb0, 0x64, 0x50, 0xff, 0x88, 0x3c, 0x38, 0xff, 0x80, 0x34, 0x30, 0xff,
    0x80, 0x34, 0x30, 0xff, 0x80, 0x34, 0x30, 0xff, 0x80, 0x34, 0x30, 0xff,
    0x80, 0x34, 0x30, 0xff, 0x78, 0x34, 0x30, 0xff, 0x80, 0x38, 0x30, 0xff,
    0x78, 0x34, 0x30, 0xff, 0x80, 0x34, 0x30, 0xff, 0x78, 0x34, 0x30, 0xff,
    0x78, 0x34, 0x30, 0xff, 0x80, 0x34, 0x30, 0xff, 0x78, 0x34, 0x30, 0xff,
    0x78, 0x34, 0x30, 0xff, 0x80, 0x3c, 0x30, 0xff, 0x98, 0x4c, 0x40, 0xff,
    0x80, 0x3c, 0x30, 0xff, 0x88, 0x74, 0x48, 0xff, 0x80, 0x90, 0x50, 0xff,
    0x68, 0x68, 0x38, 0xff, 0x68, 0x68, 0x28, 0xff, 0x58, 0x38, 0x18, 0xff,
    0x80, 0x50, 0x68, 0xff, 0xa0, 0x80, 0xb8, 0xff, 0x88, 0x60, 0x80, 0xff,
    0x70, 0x44, 0x58, 0xff, 0x80, 0x50, 0x68, 0xff, 0x58, 0x28, 0x30, 0xff,
    0x50, 0x20, 0x28, 0xff, 0x58, 0x28, 0x30, 0xff, 0x60, 0x2c, 0x38, 0xff,
    0x60, 0x2c, 0x38, 0xff, 0x50, 0x20, 0x20, 0xff, 0x50, 0x20, 0x20, 0xff,
    0x50, 0x2c, 0x18, 0xff, 0x68, 0x68, 0x30, 0xff, 0x88, 0x98, 0x58, 0xff,
    0x70, 0x7c, 0x40, 0xff, 0x40, 0x18, 0x08, 0xff, 0x40, 0x10, 0x08, 0xff,
    0x48, 0x24, 0x08, 0xff, 0x68, 0x68, 0x38, 0xff, 0x90, 0xb4, 0x70, 0xff,
    0x78, 0x88, 0x48, 0xff, 0x80, 0x98, 0x58, 0xff, 0x88, 0x98, 0x58, 0xff,
    0x88, 0x74, 0x48, 0xff, 0x78, 0x70, 0x48, 0xff, 0x70, 0x44, 0x58, 0xff,
    0x88, 0x68, 0x70, 0xff, 0x88, 0x60, 0x80, 0xff, 0x88, 0x60, 0x80, 0xff,
    0x80, 0x50, 0x68, 0xff, 0x80, 0x50, 0x60, 0xff, 0x90, 0x5c, 0x78, 0xff,
    0x90, 0x5c, 0x78, 0xff, 0x90, 0x5c, 0x78, 0xff, 0x90, 0x5c, 0x78, 0xff,
    0x90, 0x5c, 0x78, 0xff, 0x98, 0x5c, 0x78, 0xff, 0x98, 0x64, 0x88, 0xff,
    0xa0, 0x64, 0x88, 0xff, 0xa0, 0x64, 0x88, 0xff, 0x98, 0x64, 0x88, 0xff,
    0x98, 0x5c, 0x78, 0xff, 0x90, 0x5c, 0x78, 0xff, 0x98, 0x64, 0x88, 0xff,
    0x98, 0x64, 0x88, 0xff, 0x98, 0x64, 0x88, 0xff, 0x98, 0x64, 0x80, 0xff,
    0x98, 0x64, 0x88, 0xff, 0xa0, 0x64, 0x88, 0xff, 0x98, 0x64, 0x88, 0xff,
    0x98, 0x64, 0x88, 0xff, 0xa0, 0x64, 0x88, 0xff, 0x98, 0x64, 0x88, 0xff,
    0x98, 0x64, 0x88, 0xff, 0x98, 0x48, 0x58, 0xff, 0x98, 0x48, 0x58, 0xff,
    0x98, 0x48, 0x58, 0xff, 0x98, 0x48, 0x58, 0xff, 0x98, 0x4c, 0x60, 0xff,
    0x98, 0x64, 0x88, 0xff, 0x98, 0x64, 0x88, 0xff, 0xa0, 0x64, 0x88, 0xff,
    0x98, 0x64, 0x88, 0xff, 0x98, 0x64, 0x88, 0xff, 0x98, 0x64, 0x88, 0xff,
    0x98, 0x64, 0x88, 0xff, 0xa0, 0x64, 0x88, 0xff, 0x98, 0x64, 0x88, 0xff,
    0x98, 0x64, 0x88, 0xff, 0x98, 0x64, 0x88, 0xff, 0x98, 0x64, 0x88, 0xff,
    0xa0, 0x64, 0x88, 0xff, 0x90, 0x5c, 0x78, 0xff, 0xa0, 0x64, 0x88, 0xff,
    0x98, 0x5c, 0x78, 0xff, 0x90, 0x5c, 0x70, 0xff, 0x98, 0x5c, 0x78, 0xff,
    0x98, 0x5c, 0x78, 0xff, 0x90, 0x5c, 0x78, 0xff, 0x98, 0x5c, 0x78, 0xff,
    0x98, 0x5c, 0x78, 0xff, 0x90, 0x5c, 0x78, 0xff, 0xa0, 0x58, 0x68, 0xff,
    0x70, 0x64, 0x48, 0xff, 0x68, 0x68, 0x28, 0xff, 0x68, 0x5c, 0x28, 0xff,
    0x40, 0x1c, 0x08, 0xff, 0x70, 0x64, 0x48, 0xff, 0x90, 0x74, 0x88, 0xff,
    0x80, 0x54, 0x70, 0xff, 0x78, 0x48, 0x68, 0xff, 0x70, 0x44, 0x58, 0xff,
    0x60, 0x2c, 0x38, 0xff, 0x50, 0x1c, 0x20, 0xff, 0x60, 0x2c, 0x38, 0xff,
    0x70, 0x40, 0x48, 0xff, 0x68, 0x34, 0x48, 0xff, 0x58, 0x24, 0x28, 0xff,
    0x50, 0x1c, 0x20, 0xff, 0x58, 0x38, 0x18, 0xff, 0x58, 0x40, 0x10, 0xff,
    0x68, 0x68, 0x38, 0xff, 0x80, 0x90, 0x50, 0xff, 0x68, 0x78, 0x30, 0xff,
    0x58, 0x40, 0x18, 0xff, 0x40, 0x1c, 0x08, 0xff, 0x48, 0x24, 0x08, 0xff,
    0x50, 0x3c, 0x10, 0xff, 0x70, 0x7c, 0x40, 0xff, 0x68, 0x5c, 0x28, 0xff,
    0x68, 0x68, 0x30, 0xff, 0x88, 0x70, 0x48, 0xff, 0x78, 0x88, 0x48, 0xff,
    0x70, 0x84, 0x40, 0xff, 0x78, 0x70, 0x48, 0xff, 0x88, 0x64, 0x70, 0xff,
    0x90, 0x74, 0x88, 0xff, 0x90, 0x74, 0x88, 0xff, 0x90, 0x70, 0x98, 0xff,
    0x90, 0x70, 0x98, 0xff, 0x90, 0x6c, 0x98, 0xff, 0x98, 0x6c, 0x98, 0xff,
    0x90, 0x6c, 0x98, 0xff, 0x90, 0x70, 0xa0, 0xff, 0x98, 0x6c, 0x98, 0xff,
    0x90, 0x6c, 0x98, 0xff, 0x98, 0x74, 0xa0, 0xff, 0xa0, 0x78, 0xa0, 0xff,
    0x98, 0x78, 0xa8, 0xff, 0x90, 0x6c, 0x98, 0xff, 0xa0, 0x78, 0xa0, 0xff,
    0xa0, 0x84, 0xb8, 0xff, 0xa0, 0x7c, 0xb0, 0xff, 0x98, 0x74, 0xa0, 0xff,
    0x98, 0x74, 0xa0, 0xff, 0x98, 0x70, 0x98, 0xff, 0x98, 0x74, 0xa0, 0xff,
    0x98, 0x70, 0x98, 0xff, 0x98, 0x74, 0xa0, 0xff, 0x90, 0x70, 0x90, 0xff,
    0x88, 0x5c, 0x80, 0xff, 0x88, 0x5c, 0x80, 0xff, 0x88, 0x5c, 0x80, 0xff,
    0x98, 0x4c, 0x60, 0xff, 0x90, 0x5c, 0x78, 0xff, 0xa0, 0x7c, 0xa8, 0xff,
    0xa0, 0x7c, 0xa8, 0xff, 0xa0, 0x7c, 0xa8, 0xff, 0xa0, 0x88, 0xc0, 0xff,
    0xa0, 0x88, 0xc0, 0xff, 0xa8, 0x88, 0xc0, 0xff, 0xa0, 0x88, 0xc0, 0xff,
    0xa0, 0x88, 0xc0, 0xff, 0xa8, 0x88, 0xc0, 0xff, 0xa0, 0x88, 0xc0, 0xff,
    0xa0, 0x88, 0xc0, 0xff, 0xa8, 0x88, 0xc0, 0xff, 0xa0, 0x88, 0xc0, 0xff,
    0xa0, 0x84, 0xb8, 0xff, 0xa8, 0x84, 0xb8, 0xff, 0x98, 0x78, 0xb0, 0xff,
    0xa0, 0x84, 0xb8, 0xff, 0x98, 0x74, 0xa8, 0xff, 0x90, 0x6c, 0x98, 0xff,
    0x90, 0x6c, 0x98, 0xff, 0x90, 0x70, 0x98, 0xff, 0x98, 0x70, 0x90, 0xff,
    0x90, 0x74, 0x88, 0xff, 0x80, 0x80, 0x70, 0xff, 0x80, 0x98, 0x78, 0xff,
    0x88, 0x7c, 0x80, 0xff, 0x78, 0x5c, 0x38, 0xff, 0x60, 0x44, 0x18, 0xff,
    0x58, 0x40, 0x10, 0xff, 0x68, 0x68, 0x28, 0xff, 0x40, 0x18, 0x08, 0xff,
    0x68, 0x5c, 0x28, 0xff, 0x78, 0x70, 0x48, 0xff, 0x70, 0x40, 0x48, 0xff,
    0x70, 0x40, 0x48, 0xff, 0x58, 0x24, 0x28, 0xff, 0x50, 0x1c, 0x20, 0xff,
    0x50, 0x20, 0x28, 0xff, 0x60, 0x2c, 0x38, 0xff, 0x60, 0x2c, 0x38, 0xff,
    0x58, 0x28, 0x38, 0xff, 0x50, 0x1c, 0x20, 0xff, 0x50, 0x20, 0x20, 0xff,
    0x58, 0x40, 0x10, 0xff, 0x58, 0x44, 0x18, 0xff, 0x60, 0x48, 0x18, 0xff,
    0x68, 0x68, 0x38, 0xff, 0x68, 0x5c, 0x28, 0xff, 0x68, 0x78, 0x38, 0xff,
    0x68, 0x68, 0x28, 0xff, 0x60, 0x60, 0x20, 0xff, 0x58, 0x44, 0x10, 0xff,
    0x60, 0x58, 0x20, 0xff, 0x58, 0x50, 0x18, 0xff, 0x78, 0x88, 0x48, 0xff,
    0x68, 0x68, 0x28, 0xff, 0x88, 0x98, 0x58, 0xff, 0x68, 0x68, 0x28, 0xff,
    0x78, 0x94, 0x50, 0xff, 0x70, 0x80, 0x40, 0xff, 0x68, 0x88, 0x48, 0xff,
    0x68, 0x68, 0x38, 0xff, 0x78, 0x70, 0x48, 0xff, 0x80, 0x68, 0x60, 0xff,
    0x90, 0x74, 0x88, 0xff, 0x98, 0x70, 0x90, 0xff, 0x88, 0x88, 0x90, 0xff,
    0x98, 0x6c, 0xa0, 0xff, 0x88, 0x64, 0x88, 0xff, 0x88, 0x64, 0x88, 0xff,
    0x88, 0x64, 0x88, 0xff, 0x80, 0x58, 0x78, 0xff, 0x78, 0x48, 0x60, 0xff,
    0x80, 0x50, 0x68, 0xff, 0x78, 0x4c, 0x60, 0xff, 0x78, 0x48, 0x60, 0xff,
    0x70, 0x44, 0x58, 0xff, 0x70, 0x3c, 0x50, 0xff, 0x50, 0x20, 0x28, 0xff,
    0x50, 0x20, 0x28, 0xff, 0x50, 0x20, 0x28, 0xff, 0x50, 0x20, 0x28, 0xff,
    0x70, 0x3c, 0x50, 0xff, 0x70, 0x3c, 0x50, 0xff, 0x70, 0x44, 0x58, 0xff,
    0x88, 0x5c, 0x80, 0xff, 0xa8, 0x88, 0xc0, 0xff, 0xa0, 0x88, 0xc0, 0xff,
    0xa0, 0x88, 0xc0, 0xff, 0xa0, 0x88, 0xc0, 0xff, 0xa8, 0x88, 0xc8, 0xff,
    0xa0, 0x7c, 0xb0, 0xff, 0xa0, 0x88, 0xc8, 0xff, 0xa8, 0x84, 0xb8, 0xff,
    0xa0, 0x7c, 0xb8, 0xff, 0x98, 0x7c, 0xb8, 0xff, 0xa8, 0x88, 0xc0, 0xff,
    0xa8, 0x88, 0xc8, 0xff, 0xa0, 0x88, 0xc0, 0xff, 0xa0, 0x88, 0xc8, 0xff,
    0xa8, 0x88, 0xc0, 0xff, 0x98, 0x78, 0xb0, 0xff, 0x98, 0x74, 0xa8, 0xff,
    0xa0, 0x7c, 0xb0, 0xff, 0xa0, 0x80, 0xb0, 0xff, 0x98, 0x7c, 0xb0, 0xff,
    0x90, 0x70, 0xa0, 0xff, 0x90, 0x6c, 0x98, 0xff, 0x88, 0x88, 0x90, 0xff,
    0x80, 0x68, 0x68, 0xff, 0x78, 0x88, 0x68, 0xff, 0x68, 0x88, 0x48, 0xff,
    0x78, 0x94, 0x50, 0xff, 0x78, 0xb4, 0x70, 0xff, 0x70, 0xa0, 0x58, 0xff,
    0x68, 0x78, 0x30, 0xff, 0x70, 0x80, 0x40, 0xff, 0x60, 0x70, 0x30, 0xff,
    0x78, 0x88, 0x48, 0xff, 0x60, 0x50, 0x20, 0xff, 0x60, 0x50, 0x20, 0xff,
    0x60, 0x5c, 0x20, 0xff, 0x60, 0x34, 0x30, 0xff, 0x58, 0x24, 0x28, 0xff,
    0x50, 0x1c, 0x20, 0xff, 0x50, 0x2c, 0x20, 0xff, 0x50, 0x20, 0x20, 0xff,
    0x50, 0x1c, 0x20, 0xff, 0x50, 0x20, 0x20, 0xff, 0x50, 0x1c, 0x20, 0xff,
    0x50, 0x2c, 0x18, 0xff, 0x50, 0x28, 0x18, 0xff, 0x60, 0x5c, 0x20, 0xff,
    0x60, 0x5c, 0x28, 0xff, 0x50, 0x34, 0x10, 0xff, 0x48, 0x24, 0x08, 0xff,
    0x48, 0x24, 0x08, 0xff, 0x60, 0x60, 0x20, 0xff, 0x68, 0x88, 0x48, 0xff,
    0x68, 0x78, 0x38, 0xff, 0x78, 0x88, 0x48, 0xff, 0x88, 0x98, 0x58, 0xff,
    0x70, 0x94, 0x48, 0xff, 0x70, 0x94, 0x48, 0xff, 0x70, 0x90, 0x48, 0xff,
    0x70, 0x94, 0x48, 0xff, 0x60, 0x70, 0x30, 0xff, 0x80, 0xc4, 0x78, 0xff,
    0x80, 0xc8, 0x80, 0xff, 0x80, 0xc8, 0x80, 0xff, 0x78, 0xbc, 0x70, 0xff,
    0x78, 0xbc, 0x70, 0xff, 0x78, 0x8c, 0x50, 0xff, 0x78, 0x70, 0x48, 0xff,
    0x88, 0xac, 0x88, 0xff, 0x88, 0xac, 0x88, 0xff, 0x70, 0x64, 0x48, 0xff,
    0x70, 0x40, 0x48, 0xff, 0x58, 0x28, 0x30, 0xff, 0x50, 0x20, 0x28, 0xff,
    0x58, 0x28, 0x30, 0xff, 0x50, 0x20, 0x28, 0xff, 0x58, 0x24, 0x28, 0xff,
    0x50, 0x20, 0x28, 0xff, 0x50, 0x20, 0x28, 0xff, 0x48, 0x14, 0x20, 0xff,
    0x48, 0x18, 0x18, 0xff, 0x78, 0x4c, 0x60, 0xff, 0x80, 0x58, 0x78, 0xff,
    0x80, 0x54, 0x70, 0xff, 0x80, 0x54, 0x70, 0xff, 0x90, 0x6c, 0xa0, 0xff,
    0xa0, 0x80, 0xb8, 0xff, 0xa0, 0x84, 0xb8, 0xff, 0xa0, 0x88, 0xc8, 0xff,
    0xa8, 0x88, 0xc8, 0xff, 0xa0, 0x88, 0xc0, 0xff, 0xa8, 0x88, 0xc8, 0xff,
    0xa0, 0x88, 0xc0, 0xff, 0xa0, 0x7c, 0xb0, 0xff, 0xa0, 0x80, 0xb8, 0xff,
    0x98, 0x78, 0xb0, 0xff, 0x90, 0x74, 0xa8, 0xff, 0x90, 0x70, 0xa0, 0xff,
    0x98, 0x7c, 0xb0, 0xff, 0xa0, 0x88, 0xc8, 0xff, 0xa0, 0x88, 0xc0, 0xff,
    0xa0, 0x80, 0xb8, 0xff, 0x98, 0x78, 0xb0, 0xff, 0x98, 0x78, 0xb0, 0xff,
    0x98, 0x78, 0xb0, 0xff, 0x90, 0x74, 0xa8, 0xff, 0x90, 0x70, 0xa0, 0xff,
    0x90, 0x70, 0xa0, 0xff, 0x90, 0x70, 0xa0, 0xff, 0x88, 0x68, 0x70, 0xff,
    0x88, 0x98, 0x80, 0xff, 0x80, 0xac, 0x78, 0xff, 0x70, 0x8c, 0x50, 0xff,
    0x78, 0xcc, 0x88, 0xff, 0x78, 0xcc, 0x80, 0xff, 0x78, 0xa0, 0x58, 0xff,
    0x78, 0xb4, 0x70, 0xff, 0x68, 0x9c, 0x50, 0xff, 0x78, 0xac, 0x60, 0xff,
    0x78, 0xac, 0x60, 0xff, 0x78, 0xac, 0x60, 0xff, 0x78, 0xac, 0x60, 0xff,
    0x68, 0x68, 0x30, 0xff, 0x48, 0x34, 0x08, 0xff, 0x58, 0x50, 0x18, 0xff,
    0x58, 0x38, 0x18, 0xff, 0x58, 0x38, 0x18, 0xff, 0x68, 0x44, 0x28, 0xff,
    0x60, 0x48, 0x20, 0xff, 0x58, 0x3c, 0x10, 0xff, 0x68, 0x44, 0x28, 0xff,
    0x60, 0x48, 0x20, 0xff, 0x60, 0x48, 0x18, 0xff, 0x60, 0x48, 0x20, 0xff,
    0x58, 0x50, 0x18, 0xff, 0x68, 0x78, 0x38, 0xff, 0x68, 0x78, 0x38, 0xff,
    0x60, 0x70, 0x30, 0xff, 0x68, 0x68, 0x38, 0xff, 0x80, 0x90, 0x50, 0xff,
    0x68, 0x78, 0x30, 0xff, 0x90, 0xb4, 0x70, 0xff, 0x68, 0x78, 0x30, 0xff,
    0x78, 0xa8, 0x60, 0xff, 0x80, 0xc0, 0x78, 0xff, 0x80, 0xc4, 0x78, 0xff,
    0x80, 0xc0, 0x78, 0xff, 0x80, 0xc4, 0x78, 0xff, 0x80, 0xc0, 0x78, 0xff,
    0x80, 0xc4, 0x78, 0xff, 0x78, 0xcc, 0x88, 0xff, 0x78, 0xcc, 0x88, 0xff,
    0x78, 0xcc, 0x88, 0xff, 0x78, 0xcc, 0x88, 0xff, 0x80, 0xc8, 0x80, 0xff,
    0x68, 0x9c, 0x58, 0xff, 0x70, 0x84, 0x40, 0xff, 0x80, 0xc4, 0x78, 0xff,
    0x68, 0x88, 0x48, 0xff, 0x60, 0x5c, 0x20, 0xff, 0x60, 0x34, 0x30, 0xff,
    0x78, 0x48, 0x60, 0xff, 0x78, 0x48, 0x68, 0xff, 0x78, 0x48, 0x60, 0xff,
    0x78, 0x48, 0x68, 0xff, 0x88, 0x5c, 0x80, 0xff, 0x88, 0x64, 0x88, 0xff,
    0x88, 0x64, 0x88, 0xff, 0x98, 0x70, 0x98, 0xff, 0x90, 0x68, 0x90, 0xff,
    0xa0, 0x80, 0xb8, 0xff, 0xa8, 0x84, 0xb8, 0xff, 0x90, 0x70, 0xa0, 0xff,
    0x90, 0x70, 0xa0, 0xff, 0x90, 0x70, 0x98, 0xff, 0x90, 0x70, 0xa0, 0xff,
    0x90, 0x70, 0xa0, 0xff, 0xa8, 0x88, 0xc0, 0xff, 0xa0, 0x88, 0xc0, 0xff,
    0xa0, 0x84, 0xb8, 0xff, 0xa8, 0x84, 0xb8, 0xff, 0x90, 0x70, 0xa0, 0xff,
    0x90, 0x70, 0xa0, 0xff, 0x90, 0x74, 0xa8, 0xff, 0x98, 0x7c, 0xb0, 0xff,
    0xa0, 0x7c, 0xb0, 0xff, 0xa0, 0x84, 0xb8, 0xff, 0xa8, 0x88, 0xc0, 0xff,
    0xa0, 0x88, 0xc0, 0xff, 0xa8, 0x88, 0xc0, 0xff, 0xa0, 0x7c, 0xb0, 0xff,
    0x98, 0x78, 0xb0, 0xff, 0x90, 0x70, 0xa0, 0xff, 0x90, 0x70, 0xa0, 0xff,
    0x90, 0x70, 0x98, 0xff, 0x90, 0x70, 0x98, 0xff, 0x98, 0x70, 0xa0, 0xff,
    0x80, 0x50, 0x68, 0xff, 0x68, 0x68, 0x38, 0xff, 0x78, 0xac, 0x60, 0xff,
    0x80, 0xc0, 0x78, 0xff, 0x78, 0xb8, 0x70, 0xff, 0x78, 0xc4, 0x78, 0xff,
    0x78, 0xcc, 0x88, 0xff, 0x78, 0xbc, 0x70, 0xff, 0x78, 0xc4, 0x78, 0xff,
    0x80, 0xc4, 0x78, 0xff, 0x78, 0xbc, 0x78, 0xff, 0x78, 0xbc, 0x70, 0xff,
    0x78, 0xa0, 0x58, 0xff, 0x68, 0x9c, 0x58, 0xff, 0x70, 0x90, 0x48, 0xff,
    0x78, 0x98, 0x58, 0xff, 0x68, 0x88, 0x48, 0xff, 0x78, 0x98, 0x58, 0xff,
    0x70, 0x84, 0x40, 0xff, 0x70, 0x80, 0x40, 0xff, 0x68, 0x88, 0x48, 0xff,
    0x68, 0x78, 0x30, 0xff, 0x68, 0x78, 0x38, 0xff, 0x60, 0x70, 0x30, 0xff,
    0x68, 0x78, 0x38, 0xff, 0x68, 0x78, 0x38, 0xff, 0x68, 0x78, 0x30, 0xff,
    0x58, 0x50, 0x18, 0xff, 0x68, 0x70, 0x30, 0xff, 0x68, 0x78, 0x30, 0xff,
    0x68, 0x78, 0x38, 0xff, 0x68, 0x70, 0x30, 0xff, 0x68, 0x78, 0x38, 0xff,
    0x68, 0x78, 0x38, 0xff, 0x68, 0x78, 0x30, 0xff, 0x68, 0x78, 0x38, 0xff,
    0x78, 0x88, 0x48, 0xff, 0x78, 0xa8, 0x60, 0xff, 0x78, 0xc4, 0x80, 0xff,
    0x78, 0xcc, 0x88, 0xff, 0x68, 0x9c, 0x50, 0xff, 0x68, 0x9c, 0x58, 0xff,
    0x78, 0xcc, 0x88, 0xff, 0x80, 0xc8, 0x80, 0xff, 0x78, 0xd0, 0x80, 0xff,
    0x78, 0xc4, 0x78, 0xff, 0x80, 0xc4, 0x78, 0xff, 0x80, 0xb4, 0x70, 0xff,
    0x70, 0x80, 0x40, 0xff, 0x60, 0x70, 0x30, 0xff, 0x68, 0x68, 0x28, 0xff,
    0x60, 0x48, 0x20, 0xff, 0x58, 0x28, 0x30, 0xff, 0x98, 0x74, 0x98, 0xff,
    0x98, 0x70, 0xa0, 0xff, 0x90, 0x6c, 0xa0, 0xff, 0x90, 0x70, 0x98, 0xff,
    0x90, 0x6c, 0xa0, 0xff, 0x90, 0x6c, 0xa0, 0xff, 0x98, 0x74, 0xa8, 0xff,
    0x98, 0x80, 0xb0, 0xff, 0x98, 0x80, 0xb0, 0xff, 0x90, 0x70, 0xa0, 0xff,
    0x90, 0x6c, 0xa0, 0xff, 0x98, 0x6c, 0xa0, 0xff, 0x90, 0x70, 0xa0, 0xff,
    0x98, 0x6c, 0x98, 0xff, 0x90, 0x6c, 0x98, 0xff, 0x90, 0x64, 0x88, 0xff,
    0x98, 0x74, 0xa0, 0xff, 0x88, 0x64, 0x88, 0xff, 0x90, 0x6c, 0x98, 0xff,
    0x90, 0x70, 0xa0, 0xff, 0x90, 0x6c, 0xa0, 0xff, 0x98, 0x78, 0xa8, 0xff,
    0xa0, 0x80, 0xb0, 0xff, 0xa0, 0x84, 0xb8, 0xff, 0xa0, 0x84, 0xb8, 0xff,
    0xa8, 0x88, 0xc8, 0xff, 0xa0, 0x80, 0xb8, 0xff, 0x98, 0x78, 0xb0, 0xff,
    0x98, 0x78, 0xb0, 0xff, 0x98, 0x7c, 0xb0, 0xff, 0x98, 0x80, 0xb0, 0xff,
    0x98, 0x80, 0xb0, 0xff, 0x98, 0x78, 0xb0, 0xff, 0x98, 0x6c, 0x98, 0xff,
    0x90, 0x6c, 0xa0, 0xff, 0x90, 0x6c, 0x98, 0xff, 0x60, 0x38, 0x30, 0xff,
    0x68, 0x5c, 0x28, 0xff, 0x68, 0x70, 0x30, 0xff, 0x70, 0x80, 0x40, 0xff,
    0x68, 0x9c, 0x50, 0xff, 0x70, 0xb4, 0x68, 0xff, 0x78, 0xbc, 0x70, 0xff,
    0x78, 0xcc, 0x88, 0xff, 0x78, 0xc4, 0x78, 0xff, 0x68, 0xac, 0x68, 0xff,
    0x68, 0x88, 0x48, 0xff, 0x70, 0x90, 0x48, 0xff, 0x78, 0xa8, 0x60, 0xff,
    0x80, 0xc8, 0x80, 0xff, 0x78, 0xc4, 0x78, 0xff, 0x78, 0xcc, 0x88, 0xff,
    0x78, 0xcc, 0x88, 0xff, 0x68, 0xb4, 0x68, 0xff, 0x78, 0xbc, 0x70, 0xff,
    0x68, 0x9c, 0x50, 0xff, 0x78, 0xbc, 0x70, 0xff, 0x78, 0xa8, 0x60, 0xff,
    0x60, 0x70, 0x30, 0xff, 0x68, 0x70, 0x30, 0xff, 0x78, 0x94, 0x50, 0xff,
    0x70, 0x80, 0x40, 0xff, 0x68, 0x68, 0x28, 0xff, 0x58, 0x50, 0x18, 0xff,
    0x60, 0x58, 0x20, 0xff, 0x68, 0x68, 0x28, 0xff, 0x60, 0x60, 0x20, 0xff,
    0x68, 0x70, 0x30, 0xff, 0x68, 0x68, 0x28, 0xff, 0x68, 0x78, 0x30, 0xff,
    0x68, 0x68, 0x28, 0xff, 0x60, 0x60, 0x20, 0xff, 0x68, 0x68, 0x28, 0xff,
    0x68, 0x78, 0x38, 0xff, 0x70, 0x94, 0x48, 0xff, 0x78, 0xb4, 0x70, 0xff,
    0x78, 0xbc, 0x70, 0xff, 0x78, 0xac, 0x60, 0xff, 0x78, 0xa0, 0x58, 0xff,
    0x80, 0xb8, 0x70, 0xff, 0x78, 0xbc, 0x70, 0xff, 0x78, 0x94, 0x50, 0xff,
    0x78, 0x94, 0x50, 0xff, 0x68, 0x70, 0x30, 0xff, 0x68, 0x68, 0x28, 0xff,
    0x58, 0x44, 0x10, 0xff, 0x48, 0x24, 0x08, 0xff, 0x40, 0x14, 0x10, 0xff,
    0x58, 0x28, 0x30, 0xff, 0xa0, 0x78, 0xa0, 0xff, 0xa0, 0x80, 0xb8, 0xff,
    0xa0, 0x80, 0xb0, 0xff, 0xa0, 0x80, 0xb0, 0xff, 0x90, 0x70, 0xa0, 0xff,
    0xa0, 0x7c, 0xb0, 0xff, 0xa0, 0x7c, 0xb0, 0xff, 0xa0, 0x7c, 0xb0, 0xff,
    0xa0, 0x88, 0xc8, 0xff, 0x88, 0x60, 0x80, 0xff, 0x80, 0x54, 0x70, 0xff,
    0x60, 0x30, 0x40, 0xff, 0x58, 0x28, 0x30, 0xff, 0x68, 0x3c, 0x50, 0xff,
    0x80, 0x50, 0x60, 0xff, 0x68, 0x38, 0x48, 0xff, 0x60, 0x2c, 0x38, 0xff,
    0x60, 0x2c, 0x38, 0xff, 0x68, 0x38, 0x48, 0xff, 0x70, 0x3c, 0x50, 0xff,
    0x98, 0x70, 0x98, 0xff, 0x98, 0x74, 0x98, 0xff, 0x90, 0x6c, 0x98, 0xff,
    0x98, 0x74, 0xa0, 0xff, 0x98, 0x78, 0xa8, 0xff, 0x90, 0x74, 0xa8, 0xff,
    0x98, 0x7c, 0xb0, 0xff, 0x90, 0x70, 0x98, 0xff, 0x90, 0x6c, 0x98, 0xff,
    0x90, 0x70, 0xa0, 0xff, 0x90, 0x6c, 0x98, 0xff, 0x98, 0x6c, 0xa0, 0xff,
    0x98, 0x78, 0xa8, 0xff, 0x90, 0x70, 0x98, 0xff, 0x98, 0x6c, 0xa0, 0xff,
    0x90, 0x68, 0x90, 0xff, 0x40, 0x1c, 0x08, 0xff, 0x50, 0x2c, 0x10, 0xff,
    0x58, 0x48, 0x18, 0xff, 0x60, 0x5c, 0x20, 0xff, 0x70, 0x7c, 0x40, 0xff,
    0x78, 0x98, 0x58, 0xff, 0x78, 0x98, 0x58, 0xff, 0x78, 0xbc, 0x70, 0xff,
    0x78, 0xbc, 0x70, 0xff, 0x78, 0xa8, 0x60, 0xff, 0x78, 0x88, 0x48, 0xff,
    0x70, 0x94, 0x48, 0xff, 0x70, 0x94, 0x50, 0xff, 0x70, 0xa0, 0x58, 0xff,
    0x78, 0xac, 0x60, 0xff, 0x78, 0xc4, 0x78, 0xff, 0x78, 0xcc, 0x88, 0xff,
    0x78, 0xcc, 0x88, 0xff, 0x78, 0xac, 0x60, 0xff, 0x70, 0xa0, 0x58, 0xff,
    0x68, 0x78, 0x38, 0xff, 0x68, 0x70, 0x30, 0xff, 0x60, 0x58, 0x20, 0xff,
    0x58, 0x50, 0x18, 0xff, 0x60, 0x5c, 0x20, 0xff, 0x60, 0x58, 0x20, 0xff,
    0x58, 0x50, 0x18, 0xff, 0x58, 0x40, 0x10, 0xff, 0x58, 0x3c, 0x10, 0xff,
    0x58, 0x44, 0x10, 0xff, 0x58, 0x48, 0x18, 0xff, 0x58, 0x3c, 0x10, 0xff,
    0x60, 0x48, 0x18, 0xff, 0x58, 0x50, 0x18, 0xff, 0x60, 0x58, 0x20, 0xff,
    0x60, 0x5c, 0x20, 0xff, 0x60, 0x60, 0x20, 0xff, 0x60, 0x60, 0x20, 0xff,
    0x68, 0x68, 0x28, 0xff, 0x68, 0x78, 0x38, 0xff, 0x70, 0x84, 0x40, 0xff,
    0x68, 0x78, 0x30, 0xff, 0x88, 0x98, 0x58, 0xff, 0x78, 0xb4, 0x70, 0xff,
    0x60, 0x60, 0x20, 0xff, 0x68, 0x68, 0x28, 0xff, 0x60, 0x50, 0x20, 0xff,
    0x58, 0x38, 0x18, 0xff, 0x40, 0x14, 0x08, 0xff, 0x48, 0x18, 0x18, 0xff,
    0x48, 0x14, 0x18, 0xff, 0x40, 0x14, 0x10, 0xff, 0x60, 0x2c, 0x38, 0xff,
    0x80, 0x58, 0x78, 0xff, 0x80, 0x54, 0x70, 0xff, 0x88, 0x64, 0x88, 0xff,
    0x90, 0x70, 0xa0, 0xff, 0x98, 0x70, 0xa0, 0xff, 0x90, 0x70, 0x98, 0xff,
    0x90, 0x70, 0xa0, 0xff, 0x90, 0x70, 0xa0, 0xff, 0x98, 0x78, 0xb0, 0xff,
    0x90, 0x68, 0x90, 0xff, 0x70, 0x44, 0x58, 0xff, 0x58, 0x24, 0x28, 0xff,
    0x40, 0x10, 0x08, 0xff, 0x40, 0x0c, 0x08, 0xff, 0x40, 0x10, 0x08, 0xff,
    0x40, 0x10, 0x08, 0xff, 0x40, 0x10, 0x08, 0xff, 0x40, 0x10, 0x08, 0xff,
    0x40, 0x14, 0x10, 0xff, 0x50, 0x1c, 0x20, 0xff, 0x58, 0x28, 0x30, 0xff,
    0x68, 0x38, 0x48, 0xff, 0x68, 0x30, 0x40, 0xff, 0x68, 0x34, 0x40, 0xff,
    0x68, 0x38, 0x48, 0xff, 0x78, 0x48, 0x60, 0xff, 0x80, 0x54, 0x70, 0xff,
    0x80, 0x58, 0x78, 0xff, 0x90, 0x70, 0xa0, 0xff, 0x90, 0x6c, 0x98, 0xff,
    0x98, 0x70, 0x98, 0xff, 0x90, 0x6c, 0xa0, 0xff, 0x90, 0x70, 0x98, 0xff,
    0x90, 0x70, 0xa0, 0xff, 0x90, 0x6c, 0x98, 0xff, 0x88, 0x60, 0x80, 0xff,
    0x48, 0x18, 0x20, 0xff, 0x48, 0x18, 0x18, 0xff, 0x48, 0x18, 0x18, 0xff,
    0x40, 0x1c, 0x08, 0xff, 0x50, 0x34, 0x10, 0xff, 0x60, 0x48, 0x20, 0xff,
    0x60, 0x50, 0x20, 0xff, 0x50, 0x40, 0x10, 0xff, 0x78, 0x7c, 0x40, 0xff,
    0x60, 0x60, 0x20, 0xff, 0x50, 0x40, 0x10, 0xff, 0x50, 0x40, 0x10, 0xff,
    0x50, 0x3c, 0x10, 0xff, 0x60, 0x58, 0x20, 0xff, 0x60, 0x70, 0x30, 0xff,
    0x60, 0x60, 0x20, 0xff, 0x78, 0x98, 0x58, 0xff, 0x78, 0xa0, 0x58, 0xff,
    0x68, 0x78, 0x38, 0xff, 0x60, 0x60, 0x20, 0xff, 0x60, 0x58, 0x20, 0xff,
    0x58, 0x50, 0x18, 0xff, 0x50, 0x3c, 0x10, 0xff, 0x58, 0x48, 0x18, 0xff,
    0x60, 0x48, 0x18, 0xff, 0x58, 0x48, 0x18, 0xff, 0x50, 0x3c, 0x10, 0xff,
    0x48, 0x24, 0x08, 0xff, 0x48, 0x24, 0x08, 0xff, 0x48, 0x24, 0x08, 0xff,
    0x48, 0x24, 0x08, 0xff, 0x48, 0x24, 0x10, 0xff, 0x50, 0x2c, 0x10, 0xff,
    0x48, 0x24, 0x08, 0xff, 0x50, 0x2c, 0x10, 0xff, 0x58, 0x48, 0x20, 0xff,
    0x58, 0x50, 0x18, 0xff, 0x60, 0x50, 0x20, 0xff, 0x60, 0x50, 0x20, 0xff,
    0x60, 0x58, 0x20, 0xff, 0x68, 0x5c, 0x28, 0xff, 0x60, 0x58, 0x20, 0xff,
    0x60, 0x5c, 0x20, 0xff, 0x60, 0x50, 0x20, 0xff, 0x58, 0x3c, 0x10, 0xff,
    0x58, 0x38, 0x18, 0xff, 0x50, 0x1c, 0x20, 0xff, 0x50, 0x1c, 0x20, 0xff,
    0x48, 0x18, 0x18, 0xff, 0x40, 0x10, 0x08, 0xff, 0x40, 0x14, 0x10, 0xff,
    0x40, 0x10, 0x08, 0xff, 0x50, 0x18, 0x18, 0xff, 0x68, 0x38, 0x48, 0xff,
    0x68, 0x34, 0x48, 0xff, 0x80, 0x58, 0x78, 0xff, 0x90, 0x64, 0x88, 0xff,
    0x88, 0x64, 0x88, 0xff, 0x88, 0x5c, 0x80, 0xff, 0x90, 0x6c, 0xa0, 0xff,
    0x90, 0x70, 0xa0, 0xff, 0x90, 0x70, 0xa0, 0xff, 0xa0, 0x7c, 0xb0, 0xff,
    0x98, 0x78, 0xb0, 0xff, 0x90, 0x68, 0x90, 0xff, 0x80, 0x50, 0x68, 0xff,
    0x80, 0x50, 0x70, 0xff, 0x50, 0x20, 0x28, 0xff, 0x40, 0x0c, 0x08, 0xff,
    0x40, 0x0c, 0x08, 0xff, 0x40, 0x10, 0x08, 0xff, 0x40, 0x14, 0x10, 0xff,
    0x48, 0x14, 0x10, 0xff, 0x40, 0x10, 0x08, 0xff, 0x40, 0x14, 0x10, 0xff,
    0x48, 0x18, 0x18, 0xff, 0x50, 0x1c, 0x20, 0xff, 0x50, 0x20, 0x28, 0xff,
    0x60, 0x2c, 0x38, 0xff, 0x68, 0x34, 0x48, 0xff, 0x70, 0x3c, 0x50, 0xff,
    0x78, 0x4c, 0x60, 0xff, 0x88, 0x5c, 0x80, 0xff, 0x88, 0x60, 0x80, 0xff,
    0x90, 0x64, 0x88, 0xff, 0x88, 0x5c, 0x80, 0xff, 0x80, 0x54, 0x70, 0xff,
    0x80, 0x54, 0x70, 0xff, 0x80, 0x50, 0x68, 0xff, 0x58, 0x24, 0x28, 0xff,
    0x48, 0x18, 0x18, 0xff, 0x48, 0x14, 0x10, 0xff, 0x40, 0x10, 0x08, 0xff,
    0x48, 0x14, 0x10, 0xff, 0x48, 0x18, 0x18, 0xff, 0x48, 0x24, 0x08, 0xff,
    0x50, 0x2c, 0x10, 0xff, 0x48, 0x24, 0x08, 0xff, 0x48, 0x24, 0x08, 0xff,
    0x48, 0x24, 0x08, 0xff, 0x48, 0x2c, 0x10, 0xff, 0x50, 0x2c, 0x10, 0xff,
    0x58, 0x3c, 0x10, 0xff, 0x60, 0x50, 0x20, 0xff, 0x58, 0x50, 0x18, 0xff,
    0x58, 0x50, 0x18, 0xff, 0x58, 0x50, 0x18, 0xff, 0x58, 0x50, 0x18, 0xff,
    0x60, 0x48, 0x18, 0xff, 0x58, 0x50, 0x18, 0xff, 0x50, 0x34, 0x10, 0xff,
    0x50, 0x34, 0x10, 0xff, 0x50, 0x2c, 0x10, 0xff, 0x48, 0x24, 0x08, 0xff,
    0x48, 0x24, 0x08, 0xff, 0x48, 0x24, 0x08, 0xff, 0x40, 0x10, 0x08, 0xff,
    0x40, 0x0c, 0x08, 0xff, 0x40, 0x10, 0x08, 0xff, 0x40, 0x10, 0x08, 0xff,
    0x40, 0x10, 0x08, 0xff, 0x38, 0x0c, 0x08, 0xff, 0x40, 0x10, 0x08, 0xff,
    0x40, 0x10, 0x08, 0xff, 0x40, 0x18, 0x08, 0xff, 0x40, 0x18, 0x08, 0xff,
    0x40, 0x18, 0x08, 0xff, 0x40, 0x18, 0x08, 0xff, 0x40, 0x18, 0x08, 0xff,
    0x40, 0x18, 0x08, 0xff, 0x40, 0x1c, 0x08, 0xff, 0x40, 0x1c, 0x08, 0xff,
    0x48, 0x18, 0x18, 0xff, 0x48, 0x1c, 0x18, 0xff, 0x50, 0x20, 0x20, 0xff,
    0x50, 0x1c, 0x20, 0xff, 0x48, 0x1c, 0x18, 0xff, 0x48, 0x18, 0x18, 0xff,
    0x40, 0x0c, 0x08, 0xff, 0x40, 0x14, 0x10, 0xff, 0x48, 0x18, 0x18, 0xff,
    0x48, 0x14, 0x18, 0xff, 0x50, 0x20, 0x20, 0xff, 0x50, 0x1c, 0x20, 0xff,
    0x58, 0x24, 0x28, 0xff, 0x58, 0x28, 0x30, 0xff, 0x70, 0x44, 0x58, 0xff,
    0x80, 0x54, 0x70, 0xff, 0x80, 0x54, 0x70, 0xff, 0x80, 0x54, 0x70, 0xff,
    0x80, 0x54, 0x70, 0xff, 0x80, 0x54, 0x70, 0xff, 0x80, 0x54, 0x70, 0xff,
    0x88, 0x64, 0x88, 0xff, 0x80, 0x58, 0x78, 0xff, 0x88, 0x60, 0x80, 0xff,
    0x90, 0x68, 0x90, 0xff, 0x98, 0x74, 0xa0, 0xff, 0x90, 0x6c, 0x98, 0xff,
    0x58, 0x28, 0x30, 0xff, 0x40, 0x10, 0x08, 0xff, 0x40, 0x0c, 0x10, 0xff,
    0x40, 0x0c, 0x08, 0xff, 0x40, 0x0c, 0x08, 0xff, 0x40, 0x10, 0x08, 0xff,
    0x40, 0x10, 0x08, 0xff, 0x48, 0x18, 0x20, 0xff, 0x50, 0x20, 0x20, 0xff,
    0x50, 0x1c, 0x20, 0xff, 0x50, 0x20, 0x20, 0xff, 0x50, 0x20, 0x28, 0xff,
    0x58, 0x28, 0x30, 0xff, 0x58, 0x28, 0x38, 0xff, 0x58, 0x28, 0x30, 0xff,
    0x58, 0x28, 0x30, 0xff, 0x58, 0x24, 0x28, 0xff, 0x58, 0x24, 0x28, 0xff,
    0x58, 0x28, 0x30, 0xff, 0x50, 0x1c, 0x20, 0xff, 0x48, 0x18, 0x18, 0xff,
    0x50, 0x18, 0x18, 0xff, 0x40, 0x0c, 0x08, 0xff, 0x40, 0x10, 0x08, 0xff,
    0x50, 0x1c, 0x20, 0xff, 0x50, 0x1c, 0x20, 0xff, 0x50, 0x1c, 0x20, 0xff,
    0x50, 0x1c, 0x20, 0xff, 0x48, 0x1c, 0x18, 0xff, 0x40, 0x10, 0x08, 0xff,
    0x40, 0x0c, 0x08, 0xff, 0x40, 0x14, 0x08, 0xff, 0x40, 0x0c, 0x08, 0xff,
    0x40, 0x18, 0x08, 0xff, 0x40, 0x14, 0x08, 0xff, 0x40, 0x18, 0x08, 0xff,
    0x40, 0x18, 0x08, 0xff, 0x40, 0x18, 0x08, 0xff, 0x40, 0x18, 0x08, 0xff,
    0x40, 0x18, 0x08, 0xff, 0x40, 0x10, 0x10, 0xff, 0x40, 0x14, 0x08, 0xff,
    0x40, 0x0c, 0x08, 0xff, 0x40, 0x0c, 0x08, 0xff, 0x40, 0x10, 0x08, 0xff,
    0x40, 0x10, 0x08, 0xff, 0x40, 0x0c, 0x08, 0xff, 0x38, 0x10, 0x08, 0xff,
    0x40, 0x14, 0x10, 0xff, 0x48, 0x14, 0x18, 0xff, 0x40, 0x14, 0x10, 0xff,
    0x48, 0x1c, 0x18, 0xff, 0x50, 0x1c, 0x20, 0xff, 0x48, 0x14, 0x10, 0xff,
    0x40, 0x14, 0x10, 0xff, 0x48, 0x18, 0x18, 0xff, 0x48, 0x18, 0x18, 0xff,
    0x40, 0x10, 0x08, 0xff, 0x40, 0x10, 0x08, 0xff, 0x40, 0x0c, 0x08, 0xff,
    0x40, 0x0c, 0x08, 0xff, 0x40, 0x10, 0x08, 0xff, 0x40, 0x10, 0x08, 0xff,
    0x50, 0x1c, 0x20, 0xff, 0x50, 0x1c, 0x20, 0xff, 0x50, 0x1c, 0x18, 0xff,
    0x40, 0x10, 0x08, 0xff, 0x40, 0x10, 0x10, 0xff, 0x40, 0x10, 0x08, 0xff,
    0x40, 0x10, 0x08, 0xff, 0x50, 0x1c, 0x20, 0xff, 0x48, 0x18, 0x18, 0xff,
    0x50, 0x1c, 0x20, 0xff, 0x50, 0x20, 0x20, 0xff, 0x50, 0x1c, 0x20, 0xff,
    0x50, 0x1c, 0x28, 0xff, 0x50, 0x1c, 0x20, 0xff, 0x50, 0x1c, 0x20, 0xff,
    0x50, 0x20, 0x20, 0xff, 0x60, 0x30, 0x48, 0xff, 0x68, 0x30, 0x40, 0xff,
    0x68, 0x30, 0x40, 0xff, 0x68, 0x38, 0x48, 0xff, 0x80, 0x58, 0x78, 0xff,
    0x78, 0x48, 0x68, 0xff, 0x88, 0x64, 0x88, 0xff, 0x88, 0x64, 0x88, 0xff,
    0x80, 0x58, 0x78, 0xff, 0x80, 0x58, 0x78, 0xff, 0x80, 0x50, 0x68, 0xff,
    0x60, 0x30, 0x48, 0xff, 0x40, 0x0c, 0x08, 0xff, 0x40, 0x10, 0x08, 0xff,
    0x40, 0x10, 0x08, 0xff, 0x40, 0x0c, 0x08, 0xff, 0x40, 0x10, 0x08, 0xff,
    0x40, 0x0c, 0x08, 0xff, 0x40, 0x10, 0x08, 0xff, 0x48, 0x18, 0x18, 0xff,
    0x50, 0x1c, 0x20, 0xff, 0x50, 0x1c, 0x28, 0xff, 0x50, 0x1c, 0x20, 0xff,
    0x50, 0x1c, 0x20, 0xff, 0x50, 0x1c, 0x28, 0xff, 0x50, 0x1c, 0x20, 0xff,
    0x50, 0x1c, 0x28, 0xff, 0x50, 0x1c, 0x28, 0xff, 0x50, 0x1c, 0x20, 0xff,
    0x58, 0x24, 0x30, 0xff, 0x50, 0x20, 0x20, 0xff, 0x40, 0x10, 0x10, 0xff,
    0x40, 0x14, 0x08, 0xff, 0x40, 0x0c, 0x08, 0xff, 0x40, 0x14, 0x08, 0xff,
    0x40, 0x10, 0x08, 0xff, 0x48, 0x18, 0x18, 0xff, 0x50, 0x20, 0x20, 0xff,
    0x48, 0x1c, 0x18, 0xff, 0x48, 0x14, 0x18, 0xff, 0x40, 0x10, 0x08, 0xff,
    0x40, 0x10, 0x08, 0xff, 0x40, 0x0c, 0x08, 0xff, 0x40, 0x10, 0x08, 0xff,
    0x40, 0x10, 0x08, 0xff, 0x40, 0x0c, 0x08, 0xff, 0x48, 0x18, 0x18, 0xff,
    0x48, 0x18, 0x18, 0xff, 0x48, 0x18, 0x18, 0xff, 0x48, 0x14, 0x18, 0xff,
    0x50, 0x18, 0x18, 0xff, 0x48, 0x18, 0x18, 0xff, 0x40, 0x14, 0x10, 0xff,
    0x48, 0x18, 0x18, 0xff, 0x48, 0x18, 0x18, 0xff, 0x48, 0x14, 0x18, 0xff,
    0x40, 0x0c, 0x08, 0xff, 0x40, 0x10, 0x08, 0xff, 0x40, 0x10, 0x08, 0xff,
    0x48, 0x18, 0x18, 0xff, 0x40, 0x0c, 0x08, 0xff, 0x48, 0x14, 0x10, 0xff,
    0x50, 0x1c, 0x20, 0xff, 0x48, 0x18, 0x18, 0xff, 0x48, 0x14, 0x10, 0xff,
    0x40, 0x0c, 0x08, 0xff, 0x40, 0x10, 0x08, 0xff, 0x40, 0x0c, 0x08, 0xff,
    0x40, 0x10, 0x08, 0xff, 0x40, 0x10, 0x08, 0xff, 0x40, 0x0c, 0x08, 0xff,
    0x40, 0x0c, 0x08, 0xff, 0x40, 0x14, 0x10, 0xff, 0x48, 0x14, 0x18, 0xff,
    0x50, 0x1c, 0x20, 0xff, 0x48, 0x18, 0x18, 0xff, 0x40, 0x0c, 0x08, 0xff,
    0x40, 0x0c, 0x08, 0xff, 0x40, 0x10, 0x08, 0xff, 0x40, 0x10, 0x08, 0xff,
    0x50, 0x1c, 0x20, 0xff, 0x48, 0x18, 0x18, 0xff, 0x48, 0x18, 0x18, 0xff,
    0x50, 0x20, 0x20, 0xff, 0x50, 0x1c, 0x20, 0xff, 0x50, 0x20, 0x28, 0xff,
    0x50, 0x20, 0x20, 0xff, 0x50, 0x1c, 0x20, 0xff, 0x48, 0x18, 0x20, 0xff,
    0x40, 0x14, 0x10, 0xff, 0x40, 0x14, 0x10, 0xff, 0x48, 0x14, 0x18, 0xff,
    0x58, 0x24, 0x28, 0xff, 0x60, 0x2c, 0x38, 0xff, 0x70, 0x44, 0x58, 0xff,
    0x60, 0x30, 0x40, 0xff, 0x60, 0x30, 0x40, 0xff, 0x68, 0x34, 0x48, 0xff,
    0x68, 0x3c, 0x50, 0xff, 0x68, 0x3c, 0x50, 0xff, 0x80, 0x50, 0x60, 0xff,
    0x78, 0x50, 0x68, 0xff, 0x80, 0x50, 0x60, 0xff, 0x48, 0x18, 0x20, 0xff,
    0x48, 0x14, 0x18, 0xff, 0x40, 0x10, 0x08, 0xff, 0x40, 0x0c, 0x08, 0xff,
    0x40, 0x0c, 0x08, 0xff, 0x40, 0x14, 0x10, 0xff, 0x50, 0x1c, 0x18, 0xff,
    0x48, 0x18, 0x18, 0xff, 0x50, 0x1c, 0x18, 0xff, 0x50, 0x1c, 0x20, 0xff,
    0x50, 0x20, 0x20, 0xff, 0x50, 0x20, 0x20, 0xff, 0x48, 0x14, 0x10, 0xff,
    0x50, 0x1c, 0x20, 0xff, 0x48, 0x1c, 0x18, 0xff, 0x50, 0x1c, 0x20, 0xff,
    0x60, 0x2c, 0x38, 0xff, 0x40, 0x14, 0x10, 0xff, 0x40, 0x14, 0x10, 0xff,
    0x40, 0x0c, 0x08, 0xff, 0x40, 0x14, 0x08, 0xff, 0x40, 0x14, 0x08, 0xff,
    0x40, 0x14, 0x10, 0xff, 0x50, 0x1c, 0x20, 0xff, 0x50, 0x18, 0x18, 0xff,
    0x48, 0x18, 0x18, 0xff, 0x38, 0x0c, 0x08, 0xff, 0x40, 0x0c, 0x08, 0xff,
    0x40, 0x10, 0x08, 0xff, 0x40, 0x0c, 0x08, 0xff, 0x40, 0x0c, 0x08, 0xff,
    0x40, 0x10, 0x08, 0xff, 0x40, 0x0c, 0x08, 0xff, 0x40, 0x10, 0x08, 0xff,
    0x48, 0x18, 0x18, 0xff, 0x48, 0x18, 0x18, 0xff, 0x48, 0x14, 0x10, 0xff,
    0x48, 0x18, 0x18, 0xff, 0x48, 0x14, 0x10, 0xff, 0x48, 0x18, 0x18, 0xff,
    0x50, 0x20, 0x20, 0xff, 0x48, 0x14, 0x10, 0xff, 0x40, 0x0c, 0x08, 0xff,
    0x40, 0x0c, 0x08, 0xff, 0x40, 0x10, 0x08, 0xff, 0x40, 0x10, 0x10, 0xff,
    0x48, 0x18, 0x18, 0xff, 0x48, 0x18, 0x18, 0xff, 0x50, 0x1c, 0x20, 0xff,
    0x48, 0x1c, 0x18, 0xff, 0x50, 0x18, 0x18, 0xff, 0x40, 0x14, 0x10, 0xff,
    0x40, 0x0c, 0x08, 0xff, 0x40, 0x0c, 0x08, 0xff, 0x40, 0x0c, 0x08, 0xff,
    0x40, 0x10, 0x08, 0xff, 0x38, 0x10, 0x08, 0xff, 0x40, 0x0c, 0x08, 0xff,
    0x40, 0x10, 0x08, 0xff, 0x48, 0x18, 0x18, 0xff, 0x48, 0x18, 0x18, 0xff,
    0x40, 0x14, 0x10, 0xff, 0x40, 0x10, 0x10, 0xff, 0x40, 0x10, 0x08, 0xff,
    0x40, 0x0c, 0x08, 0xff, 0x40, 0x10, 0x08, 0xff, 0x48, 0x18, 0x18, 0xff,
    0x50, 0x18, 0x18, 0xff, 0x40, 0x10, 0x08, 0xff, 0x40, 0x10, 0x10, 0xff,
    0x50, 0x1c, 0x18, 0xff, 0x50, 0x20, 0x20, 0xff, 0x50, 0x1c, 0x20, 0xff,
    0x50, 0x1c, 0x20, 0xff, 0x50, 0x18, 0x18, 0xff, 0x50, 0x1c, 0x20, 0xff,
    0x60, 0x2c, 0x38, 0xff, 0x80, 0x50, 0x60, 0xff, 0x50, 0x1c, 0x20, 0xff,
    0x50, 0x20, 0x28, 0xff, 0x58, 0x28, 0x30, 0xff, 0x50, 0x1c, 0x20, 0xff,
    0x50, 0x20, 0x20, 0xff, 0x50, 0x20, 0x28, 0xff, 0x58, 0x24, 0x30, 0xff,
    0x58, 0x24, 0x28, 0xff, 0x58, 0x28, 0x30, 0xff, 0x58, 0x28, 0x30, 0xff,
    0x58, 0x28, 0x30, 0xff, 0x68, 0x3c, 0x50, 0xff, 0x58, 0x28, 0x30, 0xff,
    0x40, 0x14, 0x10, 0xff, 0x40, 0x14, 0x10, 0xff, 0x40, 0x0c, 0x08, 0xff,
    0x40, 0x10, 0x08, 0xff, 0x40, 0x10, 0x10, 0xff, 0x40, 0x10, 0x10, 0xff,
    0x50, 0x1c, 0x18, 0xff, 0x50, 0x1c, 0x18, 0xff, 0x48, 0x14, 0x18, 0xff,
    0x48, 0x18, 0x18, 0xff, 0x48, 0x18, 0x18, 0xff, 0x50, 0x1c, 0x20, 0xff,
    0x40, 0x14, 0x10, 0xff, 0x50, 0x20, 0x20, 0xff, 0x60, 0x2c, 0x38, 0xff,
    0x48, 0x14, 0x18, 0xff, 0x40, 0x10, 0x08, 0xff, 0x40, 0x0c, 0x08, 0xff,
    0x40, 0x10, 0x08, 0xff, 0x40, 0x0c, 0x08, 0xff, 0x40, 0x14, 0x10, 0xff,
    0x48, 0x1c, 0x20, 0xff, 0x50, 0x1c, 0x20, 0xff, 0x40, 0x14, 0x10, 0xff,
    0x40, 0x0c, 0x08, 0xff, 0x40, 0x10, 0x08, 0xff, 0x38, 0x10, 0x08, 0xff,
    0x38, 0x0c, 0x08, 0xff, 0x40, 0x10, 0x08, 0xff, 0x40, 0x10, 0x08, 0xff,
    0x40, 0x0c, 0x08, 0xff, 0x40, 0x14, 0x10, 0xff, 0x48, 0x14, 0x10, 0xff,
    0x48, 0x18, 0x18, 0xff, 0x50, 0x18, 0x18, 0xff, 0x50, 0x18, 0x18, 0xff,
    0x48, 0x18, 0x18, 0xff, 0x48, 0x18, 0x18, 0xff, 0x48, 0x14, 0x10, 0xff,
    0x48, 0x18, 0x18, 0xff, 0x40, 0x10, 0x08, 0xff, 0x38, 0x0c, 0x08, 0xff,
    0x40, 0x10, 0x08, 0xff, 0x48, 0x14, 0x18, 0xff, 0x48, 0x18, 0x18, 0xff,
    0x40, 0x14, 0x10, 0xff, 0x48, 0x14, 0x10, 0xff, 0x48, 0x14, 0x18, 0xff,
    0x48, 0x1c, 0x18, 0xff, 0x48, 0x14, 0x10, 0xff, 0x40, 0x10, 0x08, 0xff,
    0x38, 0x10, 0x08, 0xff, 0x40, 0x0c, 0x08, 0xff, 0x40, 0x0c, 0x08, 0xff,
    0x40, 0x10, 0x08, 0xff, 0x40, 0x0c, 0x08, 0xff, 0x40, 0x0c, 0x08, 0xff,
    0x40, 0x10, 0x08, 0xff, 0x48, 0x14, 0x18, 0xff, 0x48, 0x14, 0x10, 0xff,
    0x40, 0x10, 0x08, 0xff, 0x38, 0x0c, 0x08, 0xff, 0x40, 0x10, 0x08, 0xff,
    0x40, 0x10, 0x08, 0xff, 0x48, 0x14, 0x18, 0xff, 0x50, 0x20, 0x20, 0xff,
    0x40, 0x0c, 0x08, 0xff, 0x40, 0x0c, 0x08, 0xff, 0x40, 0x14, 0x10, 0xff,
    0x48, 0x18, 0x18, 0xff, 0x48, 0x18, 0x18, 0xff, 0x48, 0x18, 0x18, 0xff,
    0x48, 0x18, 0x18, 0xff, 0x50, 0x1c, 0x20, 0xff, 0x50, 0x1c, 0x20, 0xff,
    0x50, 0x20, 0x28, 0xff, 0x50, 0x1c, 0x20, 0xff, 0x50, 0x1c, 0x20, 0xff,
    0x50, 0x20, 0x20, 0xff, 0x50, 0x1c, 0x28, 0xff, 0x50, 0x1c, 0x20, 0xff,
    0x50, 0x20, 0x20, 0xff, 0x50, 0x1c, 0x28, 0xff, 0x50, 0x1c, 0x20, 0xff,
    0x50, 0x1c, 0x20, 0xff, 0x50, 0x1c, 0x28, 0xff, 0x50, 0x1c, 0x20, 0xff,
    0x50, 0x20, 0x20, 0xff, 0x50, 0x1c, 0x20, 0xff, 0x50, 0x1c, 0x20, 0xff,
    0x50, 0x20, 0x20, 0xff, 0x48, 0x14, 0x18, 0xff, 0x48, 0x18, 0x18, 0xff,
    0x40, 0x10, 0x08, 0xff, 0x40, 0x0c, 0x08, 0xff, 0x40, 0x14, 0x10, 0xff,
    0x48, 0x14, 0x18, 0xff, 0x48, 0x18, 0x18, 0xff, 0x40, 0x10, 0x08, 0xff,
    0x40, 0x10, 0x08, 0xff, 0x40, 0x10, 0x08, 0xff, 0x40, 0x0c, 0x08, 0xff,
    0x50, 0x20, 0x20, 0xff, 0x58, 0x24, 0x28, 0xff, 0x48, 0x14, 0x18, 0xff,
    0x40, 0x14, 0x10, 0xff, 0x40, 0x10, 0x08, 0xff, 0x40, 0x0c, 0x08, 0xff,
    0x40, 0x0c, 0x08, 0xff, 0x40, 0x0c, 0x08, 0xff, 0x40, 0x14, 0x08, 0xff,
    0x48, 0x18, 0x18, 0xff, 0x40, 0x0c, 0x08, 0xff, 0x40, 0x10, 0x08, 0xff,
    0x40, 0x0c, 0x08, 0xff, 0x40, 0x0c, 0x08, 0xff, 0x40, 0x10, 0x08, 0xff,
    0x38, 0x0c, 0x08, 0xff, 0x40, 0x0c, 0x08, 0xff, 0x40, 0x10, 0x08, 0xff,
    0x40, 0x10, 0x08, 0xff, 0x40, 0x0c, 0x08, 0xff, 0x40, 0x0c, 0x08, 0xff,
    0x48, 0x1c, 0x18, 0xff, 0x40, 0x14, 0x08, 0xff, 0x40, 0x10, 0x08, 0xff,
    0x48, 0x14, 0x18, 0xff, 0x40, 0x10, 0x08, 0xff, 0x40, 0x14, 0x10, 0xff,
    0x40, 0x0c, 0x08, 0xff, 0x40, 0x10, 0x08, 0xff, 0x40, 0x0c, 0x08, 0xff,
    0x40, 0x10, 0x08, 0xff, 0x48, 0x14, 0x18, 0xff, 0x48, 0x14, 0x10, 0xff,
    0x40, 0x14, 0x10, 0xff, 0x50, 0x1c, 0x20, 0xff, 0x50, 0x1c, 0x20, 0xff,
    0x40, 0x10, 0x08, 0xff, 0x40, 0x10, 0x08, 0xff, 0x40, 0x10, 0x08, 0xff,
    0x38, 0x0c, 0x08, 0xff, 0x40, 0x10, 0x08, 0xff, 0x38, 0x10, 0x08, 0xff,
    0x40, 0x0c, 0x08, 0xff, 0x40, 0x10, 0x08, 0xff, 0x40, 0x10, 0x08, 0xff,
    0x40, 0x10, 0x08, 0xff, 0x40, 0x14, 0x10, 0xff, 0x40, 0x0c, 0x08, 0xff,
    0x40, 0x10, 0x08, 0xff, 0x48, 0x18, 0x18, 0xff, 0x40, 0x0c, 0x08, 0xff,
    0x48, 0x18, 0x18, 0xff, 0x58, 0x28, 0x30, 0xff, 0x40, 0x14, 0x10, 0xff,
    0x40, 0x0c, 0x08, 0xff, 0x40, 0x10, 0x08, 0xff, 0x40, 0x0c, 0x08, 0xff,
    0x40, 0x10, 0x08, 0xff, 0x50, 0x1c, 0x18, 0xff, 0x40, 0x14, 0x10, 0xff,
    0x40, 0x10, 0x08, 0xff, 0x40, 0x14, 0x10, 0xff, 0x48, 0x14, 0x10, 0xff,
    0x50, 0x1c, 0x20, 0xff, 0x50, 0x20, 0x20, 0xff, 0x50, 0x20, 0x20, 0xff,
    0x50, 0x1c, 0x28, 0xff, 0x50, 0x20, 0x20, 0xff, 0x50, 0x1c, 0x20, 0xff,
    0x50, 0x20, 0x20, 0xff, 0x50, 0x20, 0x20, 0xff, 0x50, 0x20, 0x28, 0xff,
    0x50, 0x1c, 0x20, 0xff, 0x50, 0x20, 0x28, 0xff, 0x50, 0x1c, 0x20, 0xff,
    0x50, 0x20, 0x20, 0xff, 0x50, 0x1c, 0x20, 0xff, 0x50, 0x1c, 0x20, 0xff,
    0x50, 0x20, 0x20, 0xff, 0x50, 0x1c, 0x20, 0xff, 0x50, 0x1c, 0x20, 0xff,
    0x40, 0x14, 0x10, 0xff, 0x40, 0x10, 0x08, 0xff, 0x40, 0x14, 0x10, 0xff,
    0x40, 0x10, 0x08, 0xff, 0x40, 0x10, 0x08, 0xff, 0x40, 0x0c, 0x08, 0xff,
    0x40, 0x10, 0x08, 0xff, 0x40, 0x0c, 0x08, 0xff, 0x48, 0x18, 0x18, 0xff,
    0x50, 0x20, 0x20, 0xff, 0x48, 0x14, 0x18, 0xff, 0x48, 0x18, 0x18, 0xff,
    0x40, 0x10, 0x08, 0xff, 0x38, 0x10, 0x08, 0xff, 0x40, 0x0c, 0x08, 0xff,
    0x40, 0x10, 0x08, 0xff, 0x40, 0x0c, 0x08, 0xff, 0x40, 0x10, 0x08, 0xff,
    0x40, 0x0c, 0x08, 0xff, 0x40, 0x10, 0x08, 0xff, 0x38, 0x10, 0x08, 0xff,
    0x40, 0x0c, 0x08, 0xff, 0x40, 0x10, 0x08, 0xff, 0x40, 0x0c, 0x08, 0xff,
    0x38, 0x0c, 0x08, 0xff, 0x40, 0x10, 0x08, 0xff, 0x40, 0x0c, 0x08, 0xff,
    0x40, 0x0c, 0x08, 0xff, 0x40, 0x10, 0x08, 0xff, 0x40, 0x14, 0x10, 0xff,
    0x40, 0x14, 0x10, 0xff, 0x40, 0x0c, 0x08, 0xff, 0x40, 0x10, 0x08, 0xff,
    0x40, 0x10, 0x08, 0xff, 0x48, 0x14, 0x10, 0xff, 0x40, 0x0c, 0x08, 0xff,
    0x38, 0x10, 0x08, 0xff, 0x40, 0x10, 0x08, 0xff, 0x40, 0x10, 0x08, 0xff,
    0x48, 0x14, 0x18, 0xff, 0x40, 0x0c, 0x08, 0xff, 0x40, 0x14, 0x10, 0xff,
    0x48, 0x18, 0x18, 0xff, 0x40, 0x0c, 0x08, 0xff, 0x40, 0x0c, 0x08, 0xff,
    0x40, 0x0c, 0x08, 0xff, 0x40, 0x10, 0x08, 0xff, 0x40, 0x0c, 0x08, 0xff,
    0x40, 0x0c, 0x08, 0xff, 0x38, 0x10, 0x08, 0xff, 0x40, 0x0c, 0x08, 0xff,
    0x38, 0x0c, 0x08, 0xff, 0x40, 0x10, 0x08, 0xff, 0x40, 0x0c, 0x08, 0xff,
    0x40, 0x0c, 0x08, 0xff, 0x40, 0x10, 0x08, 0xff, 0x40, 0x14, 0x10, 0xff,
    0x48, 0x18, 0x18, 0xff, 0x40, 0x10, 0x08, 0xff, 0x48, 0x18, 0x18, 0xff,
    0x58, 0x24, 0x28, 0xff, 0x70, 0x40, 0x48, 0xff, 0x40, 0x14, 0x10, 0xff,
    0x40, 0x0c, 0x08, 0xff, 0x40, 0x10, 0x08, 0xff, 0x40, 0x10, 0x08, 0xff,
    0x40, 0x0c, 0x08, 0xff, 0x40, 0x0c, 0x08, 0xff, 0x40, 0x10, 0x08, 0xff,
    0x48, 0x18, 0x18, 0xff, 0x50, 0x1c, 0x18, 0xff, 0x50, 0x1c, 0x20, 0xff,
    0x48, 0x18, 0x18, 0xff, 0x50, 0x1c, 0x20, 0xff, 0x50, 0x20, 0x20, 0xff,
    0x50, 0x1c, 0x28, 0xff, 0x58, 0x20, 0x20, 0xff, 0x50, 0x1c, 0x20, 0xff,
    0x50, 0x20, 0x28, 0xff, 0x50, 0x1c, 0x20, 0xff, 0x50, 0x20, 0x20, 0xff,
    0x50, 0x20, 0x20, 0xff, 0x50, 0x1c, 0x28, 0xff, 0x50, 0x20, 0x20, 0xff,
    0x50, 0x20, 0x28, 0xff, 0x50, 0x1c, 0x20, 0xff, 0x50, 0x20, 0x20, 0xff,
    0x48, 0x18, 0x18, 0xff, 0x50, 0x1c, 0x20, 0xff, 0x48, 0x18, 0x18, 0xff,
    0x48, 0x14, 0x10, 0xff, 0x40, 0x10, 0x08, 0xff, 0x40, 0x0c, 0x08, 0xff,
    0x40, 0x0c, 0x08, 0xff, 0x40, 0x10, 0x08, 0xff, 0x40, 0x0c, 0x08, 0xff,
    0x40, 0x10, 0x08, 0xff, 0x50, 0x24, 0x30, 0xff, 0x58, 0x24, 0x28, 0xff,
    0x48, 0x18, 0x18, 0xff, 0x48, 0x14, 0x18, 0xff, 0x40, 0x0c, 0x08, 0xff,
    0x40, 0x10, 0x08, 0xff, 0x38, 0x10, 0x08, 0xff, 0x40, 0x0c, 0x08, 0xff,
    0x40, 0x10, 0x08, 0xff, 0x38, 0x0c, 0x08, 0xff, 0x40, 0x0c, 0x08, 0xff,
    0x40, 0x10, 0x08, 0xff, 0x38, 0x0c, 0x08, 0xff, 0x40, 0x10, 0x08, 0xff,
    0x40, 0x10, 0x08, 0xff, 0x40, 0x10, 0x08, 0xff, 0x40, 0x0c, 0x08, 0xff,
    0x38, 0x10, 0x08, 0xff, 0x40, 0x10, 0x08, 0xff, 0x40, 0x0c, 0x08, 0xff,
    0x40, 0x10, 0x08, 0xff, 0x40, 0x14, 0x10, 0xff, 0x50, 0x18, 0x18, 0xff,
    0x50, 0x1c, 0x18, 0xff, 0x40, 0x14, 0x10, 0xff, 0x40, 0x0c, 0x08, 0xff,
    0x40, 0x14, 0x10, 0xff
};
