// 4.25.0 0x3ea5333e D2 R0 FARGB8888 U565 N0 SIntFlashSection
// Generated by imageconverter. Please, do not edit!

#include <touchgfx/hal/Config.hpp>

LOCATION_PRAGMA("IntFlashSection")
KEEP extern const unsigned char image_san_dau[] LOCATION_ATTRIBUTE("IntFlashSection") = { // 70x108 ARGB8888 pixels.
    0xa0, 0x5c, 0x78, 0xff, 0xa0, 0x5c, 0x78, 0xff, 0xa0, 0x5c, 0x78, 0xff,
    0xa0, 0x5c, 0x78, 0xff, 0xa0, 0x5c, 0x78, 0xff, 0xa0, 0x5c, 0x78, 0xff,
    0xa0, 0x5c, 0x78, 0xff, 0xa0, 0x5c, 0x78, 0xff, 0xa0, 0x5c, 0x78, 0xff,
    0xa0, 0x5c, 0x78, 0xff, 0xa0, 0x5c, 0x78, 0xff, 0xa0, 0x5c, 0x78, 0xff,
    0xa0, 0x5c, 0x78, 0xff, 0xa0, 0x5c, 0x78, 0xff, 0xa0, 0x5c, 0x78, 0xff,
    0xa0, 0x5c, 0x78, 0xff, 0xa0, 0x5c, 0x78, 0xff, 0xa0, 0x5c, 0x78, 0xff,
    0xa0, 0x5c, 0x78, 0xff, 0xa0, 0x5c, 0x78, 0xff, 0xa0, 0x5c, 0x78, 0xff,
    0xa0, 0x5c, 0x78, 0xff, 0xa0, 0x5c, 0x78, 0xff, 0xa0, 0x5c, 0x78, 0xff,
    0xa0, 0x5c, 0x78, 0xff, 0xa0, 0x5c, 0x78, 0xff, 0xa0, 0x5c, 0x78, 0xff,
    0xa0, 0x5c, 0x78, 0xff, 0xa0, 0x5c, 0x78, 0xff, 0xa0, 0x5c, 0x78, 0xff,
    0xa0, 0x5c, 0x78, 0xff, 0xa0, 0x5c, 0x78, 0xff, 0xa0, 0x5c, 0x78, 0xff,
    0xa0, 0x5c, 0x78, 0xff, 0xa0, 0x5c, 0x78, 0xff, 0xa0, 0x5c, 0x78, 0xff,
    0xa0, 0x5c, 0x78, 0xff, 0xa0, 0x5c, 0x78, 0xff, 0xa0, 0x5c, 0x78, 0xff,
    0xa0, 0x5c, 0x78, 0xff, 0xa0, 0x5c, 0x78, 0xff, 0xa0, 0x5c, 0x78, 0xff,
    0xa0, 0x5c, 0x78, 0xff, 0xa0, 0x5c, 0x78, 0xff, 0xa0, 0x5c, 0x78, 0xff,
    0xa0, 0x5c, 0x78, 0xff, 0xa0, 0x5c, 0x78, 0xff, 0xa0, 0x5c, 0x78, 0xff,
    0xa0, 0x5c, 0x78, 0xff, 0xa0, 0x5c, 0x78, 0xff, 0xa0, 0x5c, 0x78, 0xff,
    0xa0, 0x5c, 0x78, 0xff, 0xa0, 0x5c, 0x78, 0xff, 0xa0, 0x5c, 0x78, 0xff,
    0xa0, 0x5c, 0x78, 0xff, 0xa0, 0x5c, 0x78, 0xff, 0xa0, 0x5c, 0x78, 0xff,
    0xa0, 0x5c, 0x78, 0xff, 0xa0, 0x5c, 0x78, 0xff, 0xa0, 0x5c, 0x78, 0xff,
    0xa0, 0x5c, 0x78, 0xff, 0xa0, 0x5c, 0x78, 0xff, 0xa0, 0x5c, 0x78, 0xff,
    0xa0, 0x5c, 0x78, 0xff, 0xa0, 0x5c, 0x78, 0xff, 0xa0, 0x5c, 0x78, 0xff,
    0xa0, 0x5c, 0x78, 0xff, 0xa0, 0x5c, 0x78, 0xff, 0xa0, 0x5c, 0x78, 0xff,
    0xa0, 0x5c, 0x78, 0xff, 0xa0, 0x5c, 0x78, 0xff, 0xa0, 0x58, 0x78, 0xff,
    0xa0, 0x5c, 0x70, 0xff, 0xa0, 0x58, 0x78, 0xff, 0xa0, 0x5c, 0x78, 0xff,
    0xa0, 0x58, 0x70, 0xff, 0xa0, 0x5c, 0x78, 0xff, 0xa0, 0x58, 0x78, 0xff,
    0xa0, 0x5c, 0x70, 0xff, 0xa0, 0x58, 0x78, 0xff, 0xa0, 0x5c, 0x78, 0xff,
    0xa0, 0x58, 0x70, 0xff, 0xa0, 0x5c, 0x78, 0xff, 0xa0, 0x58, 0x78, 0xff,
    0xa0, 0x5c, 0x70, 0xff, 0xa0, 0x58, 0x78, 0xff, 0xa0, 0x5c, 0x78, 0xff,
    0xa0, 0x58, 0x70, 0xff, 0xa0, 0x5c, 0x78, 0xff, 0xa0, 0x58, 0x78, 0xff,
    0xa0, 0x5c, 0x70, 0xff, 0xa0, 0x58, 0x78, 0xff, 0xa0, 0x5c, 0x78, 0xff,
    0xa0, 0x58, 0x70, 0xff, 0xa0, 0x5c, 0x78, 0xff, 0xa0, 0x58, 0x78, 0xff,
    0xa0, 0x5c, 0x70, 0xff, 0xa0, 0x58, 0x78, 0xff, 0xa0, 0x5c, 0x78, 0xff,
    0xa0, 0x58, 0x70, 0xff, 0xa0, 0x5c, 0x78, 0xff, 0xa0, 0x58, 0x78, 0xff,
    0xa0, 0x5c, 0x70, 0xff, 0xa0, 0x58, 0x78, 0xff, 0xa0, 0x5c, 0x78, 0xff,
    0xa0, 0x58, 0x70, 0xff, 0xa0, 0x5c, 0x78, 0xff, 0xa0, 0x58, 0x78, 0xff,
    0xa0, 0x5c, 0x70, 0xff, 0xa0, 0x58, 0x78, 0xff, 0xa0, 0x5c, 0x78, 0xff,
    0xa0, 0x58, 0x70, 0xff, 0xa0, 0x5c, 0x78, 0xff, 0xa0, 0x58, 0x78, 0xff,
    0xa0, 0x5c, 0x70, 0xff, 0xa0, 0x58, 0x78, 0xff, 0xa0, 0x5c, 0x78, 0xff,
    0xa0, 0x58, 0x70, 0xff, 0xa0, 0x5c, 0x78, 0xff, 0xa0, 0x58, 0x78, 0xff,
    0xa0, 0x5c, 0x70, 0xff, 0xa0, 0x58, 0x78, 0xff, 0xa0, 0x5c, 0x78, 0xff,
    0xa0, 0x58, 0x70, 0xff, 0xa0, 0x5c, 0x78, 0xff, 0xa0, 0x58, 0x78, 0xff,
    0xa0, 0x5c, 0x70, 0xff, 0xa0, 0x58, 0x78, 0xff, 0xa0, 0x5c, 0x78, 0xff,
    0xa0, 0x58, 0x70, 0xff, 0xa0, 0x5c, 0x78, 0xff, 0xa0, 0x58, 0x78, 0xff,
    0xa0, 0x5c, 0x70, 0xff, 0xa0, 0x58, 0x78, 0xff, 0xa0, 0x5c, 0x78, 0xff,
    0xa0, 0x58, 0x70, 0xff, 0xa0, 0x5c, 0x78, 0xff, 0xa0, 0x58, 0x78, 0xff,
    0xa0, 0x5c, 0x70, 0xff, 0xa0, 0x5c, 0x78, 0xff, 0xa0, 0x5c, 0x78, 0xff,
    0xa0, 0x5c, 0x70, 0xff, 0xa0, 0x58, 0x78, 0xff, 0xa0, 0x5c, 0x78, 0xff,
    0xa0, 0x5c, 0x70, 0xff, 0xa0, 0x5c, 0x78, 0xff, 0xa0, 0x58, 0x78, 0xff,
    0xa0, 0x5c, 0x70, 0xff, 0xa0, 0x5c, 0x78, 0xff, 0xa0, 0x5c, 0x78, 0xff,
    0xa0, 0x58, 0x70, 0xff, 0xa0, 0x5c, 0x78, 0xff, 0xa0, 0x5c, 0x78, 0xff,
    0xa0, 0x5c, 0x70, 0xff, 0xa0, 0x58, 0x78, 0xff, 0xa0, 0x5c, 0x78, 0xff,
    0xa0, 0x5c, 0x70, 0xff, 0xa0, 0x5c, 0x78, 0xff, 0xa0, 0x58, 0x78, 0xff,
    0xa0, 0x5c, 0x70, 0xff, 0xa0, 0x5c, 0x78, 0xff, 0xa0, 0x5c, 0x78, 0xff,
    0xa0, 0x58, 0x70, 0xff, 0xa0, 0x5c, 0x78, 0xff, 0xa0, 0x5c, 0x78, 0xff,
    0xa0, 0x5c, 0x70, 0xff, 0xa0, 0x58, 0x78, 0xff, 0xa0, 0x5c, 0x78, 0xff,
    0xa0, 0x5c, 0x70, 0xff, 0xa0, 0x5c, 0x78, 0xff, 0xa0, 0x58, 0x78, 0xff,
    0xa0, 0x5c, 0x70, 0xff, 0xa0, 0x5c, 0x78, 0xff, 0xa0, 0x5c, 0x78, 0xff,
    0xa0, 0x58, 0x70, 0xff, 0xa0, 0x5c, 0x78, 0xff, 0xa0, 0x5c, 0x78, 0xff,
    0xa0, 0x5c, 0x70, 0xff, 0xa0, 0x58, 0x78, 0xff, 0xa0, 0x5c, 0x78, 0xff,
    0xa0, 0x5c, 0x70, 0xff, 0xa0, 0x5c, 0x78, 0xff, 0xa0, 0x58, 0x78, 0xff,
    0xa0, 0x5c, 0x70, 0xff, 0xa0, 0x5c, 0x78, 0xff, 0xa0, 0x5c, 0x78, 0xff,
    0xa0, 0x58, 0x70, 0xff, 0xa0, 0x5c, 0x78, 0xff, 0xa0, 0x5c, 0x78, 0xff,
    0xa0, 0x5c, 0x70, 0xff, 0xa0, 0x58, 0x78, 0xff, 0xa0, 0x5c, 0x78, 0xff,
    0xa0, 0x5c, 0x70, 0xff, 0xa0, 0x5c, 0x78, 0xff, 0xa0, 0x58, 0x78, 0xff,
    0xa0, 0x5c, 0x70, 0xff, 0xa0, 0x5c, 0x78, 0xff, 0xa0, 0x5c, 0x78, 0xff,
    0xa0, 0x58, 0x70, 0xff, 0xa0, 0x5c, 0x78, 0xff, 0xa0, 0x5c, 0x78, 0xff,
    0xa0, 0x5c, 0x70, 0xff, 0xa0, 0x58, 0x78, 0xff, 0xa0, 0x5c, 0x78, 0xff,
    0xa0, 0x5c, 0x70, 0xff, 0xa0, 0x5c, 0x78, 0xff, 0xa0, 0x58, 0x78, 0xff,
    0xa0, 0x5c, 0x70, 0xff, 0xa0, 0x5c, 0x78, 0xff, 0xa0, 0x58, 0x78, 0xff,
    0xa0, 0x5c, 0x78, 0xff, 0xa0, 0x5c, 0x78, 0xff, 0xa0, 0x5c, 0x78, 0xff,
    0x98, 0x5c, 0x78, 0xff, 0xa0, 0x5c, 0x78, 0xff, 0xa0, 0x5c, 0x78, 0xff,
    0x98, 0x5c, 0x78, 0xff, 0xa0, 0x5c, 0x78, 0xff, 0xa0, 0x5c, 0x78, 0xff,
    0x98, 0x5c, 0x78, 0xff, 0xa0, 0x5c, 0x78, 0xff, 0xa0, 0x5c, 0x78, 0xff,
    0x98, 0x5c, 0x78, 0xff, 0xa0, 0x5c, 0x78, 0xff, 0xa0, 0x5c, 0x78, 0xff,
    0x98, 0x5c, 0x78, 0xff, 0xa0, 0x5c, 0x78, 0xff, 0xa0, 0x5c, 0x78, 0xff,
    0x98, 0x5c, 0x78, 0xff, 0xa0, 0x5c, 0x78, 0xff, 0xa0, 0x5c, 0x78, 0xff,
    0x98, 0x5c, 0x78, 0xff, 0xa0, 0x5c, 0x78, 0xff, 0xa0, 0x5c, 0x78, 0xff,
    0x98, 0x5c, 0x78, 0xff, 0xa0, 0x5c, 0x78, 0xff, 0xa0, 0x5c, 0x78, 0xff,
    0x98, 0x5c, 0x78, 0xff, 0xa0, 0x5c, 0x78, 0xff, 0xa0, 0x5c, 0x78, 0xff,
    0x98, 0x5c, 0x78, 0xff, 0xa0, 0x5c, 0x78, 0xff, 0xa0, 0x5c, 0x78, 0xff,
    0x98, 0x5c, 0x78, 0xff, 0xa0, 0x5c, 0x78, 0xff, 0xa0, 0x5c, 0x78, 0xff,
    0x98, 0x5c, 0x78, 0xff, 0xa0, 0x5c, 0x78, 0xff, 0xa0, 0x5c, 0x78, 0xff,
    0x98, 0x5c, 0x78, 0xff, 0xa0, 0x5c, 0x78, 0xff, 0xa0, 0x5c, 0x78, 0xff,
    0x98, 0x5c, 0x78, 0xff, 0xa0, 0x5c, 0x78, 0xff, 0xa0, 0x5c, 0x78, 0xff,
    0x98, 0x5c, 0x78, 0xff, 0xa0, 0x5c, 0x78, 0xff, 0xa0, 0x5c, 0x78, 0xff,
    0x98, 0x5c, 0x78, 0xff, 0xa0, 0x5c, 0x78, 0xff, 0xa0, 0x5c, 0x78, 0xff,
    0x98, 0x5c, 0x78, 0xff, 0xa0, 0x5c, 0x78, 0xff, 0xa0, 0x5c, 0x78, 0xff,
    0x98, 0x5c, 0x78, 0xff, 0xa0, 0x5c, 0x78, 0xff, 0xa0, 0x5c, 0x78, 0xff,
    0x98, 0x5c, 0x78, 0xff, 0xa0, 0x5c, 0x78, 0xff, 0xa0, 0x5c, 0x78, 0xff,
    0x98, 0x5c, 0x78, 0xff, 0xa0, 0x5c, 0x78, 0xff, 0xa0, 0x5c, 0x78, 0xff,
    0x98, 0x5c, 0x78, 0xff, 0xa0, 0x5c, 0x78, 0xff, 0xa0, 0x5c, 0x78, 0xff,
    0x98, 0x5c, 0x78, 0xff, 0xa0, 0x5c, 0x78, 0xff, 0xa0, 0x5c, 0x78, 0xff,
    0xa0, 0x5c, 0x78, 0xff, 0xa0, 0x58, 0x78, 0xff, 0xa0, 0x5c, 0x70, 0xff,
    0xa0, 0x5c, 0x78, 0xff, 0xa0, 0x58, 0x70, 0xff, 0xa0, 0x58, 0x78, 0xff,
    0xa0, 0x5c, 0x70, 0xff, 0xa0, 0x5c, 0x70, 0xff, 0xa0, 0x58, 0x78, 0xff,
    0xa0, 0x58, 0x70, 0xff, 0xa0, 0x5c, 0x78, 0xff, 0xa0, 0x5c, 0x70, 0xff,
    0xa0, 0x58, 0x70, 0xff, 0xa0, 0x58, 0x78, 0xff, 0xa0, 0x5c, 0x70, 0xff,
    0xa0, 0x5c, 0x78, 0xff, 0xa0, 0x58, 0x70, 0xff, 0xa0, 0x58, 0x78, 0xff,
    0xa0, 0x5c, 0x70, 0xff, 0xa0, 0x5c, 0x70, 0xff, 0xa0, 0x58, 0x78, 0xff,
    0xa0, 0x58, 0x70, 0xff, 0xa0, 0x5c, 0x78, 0xff, 0xa0, 0x5c, 0x70, 0xff,
    0xa0, 0x58, 0x70, 0xff, 0xa0, 0x58, 0x78, 0xff, 0xa0, 0x5c, 0x70, 0xff,
    0xa0, 0x5c, 0x78, 0xff, 0xa0, 0x58, 0x70, 0xff, 0xa0, 0x58, 0x78, 0xff,
    0xa0, 0x5c, 0x70, 0xff, 0xa0, 0x5c, 0x70, 0xff, 0xa0, 0x58, 0x78, 0xff,
    0xa0, 0x58, 0x70, 0xff, 0xa0, 0x5c, 0x78, 0xff, 0xa0, 0x5c, 0x70, 0xff,
    0xa0, 0x58, 0x70, 0xff, 0xa0, 0x58, 0x78, 0xff, 0xa0, 0x5c, 0x70, 0xff,
    0xa0, 0x5c, 0x78, 0xff, 0xa0, 0x58, 0x70, 0xff, 0xa0, 0x58, 0x78, 0xff,
    0xa0, 0x5c, 0x70, 0xff, 0xa0, 0x5c, 0x70, 0xff, 0xa0, 0x58, 0x78, 0xff,
    0xa0, 0x58, 0x70, 0xff, 0xa0, 0x5c, 0x78, 0xff, 0xa0, 0x5c, 0x70, 0xff,
    0xa0, 0x58, 0x70, 0xff, 0xa0, 0x58, 0x78, 0xff, 0xa0, 0x5c, 0x70, 0xff,
    0xa0, 0x5c, 0x78, 0xff, 0xa0, 0x58, 0x70, 0xff, 0xa0, 0x58, 0x78, 0xff,
    0xa0, 0x5c, 0x70, 0xff, 0xa0, 0x5c, 0x70, 0xff, 0xa0, 0x58, 0x78, 0xff,
    0xa0, 0x58, 0x70, 0xff, 0xa0, 0x5c, 0x78, 0xff, 0xa0, 0x5c, 0x70, 0xff,
    0xa0, 0x58, 0x70, 0xff, 0xa0, 0x58, 0x78, 0xff, 0xa0, 0x5c, 0x70, 0xff,
    0xa0, 0x5c, 0x78, 0xff, 0xa0, 0x58, 0x70, 0xff, 0xa0, 0x58, 0x78, 0xff,
    0xa0, 0x5c, 0x70, 0xff, 0xa0, 0x5c, 0x70, 0xff, 0xa0, 0x58, 0x78, 0xff,
    0xa0, 0x5c, 0x70, 0xff, 0xa0, 0x5c, 0x78, 0xff, 0xa0, 0x5c, 0x78, 0xff,
    0xa0, 0x5c, 0x78, 0xff, 0xa0, 0x5c, 0x78, 0xff, 0xa0, 0x5c, 0x78, 0xff,
    0xa0, 0x5c, 0x78, 0xff, 0xa0, 0x58, 0x78, 0xff, 0xa0, 0x5c, 0x78, 0xff,
    0xa0, 0x5c, 0x78, 0xff, 0xa0, 0x5c, 0x78, 0xff, 0xa0, 0x5c, 0x78, 0xff,
    0xa0, 0x58, 0x78, 0xff, 0xa0, 0x5c, 0x78, 0xff, 0xa0, 0x5c, 0x78, 0xff,
    0xa0, 0x5c, 0x78, 0xff, 0xa0, 0x5c, 0x70, 0xff, 0xa0, 0x5c, 0x78, 0xff,
    0xa0, 0x5c, 0x78, 0xff, 0xa0, 0x58, 0x78, 0xff, 0xa0, 0x5c, 0x78, 0xff,
    0xa0, 0x5c, 0x78, 0xff, 0xa0, 0x5c, 0x78, 0xff, 0xa0, 0x5c, 0x78, 0xff,
    0xa0, 0x58, 0x78, 0xff, 0xa0, 0x5c, 0x78, 0xff, 0xa0, 0x5c, 0x78, 0xff,
    0xa0, 0x5c, 0x78, 0xff, 0xa0, 0x5c, 0x70, 0xff, 0xa0, 0x5c, 0x78, 0xff,
    0xa0, 0x5c, 0x78, 0xff, 0xa0, 0x58, 0x78, 0xff, 0xa0, 0x5c, 0x78, 0xff,
    0xa0, 0x5c, 0x78, 0xff, 0xa0, 0x5c, 0x78, 0xff, 0xa0, 0x5c, 0x78, 0xff,
    0xa0, 0x58, 0x78, 0xff, 0xa0, 0x5c, 0x78, 0xff, 0xa0, 0x5c, 0x78, 0xff,
    0xa0, 0x5c, 0x78, 0xff, 0xa0, 0x5c, 0x70, 0xff, 0xa0, 0x5c, 0x78, 0xff,
    0xa0, 0x5c, 0x78, 0xff, 0xa0, 0x58, 0x78, 0xff, 0xa0, 0x5c, 0x78, 0xff,
    0xa0, 0x5c, 0x78, 0xff, 0xa0, 0x5c, 0x78, 0xff, 0xa0, 0x5c, 0x78, 0xff,
    0xa0, 0x58, 0x78, 0xff, 0xa0, 0x5c, 0x78, 0xff, 0xa0, 0x5c, 0x78, 0xff,
    0xa0, 0x5c, 0x78, 0xff, 0xa0, 0x5c, 0x70, 0xff, 0xa0, 0x5c, 0x78, 0xff,
    0xa0, 0x5c, 0x78, 0xff, 0xa0, 0x58, 0x78, 0xff, 0xa0, 0x5c, 0x78, 0xff,
    0xa0, 0x5c, 0x78, 0xff, 0xa0, 0x5c, 0x78, 0xff, 0xa0, 0x5c, 0x78, 0xff,
    0xa0, 0x58, 0x78, 0xff, 0xa0, 0x5c, 0x78, 0xff, 0xa0, 0x5c, 0x78, 0xff,
    0xa0, 0x5c, 0x78, 0xff, 0xa0, 0x5c, 0x70, 0xff, 0xa0, 0x5c, 0x78, 0xff,
    0xa0, 0x5c, 0x78, 0xff, 0xa0, 0x58, 0x78, 0xff, 0xa0, 0x5c, 0x78, 0xff,
    0x98, 0x5c, 0x78, 0xff, 0xa0, 0x58, 0x78, 0xff, 0xa0, 0x5c, 0x70, 0xff,
    0xa0, 0x5c, 0x78, 0xff, 0xa0, 0x58, 0x70, 0xff, 0x98, 0x5c, 0x78, 0xff,
    0xa0, 0x5c, 0x78, 0xff, 0xa0, 0x5c, 0x70, 0xff, 0x98, 0x5c, 0x78, 0xff,
    0xa0, 0x5c, 0x78, 0xff, 0xa0, 0x5c, 0x70, 0xff, 0x98, 0x5c, 0x78, 0xff,
    0xa0, 0x58, 0x78, 0xff, 0xa0, 0x5c, 0x70, 0xff, 0x98, 0x5c, 0x78, 0xff,
    0xa0, 0x5c, 0x78, 0xff, 0xa0, 0x58, 0x78, 0xff, 0x98, 0x5c, 0x78, 0xff,
    0xa0, 0x5c, 0x78, 0xff, 0xa0, 0x5c, 0x78, 0xff, 0x98, 0x5c, 0x70, 0xff,
    0xa0, 0x5c, 0x78, 0xff, 0xa0, 0x5c, 0x78, 0xff, 0x98, 0x5c, 0x70, 0xff,
    0xa0, 0x58, 0x78, 0xff, 0xa0, 0x5c, 0x78, 0xff, 0x98, 0x5c, 0x70, 0xff,
    0xa0, 0x5c, 0x78, 0xff, 0xa0, 0x58, 0x78, 0xff, 0x98, 0x5c, 0x78, 0xff,
    0xa0, 0x5c, 0x78, 0xff, 0xa0, 0x5c, 0x78, 0xff, 0x98, 0x5c, 0x78, 0xff,
    0xa0, 0x5c, 0x70, 0xff, 0xa0, 0x5c, 0x78, 0xff, 0x98, 0x5c, 0x78, 0xff,
    0xa0, 0x58, 0x70, 0xff, 0xa0, 0x5c, 0x78, 0xff, 0x98, 0x5c, 0x78, 0xff,
    0xa0, 0x5c, 0x78, 0xff, 0xa0, 0x58, 0x78, 0xff, 0x98, 0x5c, 0x78, 0xff,
    0xa0, 0x5c, 0x78, 0xff, 0xa0, 0x5c, 0x78, 0xff, 0x98, 0x5c, 0x70, 0xff,
    0xa0, 0x5c, 0x78, 0xff, 0xa0, 0x5c, 0x78, 0xff, 0x98, 0x5c, 0x70, 0xff,
    0xa0, 0x58, 0x78, 0xff, 0xa0, 0x5c, 0x78, 0xff, 0x98, 0x5c, 0x70, 0xff,
    0xa0, 0x5c, 0x78, 0xff, 0xa0, 0x58, 0x78, 0xff, 0x98, 0x5c, 0x78, 0xff,
    0xa0, 0x5c, 0x78, 0xff, 0xa0, 0x5c, 0x78, 0xff, 0x98, 0x5c, 0x78, 0xff,
    0xa0, 0x5c, 0x70, 0xff, 0xa0, 0x5c, 0x78, 0xff, 0x98, 0x5c, 0x78, 0xff,
    0xa0, 0x58, 0x70, 0xff, 0xa0, 0x5c, 0x78, 0xff, 0x98, 0x5c, 0x78, 0xff,
    0xa0, 0x5c, 0x78, 0xff, 0xa0, 0x58, 0x78, 0xff, 0x98, 0x5c, 0x78, 0xff,
    0xa0, 0x5c, 0x78, 0xff, 0xa0, 0x5c, 0x78, 0xff, 0x98, 0x5c, 0x78, 0xff,
    0xa0, 0x5c, 0x70, 0xff, 0xa0, 0x5c, 0x78, 0xff, 0xa0, 0x58, 0x78, 0xff,
    0xa0, 0x5c, 0x78, 0xff, 0xa0, 0x5c, 0x78, 0xff, 0xa0, 0x58, 0x78, 0xff,
    0xa0, 0x5c, 0x70, 0xff, 0xa0, 0x58, 0x78, 0xff, 0xa0, 0x58, 0x78, 0xff,
    0xa0, 0x5c, 0x70, 0xff, 0xa0, 0x58, 0x78, 0xff, 0xa0, 0x5c, 0x78, 0xff,
    0xa0, 0x5c, 0x70, 0xff, 0xa0, 0x5c, 0x78, 0xff, 0xa0, 0x5c, 0x78, 0xff,
    0xa0, 0x5c, 0x70, 0xff, 0xa0, 0x58, 0x78, 0xff, 0xa0, 0x5c, 0x70, 0xff,
    0xa0, 0x58, 0x78, 0xff, 0xa0, 0x58, 0x78, 0xff, 0xa0, 0x5c, 0x70, 0xff,
    0xa0, 0x58, 0x78, 0xff, 0xa0, 0x58, 0x78, 0xff, 0xa0, 0x5c, 0x70, 0xff,
    0xa0, 0x5c, 0x78, 0xff, 0xa0, 0x5c, 0x78, 0xff, 0xa0, 0x5c, 0x70, 0xff,
    0xa0, 0x5c, 0x78, 0xff, 0xa0, 0x58, 0x78, 0xff, 0xa0, 0x5c, 0x70, 0xff,
    0xa0, 0x58, 0x78, 0xff, 0xa0, 0x58, 0x70, 0xff, 0xa0, 0x5c, 0x78, 0xff,
    0xa0, 0x58, 0x78, 0xff, 0xa0, 0x58, 0x70, 0xff, 0xa0, 0x5c, 0x78, 0xff,
    0xa0, 0x5c, 0x78, 0xff, 0xa0, 0x5c, 0x70, 0xff, 0xa0, 0x5c, 0x78, 0xff,
    0xa0, 0x5c, 0x70, 0xff, 0xa0, 0x58, 0x70, 0xff, 0xa0, 0x5c, 0x78, 0xff,
    0xa0, 0x58, 0x78, 0xff, 0xa0, 0x58, 0x70, 0xff, 0xa0, 0x5c, 0x78, 0xff,
    0xa0, 0x58, 0x78, 0xff, 0xa0, 0x58, 0x70, 0xff, 0xa0, 0x5c, 0x78, 0xff,
    0xa0, 0x5c, 0x78, 0xff, 0xa0, 0x5c, 0x70, 0xff, 0xa0, 0x5c, 0x78, 0xff,
    0xa0, 0x5c, 0x78, 0xff, 0xa0, 0x58, 0x70, 0xff, 0xa0, 0x5c, 0x78, 0xff,
    0xa0, 0x58, 0x78, 0xff, 0xa0, 0x58, 0x70, 0xff, 0xa0, 0x5c, 0x78, 0xff,
    0xa0, 0x58, 0x70, 0xff, 0xa0, 0x58, 0x78, 0xff, 0xa0, 0x5c, 0x78, 0xff,
    0xa0, 0x5c, 0x70, 0xff, 0xa0, 0x5c, 0x78, 0xff, 0xa0, 0x5c, 0x78, 0xff,
    0xa0, 0x5c, 0x70, 0xff, 0xa0, 0x58, 0x70, 0xff, 0xa0, 0x5c, 0x78, 0xff,
    0xa0, 0x58, 0x78, 0xff, 0xa0, 0x58, 0x70, 0xff, 0xa0, 0x5c, 0x78, 0xff,
    0xa0, 0x58, 0x70, 0xff, 0xa0, 0x5c, 0x78, 0xff, 0xa0, 0x5c, 0x78, 0xff,
    0xa0, 0x5c, 0x70, 0xff, 0xa0, 0x5c, 0x78, 0xff, 0xa0, 0x5c, 0x78, 0xff,
    0xa0, 0x5c, 0x78, 0xff, 0xa0, 0x5c, 0x78, 0xff, 0xa0, 0x5c, 0x78, 0xff,
    0xa0, 0x5c, 0x78, 0xff, 0xa0, 0x5c, 0x78, 0xff, 0x98, 0x58, 0x78, 0xff,
    0xa0, 0x5c, 0x78, 0xff, 0xa0, 0x58, 0x78, 0xff, 0xa0, 0x5c, 0x78, 0xff,
    0x98, 0x5c, 0x78, 0xff, 0xa0, 0x58, 0x78, 0xff, 0xa0, 0x5c, 0x78, 0xff,
    0xa0, 0x5c, 0x70, 0xff, 0xa0, 0x5c, 0x78, 0xff, 0x98, 0x5c, 0x78, 0xff,
    0xa0, 0x5c, 0x78, 0xff, 0xa0, 0x5c, 0x78, 0xff, 0x98, 0x5c, 0x78, 0xff,
    0xa0, 0x58, 0x78, 0xff, 0xa0, 0x5c, 0x78, 0xff, 0xa0, 0x58, 0x78, 0xff,
    0x98, 0x5c, 0x78, 0xff, 0xa0, 0x5c, 0x78, 0xff, 0xa0, 0x5c, 0x78, 0xff,
    0x98, 0x5c, 0x78, 0xff, 0xa0, 0x5c, 0x78, 0xff, 0xa0, 0x5c, 0x70, 0xff,
    0xa0, 0x5c, 0x78, 0xff, 0xa0, 0x5c, 0x78, 0xff, 0x98, 0x5c, 0x78, 0xff,
    0xa0, 0x58, 0x78, 0xff, 0xa0, 0x5c, 0x78, 0xff, 0x98, 0x58, 0x78, 0xff,
    0xa0, 0x5c, 0x78, 0xff, 0xa0, 0x5c, 0x78, 0xff, 0xa0, 0x5c, 0x78, 0xff,
    0x98, 0x5c, 0x78, 0xff, 0xa0, 0x5c, 0x70, 0xff, 0xa0, 0x5c, 0x78, 0xff,
    0x98, 0x5c, 0x78, 0xff, 0xa0, 0x5c, 0x78, 0xff, 0xa0, 0x5c, 0x78, 0xff,
    0xa0, 0x58, 0x78, 0xff, 0xa0, 0x5c, 0x78, 0xff, 0x98, 0x58, 0x78, 0xff,
    0xa0, 0x5c, 0x78, 0xff, 0xa0, 0x5c, 0x78, 0xff, 0x98, 0x5c, 0x78, 0xff,
    0xa0, 0x5c, 0x70, 0xff, 0xa0, 0x5c, 0x78, 0xff, 0xa0, 0x5c, 0x78, 0xff,
    0x98, 0x5c, 0x78, 0xff, 0xa0, 0x5c, 0x78, 0xff, 0xa0, 0x5c, 0x78, 0xff,
    0x98, 0x58, 0x78, 0xff, 0xa0, 0x5c, 0x78, 0xff, 0xa0, 0x58, 0x78, 0xff,
    0xa0, 0x5c, 0x78, 0xff, 0xa0, 0x5c, 0x78, 0xff, 0x98, 0x5c, 0x78, 0xff,
    0xa0, 0x5c, 0x70, 0xff, 0xa0, 0x5c, 0x78, 0xff, 0xa0, 0x5c, 0x78, 0xff,
    0xa0, 0x5c, 0x70, 0xff, 0xa0, 0x5c, 0x78, 0xff, 0xa0, 0x58, 0x78, 0xff,
    0x98, 0x5c, 0x78, 0xff, 0xa0, 0x5c, 0x78, 0xff, 0xa0, 0x58, 0x78, 0xff,
    0xa0, 0x5c, 0x78, 0xff, 0xa0, 0x5c, 0x70, 0xff, 0x98, 0x58, 0x78, 0xff,
    0xa0, 0x5c, 0x70, 0xff, 0xa0, 0x5c, 0x70, 0xff, 0xa0, 0x5c, 0x78, 0xff,
    0xa0, 0x5c, 0x70, 0xff, 0xa0, 0x5c, 0x78, 0xff, 0xa0, 0x5c, 0x70, 0xff,
    0xa0, 0x58, 0x78, 0xff, 0xa0, 0x5c, 0x70, 0xff, 0xa0, 0x5c, 0x78, 0xff,
    0x98, 0x5c, 0x78, 0xff, 0xa0, 0x5c, 0x78, 0xff, 0xa0, 0x5c, 0x70, 0xff,
    0xa0, 0x5c, 0x78, 0xff, 0xa0, 0x58, 0x70, 0xff, 0xa0, 0x5c, 0x78, 0xff,
    0xa0, 0x5c, 0x70, 0xff, 0xa0, 0x5c, 0x78, 0xff, 0xa0, 0x5c, 0x70, 0xff,
    0xa0, 0x58, 0x78, 0xff, 0xa0, 0x5c, 0x70, 0xff, 0xa0, 0x5c, 0x78, 0xff,
    0xa0, 0x58, 0x70, 0xff, 0xa0, 0x5c, 0x78, 0xff, 0xa0, 0x5c, 0x78, 0xff,
    0x98, 0x5c, 0x78, 0xff, 0xa0, 0x5c, 0x70, 0xff, 0xa0, 0x5c, 0x78, 0xff,
    0xa0, 0x5c, 0x70, 0xff, 0xa0, 0x5c, 0x78, 0xff, 0xa0, 0x5c, 0x70, 0xff,
    0xa0, 0x58, 0x78, 0xff, 0xa0, 0x5c, 0x78, 0xff, 0xa0, 0x5c, 0x70, 0xff,
    0xa0, 0x58, 0x78, 0xff, 0xa0, 0x5c, 0x78, 0xff, 0xa0, 0x5c, 0x78, 0xff,
    0xa0, 0x5c, 0x70, 0xff, 0xa0, 0x5c, 0x78, 0xff, 0xa0, 0x5c, 0x70, 0xff,
    0x98, 0x5c, 0x78, 0xff, 0xa0, 0x5c, 0x70, 0xff, 0xa0, 0x5c, 0x78, 0xff,
    0xa0, 0x58, 0x70, 0xff, 0xa0, 0x5c, 0x78, 0xff, 0xa0, 0x5c, 0x78, 0xff,
    0xa0, 0x58, 0x70, 0xff, 0xa0, 0x5c, 0x78, 0xff, 0xa0, 0x5c, 0x78, 0xff,
    0xa0, 0x5c, 0x70, 0xff, 0xa0, 0x5c, 0x78, 0xff, 0xa0, 0x5c, 0x78, 0xff,
    0xa0, 0x5c, 0x70, 0xff, 0xa0, 0x5c, 0x70, 0xff, 0xa0, 0x5c, 0x78, 0xff,
    0x98, 0x58, 0x70, 0xff, 0xa0, 0x5c, 0x78, 0xff, 0xa0, 0x5c, 0x78, 0xff,
    0xa0, 0x58, 0x78, 0xff, 0xa0, 0x5c, 0x78, 0xff, 0x98, 0x5c, 0x78, 0xff,
    0xa0, 0x5c, 0x78, 0xff, 0xa0, 0x5c, 0x78, 0xff, 0x98, 0x5c, 0x78, 0xff,
    0xa0, 0x58, 0x70, 0xff, 0xa0, 0x5c, 0x78, 0xff, 0xa0, 0x5c, 0x78, 0xff,
    0xa0, 0x5c, 0x70, 0xff, 0xa0, 0x5c, 0x78, 0xff, 0xa0, 0x58, 0x78, 0xff,
    0xa0, 0x5c, 0x78, 0xff, 0xa0, 0x5c, 0x78, 0xff, 0x98, 0x58, 0x78, 0xff,
    0xa0, 0x5c, 0x78, 0xff, 0xa0, 0x5c, 0x78, 0xff, 0xa0, 0x58, 0x70, 0xff,
    0x98, 0x5c, 0x78, 0xff, 0xa0, 0x5c, 0x78, 0xff, 0xa0, 0x58, 0x78, 0xff,
    0xa0, 0x5c, 0x70, 0xff, 0xa0, 0x58, 0x78, 0xff, 0xa0, 0x5c, 0x78, 0xff,
    0xa0, 0x58, 0x78, 0xff, 0xa0, 0x5c, 0x78, 0xff, 0xa0, 0x5c, 0x78, 0xff,
    0xa0, 0x58, 0x70, 0xff, 0xa0, 0x5c, 0x78, 0xff, 0xa0, 0x5c, 0x78, 0xff,
    0x98, 0x5c, 0x78, 0xff, 0xa0, 0x5c, 0x70, 0xff, 0xa0, 0x5c, 0x78, 0xff,
    0xa0, 0x58, 0x78, 0xff, 0xa0, 0x5c, 0x78, 0xff, 0xa0, 0x5c, 0x70, 0xff,
    0xa0, 0x58, 0x78, 0xff, 0xa0, 0x58, 0x78, 0xff, 0xa0, 0x5c, 0x78, 0xff,
    0xa0, 0x58, 0x78, 0xff, 0xa0, 0x58, 0x78, 0xff, 0xa0, 0x5c, 0x70, 0xff,
    0xa0, 0x5c, 0x78, 0xff, 0xa0, 0x5c, 0x78, 0xff, 0xa0, 0x5c, 0x70, 0xff,
    0x98, 0x58, 0x78, 0xff, 0xa0, 0x5c, 0x78, 0xff, 0xa0, 0x5c, 0x70, 0xff,
    0xa0, 0x58, 0x78, 0xff, 0xa0, 0x58, 0x78, 0xff, 0xa0, 0x5c, 0x78, 0xff,
    0xa0, 0x58, 0x78, 0xff, 0xa0, 0x58, 0x70, 0xff, 0xa0, 0x5c, 0x78, 0xff,
    0xa0, 0x5c, 0x78, 0xff, 0xa0, 0x5c, 0x78, 0xff, 0xa0, 0x5c, 0x70, 0xff,
    0xa0, 0x58, 0x78, 0xff, 0xa0, 0x5c, 0x78, 0xff, 0xa0, 0x5c, 0x78, 0xff,
    0x98, 0x58, 0x78, 0xff, 0xa0, 0x58, 0x70, 0xff, 0xa0, 0x5c, 0x78, 0xff,
    0xa0, 0x58, 0x78, 0xff, 0xa0, 0x58, 0x78, 0xff, 0xa0, 0x5c, 0x78, 0xff,
    0xa0, 0x5c, 0x78, 0xff, 0xa0, 0x5c, 0x70, 0xff, 0xa0, 0x5c, 0x78, 0xff,
    0xa0, 0x58, 0x70, 0xff, 0xa0, 0x5c, 0x70, 0xff, 0xa0, 0x5c, 0x78, 0xff,
    0xa0, 0x58, 0x70, 0xff, 0xa0, 0x58, 0x78, 0xff, 0xa0, 0x5c, 0x78, 0xff,
    0xa0, 0x5c, 0x70, 0xff, 0xa0, 0x5c, 0x78, 0xff, 0xa0, 0x58, 0x78, 0xff,
    0xa0, 0x5c, 0x70, 0xff, 0xa0, 0x5c, 0x78, 0xff, 0xa0, 0x5c, 0x78, 0xff,
    0xa0, 0x5c, 0x70, 0xff, 0xa0, 0x5c, 0x78, 0xff, 0xa0, 0x5c, 0x78, 0xff,
    0xa0, 0x58, 0x70, 0xff, 0xa0, 0x5c, 0x78, 0xff, 0xa0, 0x5c, 0x78, 0xff,
    0xa0, 0x58, 0x78, 0xff, 0xa0, 0x5c, 0x78, 0xff, 0xa0, 0x5c, 0x78, 0xff,
    0xa0, 0x5c, 0x78, 0xff, 0xa0, 0x5c, 0x70, 0xff, 0xa0, 0x5c, 0x78, 0xff,
    0xa0, 0x58, 0x78, 0xff, 0x98, 0x5c, 0x70, 0xff, 0xa0, 0x5c, 0x78, 0xff,
    0xa0, 0x5c, 0x78, 0xff, 0x98, 0x5c, 0x78, 0xff, 0xa0, 0x58, 0x78, 0xff,
    0xa0, 0x5c, 0x78, 0xff, 0xa0, 0x58, 0x78, 0xff, 0xa0, 0x5c, 0x78, 0xff,
    0xa0, 0x5c, 0x78, 0xff, 0x98, 0x5c, 0x78, 0xff, 0xa0, 0x5c, 0x78, 0xff,
    0xa0, 0x5c, 0x70, 0xff, 0xa0, 0x5c, 0x78, 0xff, 0xa0, 0x5c, 0x78, 0xff,
    0xa0, 0x5c, 0x70, 0xff, 0x98, 0x5c, 0x78, 0xff, 0xa0, 0x5c, 0x78, 0xff,
    0xa0, 0x5c, 0x78, 0xff, 0x98, 0x58, 0x78, 0xff, 0xa0, 0x5c, 0x78, 0xff,
    0xa0, 0x5c, 0x78, 0xff, 0xa0, 0x5c, 0x78, 0xff, 0xa0, 0x5c, 0x78, 0xff,
    0xa0, 0x5c, 0x78, 0xff, 0x98, 0x5c, 0x70, 0xff, 0xa0, 0x5c, 0x78, 0xff,
    0xa0, 0x5c, 0x78, 0xff, 0xa0, 0x5c, 0x78, 0xff, 0xa0, 0x5c, 0x78, 0xff,
    0xa0, 0x5c, 0x78, 0xff, 0x98, 0x58, 0x78, 0xff, 0xa0, 0x5c, 0x78, 0xff,
    0xa0, 0x5c, 0x78, 0xff, 0x98, 0x5c, 0x70, 0xff, 0xa0, 0x5c, 0x78, 0xff,
    0xa0, 0x5c, 0x78, 0xff, 0xa0, 0x5c, 0x78, 0xff, 0xa0, 0x5c, 0x78, 0xff,
    0xa0, 0x5c, 0x70, 0xff, 0x98, 0x5c, 0x78, 0xff, 0xa0, 0x5c, 0x78, 0xff,
    0xa0, 0x5c, 0x78, 0xff, 0xa0, 0x58, 0x78, 0xff, 0xa0, 0x5c, 0x78, 0xff,
    0xa0, 0x5c, 0x78, 0xff, 0x98, 0x5c, 0x78, 0xff, 0xa0, 0x5c, 0x78, 0xff,
    0xa0, 0x5c, 0x78, 0xff, 0xa0, 0x5c, 0x78, 0xff, 0xa0, 0x5c, 0x70, 0xff,
    0xa0, 0x58, 0x78, 0xff, 0xa0, 0x5c, 0x78, 0xff, 0xa0, 0x5c, 0x78, 0xff,
    0xa0, 0x5c, 0x78, 0xff, 0x98, 0x58, 0x78, 0xff, 0xa0, 0x5c, 0x78, 0xff,
    0xa0, 0x5c, 0x78, 0xff, 0xa0, 0x58, 0x78, 0xff, 0xa0, 0x5c, 0x70, 0xff,
    0xa0, 0x5c, 0x78, 0xff, 0xa0, 0x5c, 0x78, 0xff, 0xa0, 0x5c, 0x70, 0xff,
    0x98, 0x5c, 0x78, 0xff, 0xa0, 0x5c, 0x78, 0xff, 0xa0, 0x5c, 0x70, 0xff,
    0xa0, 0x58, 0x78, 0xff, 0x98, 0x5c, 0x78, 0xff, 0xa0, 0x5c, 0x78, 0xff,
    0xa0, 0x5c, 0x78, 0xff, 0xa0, 0x5c, 0x70, 0xff, 0xa0, 0x5c, 0x78, 0xff,
    0xa0, 0x58, 0x78, 0xff, 0xa0, 0x5c, 0x70, 0xff, 0xa0, 0x5c, 0x78, 0xff,
    0xa0, 0x5c, 0x70, 0xff, 0xa0, 0x5c, 0x70, 0xff, 0xa0, 0x5c, 0x78, 0xff,
    0xa0, 0x58, 0x78, 0xff, 0xa0, 0x5c, 0x70, 0xff, 0xa0, 0x58, 0x78, 0xff,
    0xa0, 0x58, 0x78, 0xff, 0x98, 0x5c, 0x78, 0xff, 0xa0, 0x5c, 0x78, 0xff,
    0xa0, 0x58, 0x70, 0xff, 0xa0, 0x5c, 0x78, 0xff, 0xa0, 0x5c, 0x78, 0xff,
    0xa0, 0x5c, 0x70, 0xff, 0xa0, 0x58, 0x78, 0xff, 0xa0, 0x5c, 0x70, 0xff,
    0xa0, 0x5c, 0x78, 0xff, 0xa0, 0x58, 0x78, 0xff, 0xa0, 0x5c, 0x70, 0xff,
    0xa0, 0x58, 0x78, 0xff, 0xa0, 0x5c, 0x78, 0xff, 0xa0, 0x5c, 0x78, 0xff,
    0xa0, 0x58, 0x70, 0xff, 0x98, 0x5c, 0x78, 0xff, 0xa0, 0x5c, 0x70, 0xff,
    0xa0, 0x5c, 0x78, 0xff, 0xa0, 0x58, 0x70, 0xff, 0xa0, 0x5c, 0x70, 0xff,
    0xa0, 0x5c, 0x78, 0xff, 0xa0, 0x58, 0x78, 0xff, 0xa0, 0x5c, 0x78, 0xff,
    0xa0, 0x58, 0x70, 0xff, 0xa0, 0x5c, 0x78, 0xff, 0xa0, 0x5c, 0x78, 0xff,
    0xa0, 0x58, 0x70, 0xff, 0xa0, 0x5c, 0x78, 0xff, 0xa0, 0x5c, 0x78, 0xff,
    0xa0, 0x5c, 0x70, 0xff, 0x98, 0x58, 0x70, 0xff, 0xa0, 0x5c, 0x78, 0xff,
    0xa0, 0x5c, 0x78, 0xff, 0xa0, 0x58, 0x70, 0xff, 0xa0, 0x5c, 0x78, 0xff,
    0xa0, 0x58, 0x78, 0xff, 0xa0, 0x5c, 0x78, 0xff, 0x98, 0x5c, 0x78, 0xff,
    0xa0, 0x5c, 0x78, 0xff, 0xa0, 0x5c, 0x70, 0xff, 0x98, 0x58, 0x78, 0xff,
    0xa0, 0x5c, 0x78, 0xff, 0xa0, 0x5c, 0x70, 0xff, 0xa0, 0x5c, 0x78, 0xff,
    0xa0, 0x58, 0x78, 0xff, 0xa0, 0x5c, 0x78, 0xff, 0xa0, 0x58, 0x78, 0xff,
    0x98, 0x5c, 0x78, 0xff, 0xa0, 0x5c, 0x78, 0xff, 0xa0, 0x58, 0x78, 0xff,
    0xa0, 0x58, 0x78, 0xff, 0xa0, 0x5c, 0x70, 0xff, 0xa0, 0x5c, 0x78, 0xff,
    0xa0, 0x58, 0x78, 0xff, 0xa0, 0x5c, 0x70, 0xff, 0xa0, 0x5c, 0x78, 0xff,
    0xa0, 0x58, 0x78, 0xff, 0x98, 0x58, 0x70, 0xff, 0xa0, 0x5c, 0x78, 0xff,
    0xa0, 0x5c, 0x78, 0xff, 0xa0, 0x5c, 0x78, 0xff, 0xa0, 0x58, 0x78, 0xff,
    0xa0, 0x5c, 0x78, 0xff, 0x98, 0x5c, 0x78, 0xff, 0xa0, 0x58, 0x78, 0xff,
    0xa0, 0x5c, 0x78, 0xff, 0x98, 0x5c, 0x70, 0xff, 0xa0, 0x5c, 0x78, 0xff,
    0xa0, 0x5c, 0x70, 0xff, 0xa0, 0x5c, 0x78, 0xff, 0xa0, 0x5c, 0x78, 0xff,
    0xa0, 0x58, 0x70, 0xff, 0xa0, 0x5c, 0x78, 0xff, 0x98, 0x5c, 0x78, 0xff,
    0xa0, 0x58, 0x78, 0xff, 0xa0, 0x5c, 0x78, 0xff, 0xa0, 0x5c, 0x78, 0xff,
    0xa0, 0x5c, 0x70, 0xff, 0x98, 0x5c, 0x78, 0xff, 0xa0, 0x58, 0x78, 0xff,
    0xa0, 0x5c, 0x70, 0xff, 0x98, 0x5c, 0x78, 0xff, 0xa0, 0x58, 0x78, 0xff,
    0xa0, 0x5c, 0x70, 0xff, 0xa0, 0x5c, 0x78, 0xff, 0xa0, 0x58, 0x78, 0xff,
    0xa0, 0x5c, 0x78, 0xff, 0xa0, 0x5c, 0x78, 0xff, 0x98, 0x58, 0x78, 0xff,
    0xa0, 0x5c, 0x78, 0xff, 0xa0, 0x5c, 0x70, 0xff, 0xa0, 0x5c, 0x78, 0xff,
    0xa0, 0x58, 0x78, 0xff, 0x98, 0x5c, 0x70, 0xff, 0xa0, 0x5c, 0x78, 0xff,
    0xa0, 0x58, 0x78, 0xff, 0x98, 0x5c, 0x70, 0xff, 0xa0, 0x5c, 0x78, 0xff,
    0xa0, 0x58, 0x78, 0xff, 0xa0, 0x5c, 0x78, 0xff, 0xa0, 0x5c, 0x78, 0xff,
    0xa0, 0x5c, 0x78, 0xff, 0xa0, 0x5c, 0x70, 0xff, 0x98, 0x58, 0x78, 0xff,
    0xa0, 0x5c, 0x78, 0xff, 0xa0, 0x5c, 0x70, 0xff, 0xa0, 0x58, 0x70, 0xff,
    0xa0, 0x58, 0x78, 0xff, 0xa0, 0x5c, 0x78, 0xff, 0xa0, 0x5c, 0x78, 0xff,
    0xa0, 0x5c, 0x70, 0xff, 0xa0, 0x58, 0x78, 0xff, 0xa0, 0x5c, 0x78, 0xff,
    0xa0, 0x5c, 0x70, 0xff, 0xa0, 0x5c, 0x78, 0xff, 0xa0, 0x5c, 0x78, 0xff,
    0xa0, 0x5c, 0x70, 0xff, 0xa0, 0x5c, 0x78, 0xff, 0xa0, 0x5c, 0x70, 0xff,
    0xa0, 0x5c, 0x78, 0xff, 0x98, 0x5c, 0x78, 0xff, 0xa0, 0x5c, 0x78, 0xff,
    0xa0, 0x58, 0x78, 0xff, 0x98, 0x5c, 0x78, 0xff, 0xa0, 0x5c, 0x70, 0xff,
    0xa0, 0x5c, 0x78, 0xff, 0xa0, 0x5c, 0x78, 0xff, 0xa0, 0x5c, 0x78, 0xff,
    0xa0, 0x5c, 0x78, 0xff, 0xa0, 0x58, 0x70, 0xff, 0x98, 0x5c, 0x78, 0xff,
    0xa0, 0x5c, 0x78, 0xff, 0xa0, 0x58, 0x70, 0xff, 0xa0, 0x5c, 0x78, 0xff,
    0xa0, 0x5c, 0x78, 0xff, 0xa0, 0x58, 0x78, 0xff, 0xa0, 0x5c, 0x78, 0xff,
    0xa0, 0x5c, 0x78, 0xff, 0xa0, 0x58, 0x78, 0xff, 0xa0, 0x5c, 0x70, 0xff,
    0xa0, 0x5c, 0x78, 0xff, 0xa0, 0x5c, 0x78, 0xff, 0xa0, 0x5c, 0x78, 0xff,
    0xa0, 0x5c, 0x70, 0xff, 0xa0, 0x58, 0x78, 0xff, 0xa0, 0x5c, 0x78, 0xff,
    0x98, 0x5c, 0x78, 0xff, 0xa0, 0x58, 0x78, 0xff, 0xa0, 0x5c, 0x78, 0xff,
    0xa0, 0x5c, 0x78, 0xff, 0xa0, 0x5c, 0x70, 0xff, 0xa0, 0x5c, 0x78, 0xff,
    0xa0, 0x5c, 0x78, 0xff, 0xa0, 0x5c, 0x78, 0xff, 0xa0, 0x5c, 0x78, 0xff,
    0xa0, 0x58, 0x78, 0xff, 0xa0, 0x5c, 0x70, 0xff, 0xa0, 0x5c, 0x78, 0xff,
    0xa0, 0x5c, 0x78, 0xff, 0xa0, 0x5c, 0x78, 0xff, 0xa0, 0x5c, 0x78, 0xff,
    0x98, 0x5c, 0x78, 0xff, 0xa0, 0x5c, 0x78, 0xff, 0xa0, 0x5c, 0x78, 0xff,
    0xa0, 0x5c, 0x78, 0xff, 0xa0, 0x5c, 0x78, 0xff, 0xa0, 0x5c, 0x78, 0xff,
    0xa0, 0x58, 0x78, 0xff, 0xa0, 0x5c, 0x70, 0xff, 0xa0, 0x5c, 0x78, 0xff,
    0xa0, 0x58, 0x78, 0xff, 0xa0, 0x5c, 0x70, 0xff, 0xa0, 0x5c, 0x78, 0xff,
    0xa0, 0x5c, 0x78, 0xff, 0xa0, 0x5c, 0x78, 0xff, 0xa0, 0x5c, 0x78, 0xff,
    0x98, 0x5c, 0x78, 0xff, 0xa0, 0x5c, 0x70, 0xff, 0xa0, 0x58, 0x78, 0xff,
    0xa0, 0x5c, 0x78, 0xff, 0xa0, 0x5c, 0x78, 0xff, 0x98, 0x5c, 0x78, 0xff,
    0xa0, 0x58, 0x78, 0xff, 0xa0, 0x5c, 0x78, 0xff, 0xa0, 0x5c, 0x78, 0xff,
    0xa0, 0x5c, 0x78, 0xff, 0xa0, 0x58, 0x78, 0xff, 0xa0, 0x5c, 0x70, 0xff,
    0xa0, 0x58, 0x78, 0xff, 0xa0, 0x5c, 0x78, 0xff, 0xa0, 0x5c, 0x70, 0xff,
    0xa0, 0x58, 0x78, 0xff, 0xa0, 0x5c, 0x78, 0xff, 0xa0, 0x5c, 0x70, 0xff,
    0xa0, 0x5c, 0x78, 0xff, 0xa0, 0x58, 0x78, 0xff, 0xa0, 0x5c, 0x70, 0xff,
    0xa0, 0x5c, 0x78, 0xff, 0xa0, 0x5c, 0x78, 0xff, 0xa0, 0x58, 0x70, 0xff,
    0xa0, 0x5c, 0x78, 0xff, 0xa0, 0x5c, 0x78, 0xff, 0xa0, 0x5c, 0x70, 0xff,
    0xa0, 0x5c, 0x78, 0xff, 0xa0, 0x5c, 0x70, 0xff, 0xa0, 0x5c, 0x70, 0xff,
    0xa0, 0x5c, 0x78, 0xff, 0x98, 0x58, 0x78, 0xff, 0xa0, 0x5c, 0x78, 0xff,
    0xa0, 0x5c, 0x78, 0xff, 0x98, 0x58, 0x70, 0xff, 0xa0, 0x5c, 0x78, 0xff,
    0xa0, 0x5c, 0x78, 0xff, 0xa0, 0x58, 0x70, 0xff, 0xa0, 0x5c, 0x78, 0xff,
    0xa0, 0x5c, 0x70, 0xff, 0xa0, 0x5c, 0x70, 0xff, 0xa0, 0x58, 0x78, 0xff,
    0xa0, 0x5c, 0x78, 0xff, 0xa0, 0x5c, 0x70, 0xff, 0xa0, 0x58, 0x78, 0xff,
    0xa0, 0x5c, 0x78, 0xff, 0x98, 0x58, 0x70, 0xff, 0xa0, 0x5c, 0x78, 0xff,
    0xa0, 0x5c, 0x78, 0xff, 0x98, 0x5c, 0x70, 0xff, 0xa0, 0x58, 0x78, 0xff,
    0xa0, 0x5c, 0x78, 0xff, 0xa0, 0x5c, 0x70, 0xff, 0xa0, 0x58, 0x78, 0xff,
    0xa0, 0x58, 0x70, 0xff, 0xa0, 0x5c, 0x78, 0xff, 0xa0, 0x58, 0x70, 0xff,
    0xa0, 0x5c, 0x78, 0xff, 0xa0, 0x58, 0x70, 0xff, 0xa0, 0x5c, 0x78, 0xff,
    0xa0, 0x5c, 0x78, 0xff, 0x98, 0x5c, 0x70, 0xff, 0xa0, 0x5c, 0x78, 0xff,
    0xa0, 0x5c, 0x78, 0xff, 0x98, 0x58, 0x78, 0xff, 0xa0, 0x5c, 0x78, 0xff,
    0xa0, 0x5c, 0x78, 0xff, 0xa0, 0x58, 0x70, 0xff, 0xa0, 0x5c, 0x78, 0xff,
    0xa0, 0x5c, 0x78, 0xff, 0xa0, 0x5c, 0x78, 0xff, 0xa0, 0x5c, 0x78, 0xff,
    0xa0, 0x5c, 0x70, 0xff, 0x98, 0x58, 0x78, 0xff, 0xa0, 0x5c, 0x70, 0xff,
    0xa0, 0x5c, 0x78, 0xff, 0xa0, 0x5c, 0x70, 0xff, 0xa0, 0x58, 0x78, 0xff,
    0xa0, 0x5c, 0x78, 0xff, 0xa0, 0x5c, 0x78, 0xff, 0xa0, 0x5c, 0x78, 0xff,
    0x98, 0x58, 0x78, 0xff, 0xa0, 0x5c, 0x78, 0xff, 0xa0, 0x5c, 0x78, 0xff,
    0xa0, 0x58, 0x70, 0xff, 0xa0, 0x5c, 0x78, 0xff, 0xa0, 0x5c, 0x78, 0xff,
    0xa0, 0x5c, 0x70, 0xff, 0xa0, 0x58, 0x78, 0xff, 0x98, 0x5c, 0x78, 0xff,
    0xa0, 0x5c, 0x70, 0xff, 0xa0, 0x58, 0x78, 0xff, 0x98, 0x5c, 0x78, 0xff,
    0xa0, 0x5c, 0x78, 0xff, 0xa0, 0x5c, 0x78, 0xff, 0xa0, 0x58, 0x78, 0xff,
    0x98, 0x5c, 0x78, 0xff, 0xa0, 0x58, 0x78, 0xff, 0xa0, 0x5c, 0x78, 0xff,
    0x98, 0x5c, 0x78, 0xff, 0xa0, 0x58, 0x70, 0xff, 0xa0, 0x5c, 0x78, 0xff,
    0xa0, 0x5c, 0x78, 0xff, 0xa0, 0x5c, 0x70, 0xff, 0xa0, 0x58, 0x78, 0xff,
    0xa0, 0x5c, 0x78, 0xff, 0x98, 0x5c, 0x78, 0xff, 0xa0, 0x5c, 0x78, 0xff,
    0xa0, 0x5c, 0x78, 0xff, 0x98, 0x58, 0x78, 0xff, 0xa0, 0x5c, 0x78, 0xff,
    0xa0, 0x5c, 0x78, 0xff, 0xa0, 0x5c, 0x70, 0xff, 0x98, 0x5c, 0x78, 0xff,
    0xa0, 0x58, 0x78, 0xff, 0xa0, 0x5c, 0x78, 0xff, 0xa0, 0x5c, 0x70, 0xff,
    0xa0, 0x58, 0x78, 0xff, 0xa0, 0x5c, 0x78, 0xff, 0xa0, 0x5c, 0x70, 0xff,
    0xa0, 0x5c, 0x78, 0xff, 0x98, 0x58, 0x78, 0xff, 0xa0, 0x5c, 0x78, 0xff,
    0xa0, 0x5c, 0x70, 0xff, 0x98, 0x5c, 0x78, 0xff, 0xa0, 0x5c, 0x78, 0xff,
    0xa0, 0x5c, 0x78, 0xff, 0xa0, 0x58, 0x70, 0xff, 0x98, 0x5c, 0x78, 0xff,
    0xa0, 0x5c, 0x78, 0xff, 0xa0, 0x58, 0x70, 0xff, 0xa0, 0x5c, 0x78, 0xff,
    0xa0, 0x5c, 0x78, 0xff, 0xa0, 0x58, 0x70, 0xff, 0xa0, 0x5c, 0x78, 0xff,
    0xa0, 0x5c, 0x78, 0xff, 0x98, 0x58, 0x70, 0xff, 0xa0, 0x5c, 0x78, 0xff,
    0xa0, 0x58, 0x78, 0xff, 0x98, 0x58, 0x70, 0xff, 0xa0, 0x5c, 0x78, 0xff,
    0xa0, 0x5c, 0x78, 0xff, 0xa0, 0x58, 0x78, 0xff, 0xa0, 0x5c, 0x78, 0xff,
    0xa0, 0x5c, 0x78, 0xff, 0xa0, 0x58, 0x70, 0xff, 0xa0, 0x5c, 0x78, 0xff,
    0xa0, 0x5c, 0x78, 0xff, 0xa0, 0x5c, 0x70, 0xff, 0xa0, 0x5c, 0x78, 0xff,
    0xa0, 0x5c, 0x70, 0xff, 0xa0, 0x5c, 0x78, 0xff, 0xa0, 0x5c, 0x78, 0xff,
    0x98, 0x5c, 0x70, 0xff, 0xa0, 0x5c, 0x78, 0xff, 0xa0, 0x5c, 0x78, 0xff,
    0x98, 0x5c, 0x78, 0xff, 0xa0, 0x58, 0x78, 0xff, 0xa0, 0x5c, 0x78, 0xff,
    0xa0, 0x5c, 0x78, 0xff, 0xa0, 0x5c, 0x78, 0xff, 0xa0, 0x58, 0x78, 0xff,
    0xa0, 0x5c, 0x70, 0xff, 0xa0, 0x5c, 0x78, 0xff, 0xa0, 0x5c, 0x70, 0xff,
    0xa0, 0x5c, 0x78, 0xff, 0xa0, 0x5c, 0x78, 0xff, 0xa0, 0x58, 0x70, 0xff,
    0xa0, 0x5c, 0x78, 0xff, 0xa0, 0x5c, 0x78, 0xff, 0xa0, 0x5c, 0x78, 0xff,
    0xa0, 0x5c, 0x70, 0xff, 0xa0, 0x5c, 0x78, 0xff, 0xa0, 0x58, 0x78, 0xff,
    0xa0, 0x5c, 0x78, 0xff, 0xa0, 0x5c, 0x70, 0xff, 0xa0, 0x58, 0x78, 0xff,
    0xa0, 0x5c, 0x78, 0xff, 0xa0, 0x5c, 0x70, 0xff, 0xa0, 0x58, 0x78, 0xff,
    0xa0, 0x5c, 0x78, 0xff, 0xa0, 0x5c, 0x78, 0xff, 0xa0, 0x58, 0x78, 0xff,
    0xa0, 0x5c, 0x78, 0xff, 0xa0, 0x5c, 0x78, 0xff, 0xa0, 0x5c, 0x78, 0xff,
    0xa0, 0x5c, 0x78, 0xff, 0xa0, 0x5c, 0x78, 0xff, 0xa0, 0x58, 0x78, 0xff,
    0xa0, 0x5c, 0x78, 0xff, 0xa0, 0x5c, 0x70, 0xff, 0xa0, 0x5c, 0x78, 0xff,
    0xa0, 0x5c, 0x78, 0xff, 0xa0, 0x5c, 0x78, 0xff, 0xa0, 0x58, 0x78, 0xff,
    0xa0, 0x5c, 0x78, 0xff, 0xa0, 0x5c, 0x78, 0xff, 0xa0, 0x5c, 0x78, 0xff,
    0xa0, 0x5c, 0x78, 0xff, 0xa0, 0x5c, 0x78, 0xff, 0xa0, 0x58, 0x78, 0xff,
    0xa0, 0x5c, 0x78, 0xff, 0xa0, 0x5c, 0x78, 0xff, 0xa0, 0x58, 0x70, 0xff,
    0xa0, 0x5c, 0x78, 0xff, 0xa0, 0x5c, 0x78, 0xff, 0xa0, 0x5c, 0x70, 0xff,
    0xa0, 0x5c, 0x78, 0xff, 0xa0, 0x5c, 0x78, 0xff, 0xa0, 0x5c, 0x70, 0xff,
    0xa0, 0x5c, 0x78, 0xff, 0xa0, 0x58, 0x78, 0xff, 0xa0, 0x5c, 0x70, 0xff,
    0xa0, 0x5c, 0x78, 0xff, 0xa0, 0x5c, 0x78, 0xff, 0x98, 0x5c, 0x78, 0xff,
    0xa0, 0x58, 0x78, 0xff, 0xa0, 0x5c, 0x78, 0xff, 0xa0, 0x5c, 0x78, 0xff,
    0xa0, 0x58, 0x78, 0xff, 0xa0, 0x5c, 0x78, 0xff, 0xa0, 0x5c, 0x70, 0xff,
    0xa0, 0x58, 0x78, 0xff, 0xa0, 0x5c, 0x78, 0xff, 0xa0, 0x58, 0x78, 0xff,
    0xa0, 0x5c, 0x70, 0xff, 0xa0, 0x5c, 0x78, 0xff, 0xa0, 0x5c, 0x78, 0xff,
    0xa0, 0x5c, 0x70, 0xff, 0xa0, 0x58, 0x78, 0xff, 0xa0, 0x5c, 0x78, 0xff,
    0xa0, 0x5c, 0x70, 0xff, 0xa0, 0x5c, 0x78, 0xff, 0x98, 0x58, 0x78, 0xff,
    0xa0, 0x58, 0x70, 0xff, 0xa0, 0x5c, 0x78, 0xff, 0xa0, 0x5c, 0x78, 0xff,
    0xa0, 0x5c, 0x70, 0xff, 0xa0, 0x58, 0x78, 0xff, 0xa0, 0x5c, 0x78, 0xff,
    0xa0, 0x5c, 0x78, 0xff, 0x98, 0x58, 0x78, 0xff, 0xa0, 0x5c, 0x70, 0xff,
    0xa0, 0x5c, 0x78, 0xff, 0x98, 0x5c, 0x78, 0xff, 0xa0, 0x5c, 0x70, 0xff,
    0xa0, 0x58, 0x78, 0xff, 0xa0, 0x5c, 0x78, 0xff, 0xa0, 0x5c, 0x70, 0xff,
    0xa0, 0x5c, 0x78, 0xff, 0xa0, 0x5c, 0x70, 0xff, 0x98, 0x5c, 0x78, 0xff,
    0xa0, 0x58, 0x70, 0xff, 0xa0, 0x5c, 0x70, 0xff, 0xa0, 0x5c, 0x78, 0xff,
    0x98, 0x58, 0x70, 0xff, 0xa0, 0x5c, 0x78, 0xff, 0xa0, 0x5c, 0x70, 0xff,
    0x98, 0x5c, 0x78, 0xff, 0xa0, 0x58, 0x78, 0xff, 0xa0, 0x5c, 0x78, 0xff,
    0xa0, 0x5c, 0x70, 0xff, 0xa0, 0x58, 0x78, 0xff, 0xa0, 0x5c, 0x78, 0xff,
    0xa0, 0x5c, 0x70, 0xff, 0xa0, 0x58, 0x70, 0xff, 0x98, 0x5c, 0x78, 0xff,
    0xa0, 0x5c, 0x78, 0xff, 0xa0, 0x58, 0x70, 0xff, 0xa0, 0x5c, 0x78, 0xff,
    0x98, 0x5c, 0x70, 0xff, 0xa0, 0x5c, 0x78, 0xff, 0xa0, 0x5c, 0x78, 0xff,
    0x98, 0x5c, 0x78, 0xff, 0xa0, 0x5c, 0x78, 0xff, 0xa0, 0x58, 0x78, 0xff,
    0xa0, 0x5c, 0x78, 0xff, 0xa0, 0x5c, 0x78, 0xff, 0xa0, 0x5c, 0x78, 0xff,
    0xa0, 0x5c, 0x78, 0xff, 0xa0, 0x58, 0x78, 0xff, 0x98, 0x5c, 0x70, 0xff,
    0xa0, 0x5c, 0x78, 0xff, 0xa0, 0x58, 0x78, 0xff, 0xa0, 0x5c, 0x70, 0xff,
    0xa0, 0x5c, 0x78, 0xff, 0xa0, 0x5c, 0x70, 0xff, 0xa0, 0x58, 0x78, 0xff,
    0xa0, 0x5c, 0x78, 0xff, 0xa0, 0x5c, 0x78, 0xff, 0xa0, 0x5c, 0x78, 0xff,
    0xa0, 0x58, 0x78, 0xff, 0xa0, 0x5c, 0x70, 0xff, 0xa0, 0x5c, 0x78, 0xff,
    0xa0, 0x58, 0x78, 0xff, 0xa0, 0x5c, 0x70, 0xff, 0xa0, 0x5c, 0x78, 0xff,
    0x98, 0x58, 0x78, 0xff, 0xa0, 0x5c, 0x70, 0xff, 0xa0, 0x5c, 0x78, 0xff,
    0x98, 0x58, 0x78, 0xff, 0xa0, 0x5c, 0x78, 0xff, 0xa0, 0x5c, 0x78, 0xff,
    0xa0, 0x5c, 0x78, 0xff, 0xa0, 0x5c, 0x78, 0xff, 0x98, 0x5c, 0x78, 0xff,
    0xa0, 0x5c, 0x78, 0xff, 0xa0, 0x5c, 0x78, 0xff, 0x98, 0x58, 0x70, 0xff,
    0xa0, 0x5c, 0x78, 0xff, 0xa0, 0x5c, 0x78, 0xff, 0xa0, 0x58, 0x78, 0xff,
    0xa0, 0x5c, 0x78, 0xff, 0xa0, 0x5c, 0x78, 0xff, 0xa0, 0x58, 0x78, 0xff,
    0xa0, 0x5c, 0x78, 0xff, 0xa0, 0x5c, 0x78, 0xff, 0x98, 0x5c, 0x78, 0xff,
    0xa0, 0x58, 0x78, 0xff, 0xa0, 0x5c, 0x78, 0xff, 0xa0, 0x5c, 0x78, 0xff,
    0xa0, 0x58, 0x78, 0xff, 0xa0, 0x5c, 0x78, 0xff, 0xa0, 0x5c, 0x78, 0xff,
    0xa0, 0x5c, 0x78, 0xff, 0xa0, 0x58, 0x78, 0xff, 0xa0, 0x5c, 0x70, 0xff,
    0xa0, 0x5c, 0x78, 0xff, 0xa0, 0x5c, 0x78, 0xff, 0xa0, 0x58, 0x70, 0xff,
    0x98, 0x5c, 0x78, 0xff, 0xa0, 0x5c, 0x78, 0xff, 0xa0, 0x58, 0x78, 0xff,
    0x98, 0x5c, 0x78, 0xff, 0xa0, 0x5c, 0x78, 0xff, 0xa0, 0x5c, 0x78, 0xff,
    0xa0, 0x58, 0x78, 0xff, 0xa0, 0x5c, 0x70, 0xff, 0xa0, 0x5c, 0x78, 0xff,
    0xa0, 0x58, 0x78, 0xff, 0xa0, 0x5c, 0x78, 0xff, 0xa0, 0x58, 0x70, 0xff,
    0xa0, 0x5c, 0x78, 0xff, 0xa0, 0x5c, 0x70, 0xff, 0xa0, 0x58, 0x78, 0xff,
    0x98, 0x5c, 0x70, 0xff, 0xa0, 0x5c, 0x78, 0xff, 0xa0, 0x58, 0x70, 0xff,
    0x98, 0x5c, 0x78, 0xff, 0xa0, 0x5c, 0x78, 0xff, 0xa0, 0x5c, 0x70, 0xff,
    0xa0, 0x5c, 0x78, 0xff, 0xa0, 0x5c, 0x78, 0xff, 0xa0, 0x5c, 0x78, 0xff,
    0x98, 0x58, 0x78, 0xff, 0xa0, 0x5c, 0x70, 0xff, 0xa0, 0x5c, 0x78, 0xff,
    0x98, 0x5c, 0x78, 0xff, 0xa0, 0x5c, 0x70, 0xff, 0xa0, 0x5c, 0x78, 0xff,
    0xa0, 0x5c, 0x70, 0xff, 0x98, 0x5c, 0x78, 0xff, 0xa0, 0x5c, 0x78, 0xff,
    0xa0, 0x5c, 0x78, 0xff, 0x98, 0x5c, 0x78, 0xff, 0xa0, 0x5c, 0x78, 0xff,
    0xa0, 0x58, 0x78, 0xff, 0xa0, 0x5c, 0x78, 0xff, 0xa0, 0x5c, 0x78, 0xff,
    0xa0, 0x5c, 0x70, 0xff, 0xa0, 0x5c, 0x78, 0xff, 0xa0, 0x58, 0x78, 0xff,
    0xa0, 0x5c, 0x70, 0xff, 0xa0, 0x5c, 0x78, 0xff, 0xa0, 0x58, 0x70, 0xff,
    0xa0, 0x5c, 0x78, 0xff, 0xa0, 0x58, 0x78, 0xff, 0xa0, 0x5c, 0x70, 0xff,
    0xa0, 0x5c, 0x78, 0xff, 0xa0, 0x5c, 0x78, 0xff, 0xa0, 0x5c, 0x70, 0xff,
    0xa0, 0x5c, 0x70, 0xff, 0xa0, 0x5c, 0x78, 0xff, 0xa0, 0x58, 0x70, 0xff,
    0xa0, 0x5c, 0x78, 0xff, 0xa0, 0x5c, 0x70, 0xff, 0xa0, 0x5c, 0x78, 0xff,
    0xa0, 0x58, 0x70, 0xff, 0xa0, 0x5c, 0x78, 0xff, 0xa0, 0x5c, 0x78, 0xff,
    0x98, 0x58, 0x70, 0xff, 0xa0, 0x5c, 0x78, 0xff, 0xa0, 0x5c, 0x78, 0xff,
    0xa0, 0x5c, 0x70, 0xff, 0xa0, 0x5c, 0x78, 0xff, 0xa0, 0x5c, 0x78, 0xff,
    0xa0, 0x58, 0x78, 0xff, 0xa0, 0x5c, 0x78, 0xff, 0xa0, 0x5c, 0x78, 0xff,
    0xa0, 0x5c, 0x78, 0xff, 0xa0, 0x5c, 0x70, 0xff, 0xa0, 0x5c, 0x78, 0xff,
    0xa0, 0x5c, 0x70, 0xff, 0xa0, 0x58, 0x78, 0xff, 0xa0, 0x5c, 0x78, 0xff,
    0xa0, 0x5c, 0x70, 0xff, 0xa0, 0x5c, 0x78, 0xff, 0xa0, 0x5c, 0x78, 0xff,
    0x98, 0x5c, 0x78, 0xff, 0xa0, 0x5c, 0x78, 0xff, 0xa0, 0x5c, 0x70, 0xff,
    0xa0, 0x58, 0x78, 0xff, 0xa0, 0x5c, 0x78, 0xff, 0xa0, 0x5c, 0x78, 0xff,
    0xa0, 0x5c, 0x70, 0xff, 0xa0, 0x5c, 0x78, 0xff, 0xa0, 0x5c, 0x78, 0xff,
    0xa0, 0x58, 0x78, 0xff, 0xa0, 0x5c, 0x70, 0xff, 0xa0, 0x58, 0x78, 0xff,
    0xa0, 0x5c, 0x78, 0xff, 0xa0, 0x58, 0x78, 0xff, 0xa0, 0x5c, 0x70, 0xff,
    0xa0, 0x5c, 0x78, 0xff, 0xa0, 0x5c, 0x78, 0xff, 0xa0, 0x58, 0x78, 0xff,
    0xa0, 0x5c, 0x78, 0xff, 0xa0, 0x5c, 0x78, 0xff, 0xa0, 0x58, 0x78, 0xff,
    0xa0, 0x58, 0x78, 0xff, 0xa0, 0x5c, 0x78, 0xff, 0xa0, 0x58, 0x70, 0xff,
    0xa0, 0x5c, 0x78, 0xff, 0xa0, 0x58, 0x78, 0xff, 0xa0, 0x5c, 0x70, 0xff,
    0xa0, 0x5c, 0x78, 0xff, 0xa0, 0x5c, 0x70, 0xff, 0xa0, 0x58, 0x78, 0xff,
    0xa0, 0x5c, 0x78, 0xff, 0xa0, 0x5c, 0x70, 0xff, 0xa0, 0x5c, 0x78, 0xff,
    0x98, 0x5c, 0x78, 0xff, 0xa0, 0x5c, 0x70, 0xff, 0xa0, 0x58, 0x78, 0xff,
    0xa0, 0x5c, 0x78, 0xff, 0xa0, 0x5c, 0x70, 0xff, 0xa0, 0x5c, 0x78, 0xff,
    0xa0, 0x58, 0x78, 0xff, 0xa0, 0x5c, 0x78, 0xff, 0x98, 0x5c, 0x78, 0xff,
    0xa0, 0x58, 0x78, 0xff, 0xa0, 0x5c, 0x78, 0xff, 0x98, 0x5c, 0x78, 0xff,
    0xa0, 0x5c, 0x78, 0xff, 0xa0, 0x5c, 0x70, 0xff, 0x98, 0x58, 0x78, 0xff,
    0xa0, 0x5c, 0x78, 0xff, 0xa0, 0x5c, 0x78, 0xff, 0xa0, 0x5c, 0x70, 0xff,
    0xa0, 0x5c, 0x78, 0xff, 0xa0, 0x5c, 0x78, 0xff, 0xa0, 0x5c, 0x70, 0xff,
    0xa0, 0x58, 0x78, 0xff, 0x98, 0x58, 0x78, 0xff, 0xa0, 0x5c, 0x70, 0xff,
    0xa0, 0x5c, 0x78, 0xff, 0x98, 0x5c, 0x78, 0xff, 0xa0, 0x58, 0x70, 0xff,
    0xa0, 0x5c, 0x78, 0xff, 0x98, 0x58, 0x78, 0xff, 0xa0, 0x5c, 0x78, 0xff,
    0xa0, 0x5c, 0x78, 0xff, 0xa0, 0x58, 0x70, 0xff, 0xa0, 0x5c, 0x78, 0xff,
    0x98, 0x5c, 0x78, 0xff, 0xa0, 0x58, 0x70, 0xff, 0xa0, 0x5c, 0x78, 0xff,
    0xa0, 0x58, 0x78, 0xff, 0xa0, 0x5c, 0x70, 0xff, 0xa0, 0x5c, 0x78, 0xff,
    0xa0, 0x5c, 0x78, 0xff, 0x98, 0x5c, 0x78, 0xff, 0xa0, 0x58, 0x78, 0xff,
    0xa0, 0x5c, 0x78, 0xff, 0xa0, 0x5c, 0x78, 0xff, 0xa0, 0x58, 0x78, 0xff,
    0xa0, 0x5c, 0x78, 0xff, 0xa0, 0x5c, 0x78, 0xff, 0xa0, 0x5c, 0x78, 0xff,
    0x98, 0x5c, 0x70, 0xff, 0xa0, 0x58, 0x78, 0xff, 0xa0, 0x5c, 0x78, 0xff,
    0x98, 0x5c, 0x70, 0xff, 0xa0, 0x58, 0x78, 0xff, 0xa0, 0x5c, 0x78, 0xff,
    0xa0, 0x5c, 0x70, 0xff, 0xa0, 0x58, 0x78, 0xff, 0xa0, 0x5c, 0x78, 0xff,
    0xa0, 0x5c, 0x70, 0xff, 0xa0, 0x5c, 0x78, 0xff, 0xa0, 0x5c, 0x78, 0xff,
    0xa0, 0x5c, 0x78, 0xff, 0xa0, 0x5c, 0x70, 0xff, 0xa0, 0x58, 0x78, 0xff,
    0xa0, 0x5c, 0x78, 0xff, 0x98, 0x5c, 0x70, 0xff, 0xa0, 0x58, 0x78, 0xff,
    0xa0, 0x5c, 0x78, 0xff, 0x98, 0x5c, 0x78, 0xff, 0xa0, 0x58, 0x78, 0xff,
    0xa0, 0x58, 0x78, 0xff, 0xa0, 0x5c, 0x78, 0xff, 0xa0, 0x5c, 0x78, 0xff,
    0x98, 0x5c, 0x78, 0xff, 0xa0, 0x5c, 0x78, 0xff, 0xa0, 0x5c, 0x78, 0xff,
    0x98, 0x5c, 0x70, 0xff, 0xa0, 0x5c, 0x78, 0xff, 0xa0, 0x58, 0x78, 0xff,
    0xa0, 0x5c, 0x70, 0xff, 0xa0, 0x5c, 0x78, 0xff, 0xa0, 0x58, 0x78, 0xff,
    0xa0, 0x5c, 0x78, 0xff, 0xa0, 0x5c, 0x78, 0xff, 0xa0, 0x58, 0x78, 0xff,
    0xa0, 0x5c, 0x78, 0xff, 0xa0, 0x5c, 0x78, 0xff, 0x98, 0x58, 0x78, 0xff,
    0xa0, 0x5c, 0x78, 0xff, 0xa0, 0x58, 0x78, 0xff, 0xa0, 0x5c, 0x78, 0xff,
    0xa0, 0x5c, 0x78, 0xff, 0xa0, 0x5c, 0x78, 0xff, 0xa0, 0x5c, 0x78, 0xff,
    0xa0, 0x58, 0x78, 0xff, 0xa0, 0x5c, 0x70, 0xff, 0xa0, 0x5c, 0x78, 0xff,
    0xa0, 0x5c, 0x78, 0xff, 0xa0, 0x5c, 0x70, 0xff, 0xa0, 0x58, 0x78, 0xff,
    0xa0, 0x5c, 0x78, 0xff, 0xa0, 0x5c, 0x78, 0xff, 0xa0, 0x5c, 0x78, 0xff,
    0xa0, 0x5c, 0x78, 0xff, 0xa0, 0x5c, 0x78, 0xff, 0xa0, 0x5c, 0x78, 0xff,
    0xa0, 0x58, 0x78, 0xff, 0x98, 0x5c, 0x70, 0xff, 0xa0, 0x5c, 0x78, 0xff,
    0xa0, 0x58, 0x78, 0xff, 0xa0, 0x5c, 0x70, 0xff, 0xa0, 0x5c, 0x78, 0xff,
    0xa0, 0x5c, 0x70, 0xff, 0x98, 0x58, 0x78, 0xff, 0xa0, 0x5c, 0x78, 0xff,
    0xa0, 0x5c, 0x70, 0xff, 0x98, 0x58, 0x70, 0xff, 0xa0, 0x5c, 0x78, 0xff,
    0xa0, 0x5c, 0x78, 0xff, 0xa0, 0x5c, 0x78, 0xff, 0xa0, 0x5c, 0x78, 0xff,
    0xa0, 0x5c, 0x78, 0xff, 0xa0, 0x5c, 0x78, 0xff, 0xa0, 0x58, 0x78, 0xff,
    0xa0, 0x5c, 0x70, 0xff, 0x98, 0x5c, 0x78, 0xff, 0xa0, 0x5c, 0x78, 0xff,
    0xa0, 0x5c, 0x70, 0xff, 0xa0, 0x5c, 0x78, 0xff, 0xa0, 0x5c, 0x78, 0xff,
    0xa0, 0x5c, 0x78, 0xff, 0x98, 0x5c, 0x78, 0xff, 0xa0, 0x58, 0x78, 0xff,
    0xa0, 0x5c, 0x78, 0xff, 0xa0, 0x5c, 0x78, 0xff, 0xa0, 0x5c, 0x78, 0xff,
    0xa0, 0x5c, 0x78, 0xff, 0xa0, 0x5c, 0x70, 0xff, 0xa0, 0x5c, 0x78, 0xff,
    0xa0, 0x5c, 0x70, 0xff, 0xa0, 0x5c, 0x78, 0xff, 0xa0, 0x58, 0x70, 0xff,
    0xa0, 0x5c, 0x78, 0xff, 0xa0, 0x5c, 0x70, 0xff, 0xa0, 0x58, 0x78, 0xff,
    0xa0, 0x58, 0x78, 0xff, 0xa0, 0x5c, 0x78, 0xff, 0xa0, 0x5c, 0x70, 0xff,
    0xa0, 0x5c, 0x78, 0xff, 0xa0, 0x5c, 0x78, 0xff, 0xa0, 0x5c, 0x70, 0xff,
    0xa0, 0x58, 0x70, 0xff, 0xa0, 0x5c, 0x78, 0xff, 0xa0, 0x5c, 0x70, 0xff,
    0x98, 0x58, 0x78, 0xff, 0xa0, 0x5c, 0x70, 0xff, 0xa0, 0x5c, 0x70, 0xff,
    0xa0, 0x5c, 0x78, 0xff, 0xa0, 0x5c, 0x70, 0xff, 0xa0, 0x5c, 0x78, 0xff,
    0x98, 0x58, 0x70, 0xff, 0xa0, 0x5c, 0x78, 0xff, 0xa0, 0x5c, 0x70, 0xff,
    0xa0, 0x5c, 0x78, 0xff, 0x98, 0x5c, 0x78, 0xff, 0xa0, 0x58, 0x78, 0xff,
    0xa0, 0x5c, 0x78, 0xff, 0xa0, 0x5c, 0x78, 0xff, 0xa0, 0x5c, 0x70, 0xff,
    0xa0, 0x5c, 0x78, 0xff, 0xa0, 0x58, 0x70, 0xff, 0x98, 0x5c, 0x70, 0xff,
    0xa0, 0x58, 0x78, 0xff, 0xa0, 0x5c, 0x70, 0xff, 0xa0, 0x5c, 0x78, 0xff,
    0xa0, 0x5c, 0x78, 0xff, 0xa0, 0x5c, 0x70, 0xff, 0xa0, 0x5c, 0x78, 0xff,
    0xa0, 0x5c, 0x78, 0xff, 0xa0, 0x58, 0x78, 0xff, 0xa0, 0x5c, 0x78, 0xff,
    0xa0, 0x5c, 0x70, 0xff, 0xa0, 0x58, 0x78, 0xff, 0xa0, 0x5c, 0x78, 0xff,
    0xa0, 0x5c, 0x70, 0xff, 0xa0, 0x5c, 0x78, 0xff, 0xa0, 0x5c, 0x78, 0xff,
    0xa0, 0x58, 0x78, 0xff, 0xa0, 0x5c, 0x70, 0xff, 0xa0, 0x58, 0x78, 0xff,
    0xa0, 0x5c, 0x70, 0xff, 0xa0, 0x5c, 0x78, 0xff, 0xa0, 0x58, 0x78, 0xff,
    0xa0, 0x5c, 0x70, 0xff, 0xa0, 0x5c, 0x78, 0xff, 0xa0, 0x5c, 0x78, 0xff,
    0xa0, 0x58, 0x78, 0xff, 0xa0, 0x5c, 0x78, 0xff, 0xa0, 0x5c, 0x78, 0xff,
    0xa0, 0x58, 0x70, 0xff, 0xa0, 0x5c, 0x78, 0xff, 0xa0, 0x5c, 0x70, 0xff,
    0xa0, 0x5c, 0x78, 0xff, 0xa0, 0x5c, 0x70, 0xff, 0x98, 0x58, 0x78, 0xff,
    0xa0, 0x5c, 0x78, 0xff, 0xa0, 0x58, 0x70, 0xff, 0xa0, 0x5c, 0x78, 0xff,
    0xa0, 0x58, 0x78, 0xff, 0x98, 0x5c, 0x78, 0xff, 0xa0, 0x5c, 0x70, 0xff,
    0xa0, 0x5c, 0x78, 0xff, 0xa0, 0x58, 0x78, 0xff, 0xa0, 0x5c, 0x78, 0xff,
    0xa0, 0x5c, 0x70, 0xff, 0xa0, 0x5c, 0x78, 0xff, 0xa0, 0x58, 0x78, 0xff,
    0x98, 0x5c, 0x78, 0xff, 0xa0, 0x58, 0x78, 0xff, 0xa0, 0x5c, 0x78, 0xff,
    0x98, 0x5c, 0x78, 0xff, 0xa0, 0x5c, 0x78, 0xff, 0xa0, 0x5c, 0x78, 0xff,
    0xa0, 0x5c, 0x78, 0xff, 0xa0, 0x5c, 0x78, 0xff, 0xa0, 0x5c, 0x78, 0xff,
    0xa0, 0x58, 0x78, 0xff, 0xa0, 0x5c, 0x78, 0xff, 0xa0, 0x5c, 0x78, 0xff,
    0xa0, 0x5c, 0x70, 0xff, 0xa0, 0x58, 0x78, 0xff, 0xa0, 0x5c, 0x78, 0xff,
    0xa0, 0x5c, 0x78, 0xff, 0xa0, 0x58, 0x70, 0xff, 0xa0, 0x5c, 0x78, 0xff,
    0xa0, 0x5c, 0x70, 0xff, 0x98, 0x58, 0x78, 0xff, 0xa0, 0x5c, 0x78, 0xff,
    0xa0, 0x58, 0x78, 0xff, 0x98, 0x5c, 0x78, 0xff, 0xa0, 0x5c, 0x78, 0xff,
    0xa0, 0x5c, 0x78, 0xff, 0xa0, 0x5c, 0x78, 0xff, 0x98, 0x58, 0x78, 0xff,
    0xa0, 0x58, 0x70, 0xff, 0xa0, 0x5c, 0x78, 0xff, 0x98, 0x58, 0x78, 0xff,
    0xa0, 0x5c, 0x78, 0xff, 0xa0, 0x5c, 0x70, 0xff, 0x98, 0x5c, 0x78, 0xff,
    0xa0, 0x58, 0x78, 0xff, 0xa0, 0x5c, 0x78, 0xff, 0x98, 0x5c, 0x78, 0xff,
    0xa0, 0x5c, 0x78, 0xff, 0xa0, 0x58, 0x78, 0xff, 0xa0, 0x5c, 0x78, 0xff,
    0xa0, 0x5c, 0x78, 0xff, 0x98, 0x5c, 0x70, 0xff, 0xa0, 0x5c, 0x78, 0xff,
    0xa0, 0x58, 0x78, 0xff, 0x98, 0x5c, 0x70, 0xff, 0xa0, 0x5c, 0x78, 0xff,
    0xa0, 0x5c, 0x78, 0xff, 0x98, 0x5c, 0x70, 0xff, 0xa0, 0x5c, 0x78, 0xff,
    0xa0, 0x58, 0x78, 0xff, 0xa0, 0x5c, 0x70, 0xff, 0x98, 0x5c, 0x78, 0xff,
    0xa0, 0x58, 0x78, 0xff, 0xa0, 0x5c, 0x78, 0xff, 0xa0, 0x58, 0x78, 0xff,
    0xa0, 0x5c, 0x78, 0xff, 0xa0, 0x5c, 0x70, 0xff, 0xa0, 0x58, 0x78, 0xff,
    0xa0, 0x5c, 0x78, 0xff, 0xa0, 0x5c, 0x70, 0xff, 0xa0, 0x5c, 0x78, 0xff,
    0x98, 0x5c, 0x78, 0xff, 0xa0, 0x5c, 0x78, 0xff, 0xa0, 0x58, 0x78, 0xff,
    0xa0, 0x5c, 0x78, 0xff, 0xa0, 0x5c, 0x78, 0xff, 0x98, 0x5c, 0x78, 0xff,
    0xa0, 0x5c, 0x78, 0xff, 0xa0, 0x5c, 0x70, 0xff, 0x98, 0x5c, 0x78, 0xff,
    0xa0, 0x5c, 0x78, 0xff, 0xa0, 0x5c, 0x70, 0xff, 0xa0, 0x58, 0x78, 0xff,
    0xa0, 0x5c, 0x70, 0xff, 0xa0, 0x5c, 0x78, 0xff, 0xa0, 0x58, 0x78, 0xff,
    0x98, 0x58, 0x70, 0xff, 0xa0, 0x5c, 0x78, 0xff, 0xa0, 0x5c, 0x78, 0xff,
    0xa0, 0x58, 0x70, 0xff, 0xa0, 0x5c, 0x78, 0xff, 0x98, 0x5c, 0x78, 0xff,
    0xa0, 0x58, 0x78, 0xff, 0xa0, 0x5c, 0x78, 0xff, 0xa0, 0x5c, 0x78, 0xff,
    0x98, 0x5c, 0x78, 0xff, 0xa0, 0x58, 0x78, 0xff, 0xa0, 0x5c, 0x78, 0xff,
    0xa0, 0x5c, 0x78, 0xff, 0xa0, 0x5c, 0x70, 0xff, 0xa0, 0x5c, 0x78, 0xff,
    0xa0, 0x5c, 0x78, 0xff, 0xa0, 0x5c, 0x70, 0xff, 0xa0, 0x58, 0x78, 0xff,
    0xa0, 0x5c, 0x78, 0xff, 0xa0, 0x5c, 0x78, 0xff, 0xa0, 0x5c, 0x78, 0xff,
    0xa0, 0x5c, 0x78, 0xff, 0xa0, 0x5c, 0x78, 0xff, 0xa0, 0x5c, 0x70, 0xff,
    0xa0, 0x5c, 0x78, 0xff, 0xa0, 0x58, 0x78, 0xff, 0xa0, 0x5c, 0x70, 0xff,
    0xa0, 0x5c, 0x78, 0xff, 0xa0, 0x5c, 0x78, 0xff, 0xa0, 0x58, 0x70, 0xff,
    0xa0, 0x5c, 0x78, 0xff, 0xa0, 0x5c, 0x70, 0xff, 0xa0, 0x5c, 0x78, 0xff,
    0x98, 0x58, 0x78, 0xff, 0xa0, 0x5c, 0x70, 0xff, 0xa0, 0x5c, 0x78, 0xff,
    0xa0, 0x5c, 0x78, 0xff, 0xa0, 0x5c, 0x78, 0xff, 0xa0, 0x58, 0x78, 0xff,
    0xa0, 0x5c, 0x78, 0xff, 0xa0, 0x5c, 0x78, 0xff, 0xa0, 0x58, 0x78, 0xff,
    0xa0, 0x5c, 0x78, 0xff, 0xa0, 0x5c, 0x70, 0xff, 0xa0, 0x5c, 0x78, 0xff,
    0xa0, 0x5c, 0x78, 0xff, 0xa0, 0x5c, 0x70, 0xff, 0xa0, 0x5c, 0x78, 0xff,
    0xa0, 0x5c, 0x78, 0xff, 0x98, 0x58, 0x78, 0xff, 0xa0, 0x5c, 0x78, 0xff,
    0xa0, 0x5c, 0x78, 0xff, 0xa0, 0x5c, 0x78, 0xff, 0xa0, 0x58, 0x78, 0xff,
    0xa0, 0x5c, 0x78, 0xff, 0xa0, 0x5c, 0x70, 0xff, 0xa0, 0x5c, 0x70, 0xff,
    0xa0, 0x5c, 0x78, 0xff, 0xa0, 0x58, 0x78, 0xff, 0xa0, 0x5c, 0x70, 0xff,
    0xa0, 0x5c, 0x78, 0xff, 0xa0, 0x58, 0x78, 0xff, 0xa0, 0x58, 0x78, 0xff,
    0xa0, 0x5c, 0x78, 0xff, 0xa0, 0x5c, 0x70, 0xff, 0xa0, 0x5c, 0x78, 0xff,
    0xa0, 0x5c, 0x78, 0xff, 0xa0, 0x5c, 0x78, 0xff, 0xa0, 0x5c, 0x70, 0xff,
    0xa0, 0x5c, 0x78, 0xff, 0xa0, 0x5c, 0x78, 0xff, 0xa0, 0x5c, 0x70, 0xff,
    0xa0, 0x58, 0x78, 0xff, 0xa0, 0x5c, 0x78, 0xff, 0xa0, 0x5c, 0x70, 0xff,
    0xa0, 0x5c, 0x78, 0xff, 0xa0, 0x58, 0x70, 0xff, 0xa0, 0x5c, 0x78, 0xff,
    0xa0, 0x5c, 0x70, 0xff, 0xa0, 0x58, 0x70, 0xff, 0xa0, 0x5c, 0x78, 0xff,
    0x98, 0x5c, 0x78, 0xff, 0xa0, 0x58, 0x78, 0xff, 0xa0, 0x5c, 0x78, 0xff,
    0xa0, 0x5c, 0x78, 0xff, 0xa0, 0x58, 0x70, 0xff, 0xa0, 0x5c, 0x78, 0xff,
    0xa0, 0x5c, 0x78, 0xff, 0xa0, 0x58, 0x70, 0xff, 0xa0, 0x5c, 0x70, 0xff,
    0xa0, 0x58, 0x78, 0xff, 0xa0, 0x5c, 0x70, 0xff, 0xa0, 0x5c, 0x78, 0xff,
    0xa0, 0x5c, 0x78, 0xff, 0xa0, 0x5c, 0x78, 0xff, 0xa0, 0x58, 0x78, 0xff,
    0xa0, 0x5c, 0x78, 0xff, 0xa0, 0x5c, 0x78, 0xff, 0xa0, 0x5c, 0x70, 0xff,
    0xa0, 0x5c, 0x78, 0xff, 0xa0, 0x58, 0x78, 0xff, 0xa0, 0x5c, 0x70, 0xff,
    0xa0, 0x5c, 0x78, 0xff, 0xa0, 0x5c, 0x78, 0xff, 0xa0, 0x58, 0x78, 0xff,
    0xa0, 0x58, 0x78, 0xff, 0xa0, 0x5c, 0x70, 0xff, 0xa0, 0x5c, 0x78, 0xff,
    0xa0, 0x5c, 0x78, 0xff, 0xa0, 0x58, 0x70, 0xff, 0x98, 0x5c, 0x78, 0xff,
    0xa0, 0x5c, 0x78, 0xff, 0xa0, 0x58, 0x70, 0xff, 0x98, 0x5c, 0x78, 0xff,
    0xa0, 0x58, 0x78, 0xff, 0xa0, 0x5c, 0x78, 0xff, 0xa0, 0x5c, 0x78, 0xff,
    0xa0, 0x5c, 0x78, 0xff, 0xa0, 0x5c, 0x70, 0xff, 0xa0, 0x5c, 0x70, 0xff,
    0xa0, 0x58, 0x78, 0xff, 0xa0, 0x5c, 0x70, 0xff, 0x98, 0x5c, 0x78, 0xff,
    0xa0, 0x58, 0x78, 0xff, 0xa0, 0x5c, 0x78, 0xff, 0xa0, 0x58, 0x78, 0xff,
    0xa0, 0x5c, 0x78, 0xff, 0x98, 0x5c, 0x78, 0xff, 0xa0, 0x58, 0x70, 0xff,
    0xa0, 0x5c, 0x78, 0xff, 0xa0, 0x5c, 0x70, 0xff, 0xa0, 0x5c, 0x78, 0xff,
    0xa0, 0x5c, 0x78, 0xff, 0xa0, 0x58, 0x70, 0xff, 0xa0, 0x5c, 0x78, 0xff,
    0x98, 0x58, 0x78, 0xff, 0xa0, 0x5c, 0x78, 0xff, 0xa0, 0x58, 0x78, 0xff,
    0x98, 0x58, 0x78, 0xff, 0xa0, 0x5c, 0x78, 0xff, 0xa0, 0x5c, 0x78, 0xff,
    0xa0, 0x5c, 0x78, 0xff, 0x98, 0x5c, 0x78, 0xff, 0xa0, 0x5c, 0x78, 0xff,
    0xa0, 0x5c, 0x78, 0xff, 0xa0, 0x58, 0x78, 0xff, 0x98, 0x5c, 0x78, 0xff,
    0xa0, 0x5c, 0x78, 0xff, 0xa0, 0x5c, 0x78, 0xff, 0xa0, 0x5c, 0x78, 0xff,
    0xa0, 0x5c, 0x70, 0xff, 0xa0, 0x5c, 0x70, 0xff, 0xa0, 0x58, 0x78, 0xff,
    0xa0, 0x5c, 0x78, 0xff, 0x98, 0x5c, 0x70, 0xff, 0xa0, 0x58, 0x78, 0xff,
    0xa0, 0x5c, 0x78, 0xff, 0x98, 0x5c, 0x78, 0xff, 0xa0, 0x5c, 0x78, 0xff,
    0xa0, 0x5c, 0x78, 0xff, 0x98, 0x5c, 0x78, 0xff, 0xa0, 0x58, 0x78, 0xff,
    0xa0, 0x58, 0x70, 0xff, 0x98, 0x5c, 0x78, 0xff, 0xa0, 0x5c, 0x70, 0xff,
    0xa0, 0x5c, 0x78, 0xff, 0x98, 0x58, 0x78, 0xff, 0xa0, 0x5c, 0x70, 0xff,
    0xa0, 0x5c, 0x78, 0xff, 0x98, 0x58, 0x78, 0xff, 0xa0, 0x5c, 0x78, 0xff,
    0xa0, 0x5c, 0x78, 0xff, 0xa0, 0x58, 0x70, 0xff, 0xa0, 0x5c, 0x78, 0xff,
    0xa0, 0x5c, 0x78, 0xff, 0x98, 0x5c, 0x70, 0xff, 0xa0, 0x5c, 0x78, 0xff,
    0xa0, 0x58, 0x78, 0xff, 0x98, 0x5c, 0x70, 0xff, 0xa0, 0x5c, 0x78, 0xff,
    0xa0, 0x5c, 0x78, 0xff, 0xa0, 0x5c, 0x70, 0xff, 0xa0, 0x5c, 0x78, 0xff,
    0xa0, 0x5c, 0x78, 0xff, 0xa0, 0x58, 0x70, 0xff, 0xa0, 0x5c, 0x78, 0xff,
    0xa0, 0x5c, 0x78, 0xff, 0xa0, 0x5c, 0x78, 0xff, 0xa0, 0x58, 0x78, 0xff,
    0xa8, 0x6c, 0x88, 0xff, 0xa8, 0x70, 0x90, 0xff, 0xa8, 0x70, 0x90, 0xff,
    0xa0, 0x5c, 0x70, 0xff, 0xa0, 0x5c, 0x78, 0xff, 0xa0, 0x5c, 0x70, 0xff,
    0xa0, 0x5c, 0x78, 0xff, 0xa0, 0x58, 0x78, 0xff, 0xa0, 0x64, 0x80, 0xff,
    0xa8, 0x74, 0x90, 0xff, 0xa0, 0x5c, 0x78, 0xff, 0xa0, 0x58, 0x78, 0xff,
    0xa8, 0x6c, 0x88, 0xff, 0xa8, 0x70, 0x90, 0xff, 0xa0, 0x60, 0x78, 0xff,
    0xa0, 0x5c, 0x78, 0xff, 0xa0, 0x5c, 0x78, 0xff, 0xa0, 0x5c, 0x70, 0xff,
    0xa0, 0x5c, 0x70, 0xff, 0xa8, 0x6c, 0x88, 0xff, 0xa8, 0x70, 0x90, 0xff,
    0xa8, 0x64, 0x80, 0xff, 0xa0, 0x5c, 0x70, 0xff, 0xa0, 0x64, 0x80, 0xff,
    0xa8, 0x70, 0x90, 0xff, 0xb0, 0x70, 0x90, 0xff, 0xa0, 0x64, 0x80, 0xff,
    0xa0, 0x5c, 0x70, 0xff, 0xa0, 0x5c, 0x78, 0xff, 0xa0, 0x58, 0x78, 0xff,
    0x98, 0x5c, 0x78, 0xff, 0xa0, 0x5c, 0x78, 0xff, 0xa0, 0x58, 0x78, 0xff,
    0xa0, 0x5c, 0x78, 0xff, 0xa0, 0x5c, 0x70, 0xff, 0xa0, 0x5c, 0x78, 0xff,
    0xa0, 0x5c, 0x78, 0xff, 0xa0, 0x5c, 0x70, 0xff, 0xa0, 0x58, 0x78, 0xff,
    0xa0, 0x5c, 0x78, 0xff, 0xa0, 0x5c, 0x70, 0xff, 0xa8, 0x6c, 0x88, 0xff,
    0xa8, 0x70, 0x90, 0xff, 0xa0, 0x5c, 0x78, 0xff, 0xa0, 0x60, 0x78, 0xff,
    0xa8, 0x70, 0x90, 0xff, 0xa8, 0x70, 0x90, 0xff, 0xa0, 0x60, 0x78, 0xff,
    0xa0, 0x5c, 0x78, 0xff, 0xa0, 0x5c, 0x78, 0xff, 0xa8, 0x6c, 0x88, 0xff,
    0xa8, 0x70, 0x90, 0xff, 0xa8, 0x70, 0x90, 0xff, 0xa0, 0x5c, 0x78, 0xff,
    0xa0, 0x60, 0x78, 0xff, 0xa8, 0x70, 0x90, 0xff, 0xa8, 0x6c, 0x88, 0xff,
    0xa0, 0x5c, 0x78, 0xff, 0xa0, 0x5c, 0x78, 0xff, 0xa8, 0x70, 0x90, 0xff,
    0xa8, 0x70, 0x90, 0xff, 0xa0, 0x5c, 0x78, 0xff, 0xa0, 0x58, 0x78, 0xff,
    0xa0, 0x5c, 0x78, 0xff, 0xa0, 0x5c, 0x78, 0xff, 0xa0, 0x64, 0x80, 0xff,
    0xa8, 0x70, 0x90, 0xff, 0xa8, 0x64, 0x80, 0xff, 0xa0, 0x5c, 0x78, 0xff,
    0xa0, 0x5c, 0x78, 0xff, 0xa8, 0x70, 0x90, 0xff, 0xb0, 0x78, 0x98, 0xff,
    0xb0, 0x78, 0x98, 0xff, 0xa0, 0x5c, 0x78, 0xff, 0xa0, 0x5c, 0x78, 0xff,
    0xa0, 0x5c, 0x70, 0xff, 0xa0, 0x5c, 0x78, 0xff, 0xa0, 0x5c, 0x78, 0xff,
    0xa8, 0x68, 0x88, 0xff, 0xb0, 0x78, 0x98, 0xff, 0xa0, 0x5c, 0x78, 0xff,
    0xa0, 0x5c, 0x70, 0xff, 0xa8, 0x70, 0x90, 0xff, 0xb0, 0x78, 0x98, 0xff,
    0xa0, 0x64, 0x80, 0xff, 0xa0, 0x5c, 0x78, 0xff, 0xa0, 0x5c, 0x78, 0xff,
    0xa0, 0x58, 0x78, 0xff, 0xa0, 0x5c, 0x78, 0xff, 0xa8, 0x70, 0x90, 0xff,
    0xb0, 0x78, 0x98, 0xff, 0xa8, 0x6c, 0x88, 0xff, 0xa0, 0x5c, 0x78, 0xff,
    0xa8, 0x68, 0x88, 0xff, 0xb0, 0x78, 0x98, 0xff, 0xb0, 0x78, 0x98, 0xff,
    0xa8, 0x6c, 0x88, 0xff, 0xa0, 0x5c, 0x70, 0xff, 0xa0, 0x5c, 0x78, 0xff,
    0xa0, 0x5c, 0x78, 0xff, 0xa8, 0x68, 0x88, 0xff, 0xa8, 0x68, 0x88, 0xff,
    0xa0, 0x60, 0x78, 0xff, 0xa0, 0x5c, 0x78, 0xff, 0xa0, 0x5c, 0x78, 0xff,
    0xa0, 0x58, 0x78, 0xff, 0x98, 0x5c, 0x78, 0xff, 0xa0, 0x5c, 0x70, 0xff,
    0xa0, 0x58, 0x78, 0xff, 0xa0, 0x5c, 0x78, 0xff, 0xa0, 0x5c, 0x78, 0xff,
    0xa8, 0x70, 0x90, 0xff, 0xb0, 0x78, 0x98, 0xff, 0xa0, 0x5c, 0x78, 0xff,
    0xa8, 0x64, 0x80, 0xff, 0xb0, 0x78, 0x98, 0xff, 0xb0, 0x78, 0x98, 0xff,
    0xa8, 0x64, 0x80, 0xff, 0xa0, 0x5c, 0x78, 0xff, 0xa0, 0x5c, 0x70, 0xff,
    0xb0, 0x70, 0x90, 0xff, 0xb0, 0x78, 0x98, 0xff, 0xb0, 0x78, 0x98, 0xff,
    0xa0, 0x5c, 0x78, 0xff, 0xa0, 0x64, 0x80, 0xff, 0xb0, 0x78, 0x98, 0xff,
    0xb0, 0x70, 0x90, 0xff, 0xa0, 0x5c, 0x70, 0xff, 0xa0, 0x5c, 0x78, 0xff,
    0xb0, 0x78, 0x98, 0xff, 0xb0, 0x78, 0x98, 0xff, 0xa0, 0x5c, 0x70, 0xff,
    0xa0, 0x5c, 0x78, 0xff, 0xa0, 0x58, 0x78, 0xff, 0xa0, 0x5c, 0x70, 0xff,
    0xa8, 0x6c, 0x88, 0xff, 0xb0, 0x78, 0x98, 0xff, 0xa8, 0x68, 0x88, 0xff,
    0xa0, 0x5c, 0x78, 0xff, 0xa0, 0x5c, 0x70, 0xff, 0xb0, 0x74, 0x90, 0xff,
    0xb0, 0x78, 0x98, 0xff, 0xb0, 0x78, 0x98, 0xff, 0xa0, 0x5c, 0x78, 0xff,
    0xa0, 0x60, 0x78, 0xff, 0xa8, 0x68, 0x88, 0xff, 0xa8, 0x68, 0x88, 0xff,
    0xa8, 0x6c, 0x88, 0xff, 0xa8, 0x70, 0x90, 0xff, 0xb0, 0x78, 0x98, 0xff,
    0xa0, 0x5c, 0x70, 0xff, 0xa0, 0x5c, 0x78, 0xff, 0xb0, 0x70, 0x90, 0xff,
    0xb0, 0x78, 0x98, 0xff, 0xa0, 0x64, 0x78, 0xff, 0xa0, 0x5c, 0x78, 0xff,
    0xa0, 0x64, 0x78, 0xff, 0xa0, 0x64, 0x80, 0xff, 0xa0, 0x64, 0x80, 0xff,
    0xb0, 0x74, 0x90, 0xff, 0xb0, 0x78, 0x98, 0xff, 0xa8, 0x68, 0x88, 0xff,
    0xa0, 0x5c, 0x78, 0xff, 0xa8, 0x6c, 0x88, 0xff, 0xb0, 0x78, 0x98, 0xff,
    0xb0, 0x78, 0x98, 0xff, 0xa8, 0x6c, 0x88, 0xff, 0xa0, 0x5c, 0x78, 0xff,
    0xa0, 0x5c, 0x78, 0xff, 0xa0, 0x64, 0x78, 0xff, 0xb0, 0x78, 0x98, 0xff,
    0xb0, 0x78, 0x98, 0xff, 0xa0, 0x64, 0x78, 0xff, 0xa0, 0x64, 0x80, 0xff,
    0xb0, 0x78, 0x98, 0xff, 0xa8, 0x70, 0x90, 0xff, 0xa0, 0x5c, 0x78, 0xff,
    0xa0, 0x5c, 0x78, 0xff, 0xa0, 0x5c, 0x70, 0xff, 0xa0, 0x5c, 0x78, 0xff,
    0xa0, 0x5c, 0x78, 0xff, 0xa8, 0x70, 0x90, 0xff, 0xb0, 0x78, 0x98, 0xff,
    0xa0, 0x5c, 0x70, 0xff, 0xa0, 0x64, 0x80, 0xff, 0xb0, 0x78, 0x98, 0xff,
    0xb0, 0x78, 0x98, 0xff, 0xa8, 0x70, 0x88, 0xff, 0xa8, 0x68, 0x88, 0xff,
    0xa8, 0x68, 0x88, 0xff, 0xb0, 0x74, 0x90, 0xff, 0xb0, 0x78, 0x98, 0xff,
    0xb0, 0x78, 0x98, 0xff, 0xa0, 0x5c, 0x70, 0xff, 0xa8, 0x64, 0x80, 0xff,
    0xb0, 0x78, 0x98, 0xff, 0xb0, 0x74, 0x90, 0xff, 0xa0, 0x5c, 0x78, 0xff,
    0xa0, 0x5c, 0x70, 0xff, 0xb0, 0x78, 0x98, 0xff, 0xb0, 0x78, 0x98, 0xff,
    0xa0, 0x5c, 0x70, 0xff, 0xa0, 0x5c, 0x78, 0xff, 0xa0, 0x5c, 0x78, 0xff,
    0xa0, 0x5c, 0x70, 0xff, 0xa8, 0x68, 0x88, 0xff, 0xb0, 0x78, 0x98, 0xff,
    0xa8, 0x6c, 0x88, 0xff, 0xa8, 0x68, 0x88, 0xff, 0xa8, 0x68, 0x88, 0xff,
    0xb0, 0x74, 0x90, 0xff, 0xb0, 0x78, 0x98, 0xff, 0xb0, 0x78, 0x98, 0xff,
    0xa0, 0x5c, 0x70, 0xff, 0xa0, 0x64, 0x80, 0xff, 0xb0, 0x78, 0x98, 0xff,
    0xb0, 0x78, 0x98, 0xff, 0xb0, 0x78, 0x90, 0xff, 0xb0, 0x78, 0x98, 0xff,
    0xb0, 0x78, 0x98, 0xff, 0xa0, 0x5c, 0x78, 0xff, 0xa0, 0x5c, 0x78, 0xff,
    0xb0, 0x74, 0x90, 0xff, 0xb0, 0x78, 0x98, 0xff, 0xa8, 0x64, 0x80, 0xff,
    0xa0, 0x5c, 0x78, 0xff, 0xb0, 0x78, 0x98, 0xff, 0xb0, 0x78, 0x98, 0xff,
    0xb0, 0x78, 0x98, 0xff, 0xb0, 0x78, 0x98, 0xff, 0xb0, 0x78, 0x90, 0xff,
    0xb0, 0x78, 0x98, 0xff, 0xb0, 0x78, 0x98, 0xff, 0xb0, 0x78, 0x90, 0xff,
    0xb0, 0x78, 0x98, 0xff, 0xb0, 0x78, 0x98, 0xff, 0xa8, 0x68, 0x88, 0xff,
    0xa0, 0x5c, 0x70, 0xff, 0xa0, 0x5c, 0x78, 0xff, 0xa0, 0x64, 0x80, 0xff,
    0xb0, 0x78, 0x98, 0xff, 0xb0, 0x78, 0x98, 0xff, 0xa8, 0x64, 0x80, 0xff,
    0xa0, 0x64, 0x78, 0xff, 0xb0, 0x78, 0x98, 0xff, 0xb0, 0x70, 0x90, 0xff,
    0xa0, 0x5c, 0x70, 0xff, 0xa0, 0x5c, 0x78, 0xff, 0xa0, 0x64, 0x80, 0xff,
    0xa8, 0x68, 0x88, 0xff, 0xa8, 0x68, 0x88, 0xff, 0xb0, 0x74, 0x90, 0xff,
    0xb0, 0x78, 0x98, 0xff, 0xa0, 0x5c, 0x78, 0xff, 0xa8, 0x64, 0x78, 0xff,
    0xb0, 0x78, 0x98, 0xff, 0xb0, 0x78, 0x98, 0xff, 0xb0, 0x78, 0x98, 0xff,
    0xb0, 0x78, 0x98, 0xff, 0xb0, 0x78, 0x98, 0xff, 0xb0, 0x7c, 0x98, 0xff,
    0xb0, 0x78, 0x98, 0xff, 0xb0, 0x78, 0x98, 0xff, 0xa0, 0x5c, 0x70, 0xff,
    0xa0, 0x64, 0x80, 0xff, 0xb0, 0x78, 0x98, 0xff, 0xa8, 0x70, 0x90, 0xff,
    0xa0, 0x5c, 0x78, 0xff, 0xa0, 0x5c, 0x78, 0xff, 0xb0, 0x78, 0x98, 0xff,
    0xb0, 0x78, 0x98, 0xff, 0xa0, 0x5c, 0x78, 0xff, 0xa0, 0x5c, 0x78, 0xff,
    0xa8, 0x68, 0x88, 0xff, 0xa8, 0x68, 0x88, 0xff, 0xa8, 0x74, 0x90, 0xff,
    0xb0, 0x78, 0x98, 0xff, 0xa8, 0x6c, 0x88, 0xff, 0xb0, 0x78, 0x98, 0xff,
    0xb0, 0x78, 0x98, 0xff, 0xb0, 0x78, 0x98, 0xff, 0xb0, 0x78, 0x98, 0xff,
    0xb0, 0x78, 0x98, 0xff, 0xa0, 0x5c, 0x78, 0xff, 0xa0, 0x64, 0x78, 0xff,
    0xb0, 0x78, 0x98, 0xff, 0xb0, 0x78, 0x98, 0xff, 0xb0, 0x78, 0x98, 0xff,
    0xb0, 0x78, 0x98, 0xff, 0xb0, 0x78, 0x98, 0xff, 0xb0, 0x78, 0x98, 0xff,
    0xb0, 0x78, 0x98, 0xff, 0xb0, 0x78, 0x98, 0xff, 0xb0, 0x78, 0x98, 0xff,
    0xa0, 0x64, 0x78, 0xff, 0xa0, 0x5c, 0x78, 0xff, 0xb0, 0x78, 0x98, 0xff,
    0xb0, 0x78, 0x98, 0xff, 0xb0, 0x78, 0x98, 0xff, 0xb0, 0x78, 0x98, 0xff,
    0xb0, 0x78, 0x98, 0xff, 0xb0, 0x7c, 0x98, 0xff, 0xb0, 0x78, 0x98, 0xff,
    0xb0, 0x78, 0x98, 0xff, 0xb0, 0x7c, 0x98, 0xff, 0xb0, 0x78, 0x98, 0xff,
    0xa8, 0x6c, 0x88, 0xff, 0xa0, 0x5c, 0x70, 0xff, 0xa0, 0x58, 0x78, 0xff,
    0xa8, 0x64, 0x80, 0xff, 0xb0, 0x78, 0x98, 0xff, 0xb0, 0x78, 0x98, 0xff,
    0xa8, 0x64, 0x80, 0xff, 0xa8, 0x64, 0x80, 0xff, 0xb0, 0x78, 0x98, 0xff,
    0xb0, 0x70, 0x90, 0xff, 0xa0, 0x5c, 0x78, 0xff, 0xa0, 0x5c, 0x78, 0xff,
    0xa8, 0x70, 0x90, 0xff, 0xb0, 0x78, 0x98, 0xff, 0xb0, 0x78, 0x98, 0xff,
    0xb0, 0x78, 0x98, 0xff, 0xb0, 0x78, 0x98, 0xff, 0xa0, 0x5c, 0x78, 0xff,
    0xa8, 0x64, 0x80, 0xff, 0xb0, 0x78, 0x98, 0xff, 0xb0, 0x78, 0x98, 0xff,
    0xb0, 0x7c, 0x98, 0xff, 0xb0, 0x78, 0x98, 0xff, 0xb0, 0x78, 0x98, 0xff,
    0xb0, 0x7c, 0x98, 0xff, 0xb0, 0x78, 0x98, 0xff, 0xb0, 0x78, 0x98, 0xff,
    0xa8, 0x64, 0x80, 0xff, 0xa8, 0x68, 0x80, 0xff, 0xb0, 0x78, 0x98, 0xff,
    0xb0, 0x70, 0x90, 0xff, 0xa0, 0x5c, 0x70, 0xff, 0xa0, 0x5c, 0x78, 0xff,
    0xb0, 0x78, 0x98, 0xff, 0xb0, 0x78, 0x98, 0xff, 0xa0, 0x5c, 0x70, 0xff,
    0xa0, 0x5c, 0x78, 0xff, 0xb0, 0x78, 0x98, 0xff, 0xb0, 0x78, 0x98, 0xff,
    0xb0, 0x78, 0x98, 0xff, 0xb0, 0x78, 0x98, 0xff, 0xa8, 0x68, 0x88, 0xff,
    0xb0, 0x78, 0x98, 0xff, 0xb0, 0x78, 0x98, 0xff, 0xb0, 0x7c, 0x98, 0xff,
    0xb0, 0x7c, 0x98, 0xff, 0xb0, 0x78, 0x98, 0xff, 0xa0, 0x5c, 0x78, 0xff,
    0xa8, 0x64, 0x80, 0xff, 0xb0, 0x78, 0x98, 0xff, 0xb0, 0x78, 0x98, 0xff,
    0xb0, 0x7c, 0x98, 0xff, 0xb0, 0x7c, 0x98, 0xff, 0xb0, 0x78, 0x90, 0xff,
    0xb0, 0x78, 0x98, 0xff, 0xb0, 0x78, 0x98, 0xff, 0xb0, 0x78, 0x90, 0xff,
    0xb0, 0x78, 0x98, 0xff, 0xa8, 0x64, 0x80, 0xff, 0xa0, 0x5c, 0x70, 0xff,
    0xb0, 0x78, 0x98, 0xff, 0xb0, 0x78, 0x98, 0xff, 0xb0, 0x78, 0x90, 0xff,
    0xb0, 0x78, 0x98, 0xff, 0xb0, 0x7c, 0x98, 0xff, 0xb0, 0x78, 0x98, 0xff,
    0xb0, 0x78, 0x98, 0xff, 0xb0, 0x78, 0x98, 0xff, 0xb0, 0x78, 0x90, 0xff,
    0xb0, 0x78, 0x98, 0xff, 0xa8, 0x70, 0x88, 0xff, 0xa8, 0x64, 0x80, 0xff,
    0xa0, 0x64, 0x80, 0xff, 0xa8, 0x68, 0x80, 0xff, 0xb0, 0x78, 0x98, 0xff,
    0xb0, 0x78, 0x98, 0xff, 0xb0, 0x78, 0x98, 0xff, 0xb0, 0x78, 0x98, 0xff,
    0xb0, 0x78, 0x98, 0xff, 0xa8, 0x74, 0x90, 0xff, 0xa0, 0x5c, 0x70, 0xff,
    0xa0, 0x5c, 0x78, 0xff, 0xb0, 0x70, 0x90, 0xff, 0xb0, 0x78, 0x98, 0xff,
    0xb0, 0x7c, 0x90, 0xff, 0xb0, 0x7c, 0x98, 0xff, 0xb0, 0x78, 0x98, 0xff,
    0xa0, 0x5c, 0x70, 0xff, 0xa0, 0x64, 0x80, 0xff, 0xb0, 0x78, 0x98, 0xff,
    0xb0, 0x78, 0x90, 0xff, 0xb0, 0x78, 0x98, 0xff, 0xb0, 0x78, 0x98, 0xff,
    0xb0, 0x78, 0x90, 0xff, 0xb0, 0x78, 0x98, 0xff, 0xb0, 0x78, 0x98, 0xff,
    0xb0, 0x78, 0x98, 0xff, 0xb0, 0x78, 0x98, 0xff, 0xb0, 0x78, 0x98, 0xff,
    0xb0, 0x78, 0x98, 0xff, 0xb0, 0x78, 0x90, 0xff, 0xb0, 0x74, 0x90, 0xff,
    0xa8, 0x70, 0x90, 0xff, 0xb0, 0x78, 0x98, 0xff, 0xb0, 0x78, 0x98, 0xff,
    0xa0, 0x5c, 0x70, 0xff, 0xa0, 0x5c, 0x78, 0xff, 0xb0, 0x78, 0x98, 0xff,
    0xb0, 0x78, 0x98, 0xff, 0xb0, 0x78, 0x98, 0xff, 0xb0, 0x78, 0x98, 0xff,
    0xb0, 0x74, 0x90, 0xff, 0xb0, 0x78, 0x98, 0xff, 0xb0, 0x78, 0x98, 0xff,
    0xb0, 0x78, 0x98, 0xff, 0xb0, 0x78, 0x90, 0xff, 0xb0, 0x78, 0x98, 0xff,
    0xa0, 0x5c, 0x70, 0xff, 0xa8, 0x64, 0x80, 0xff, 0xb0, 0x78, 0x98, 0xff,
    0xb0, 0x78, 0x98, 0xff, 0xb0, 0x78, 0x98, 0xff, 0xb0, 0x78, 0x98, 0xff,
    0xb0, 0x7c, 0x98, 0xff, 0xb0, 0x78, 0x98, 0xff, 0xb0, 0x7c, 0x98, 0xff,
    0xb0, 0x78, 0x98, 0xff, 0xb0, 0x78, 0x98, 0xff, 0xa8, 0x64, 0x80, 0xff,
    0xa0, 0x5c, 0x78, 0xff, 0xb0, 0x78, 0x98, 0xff, 0xb0, 0x78, 0x98, 0xff,
    0xb0, 0x78, 0x98, 0xff, 0xb0, 0x7c, 0x98, 0xff, 0xb8, 0x78, 0x98, 0xff,
    0xb0, 0x78, 0x90, 0xff, 0xb0, 0x7c, 0x98, 0xff, 0xb0, 0x78, 0x98, 0xff,
    0xb0, 0x78, 0x98, 0xff, 0xb0, 0x78, 0x98, 0xff, 0xb0, 0x78, 0x98, 0xff,
    0xb0, 0x78, 0x98, 0xff, 0xb0, 0x78, 0x98, 0xff, 0xb0, 0x78, 0x98, 0xff,
    0xb0, 0x78, 0x98, 0xff, 0xb0, 0x78, 0x90, 0xff, 0xb0, 0x78, 0x98, 0xff,
    0xb0, 0x78, 0x98, 0xff, 0xb0, 0x78, 0x90, 0xff, 0xb0, 0x74, 0x90, 0xff,
    0xa0, 0x5c, 0x78, 0xff, 0xa0, 0x5c, 0x70, 0xff, 0xa8, 0x70, 0x90, 0xff,
    0xb0, 0x78, 0x98, 0xff, 0xb0, 0x78, 0x98, 0xff, 0xb0, 0x78, 0x98, 0xff,
    0xb0, 0x78, 0x98, 0xff, 0xa8, 0x6c, 0x88, 0xff, 0xa8, 0x70, 0x88, 0xff,
    0xb0, 0x78, 0x98, 0xff, 0xb0, 0x78, 0x98, 0xff, 0xb0, 0x7c, 0x98, 0xff,
    0xb0, 0x78, 0x98, 0xff, 0xb0, 0x7c, 0x98, 0xff, 0xb0, 0x78, 0x98, 0xff,
    0xb0, 0x7c, 0x98, 0xff, 0xb0, 0x7c, 0x90, 0xff, 0xb0, 0x78, 0x98, 0xff,
    0xb0, 0x78, 0x98, 0xff, 0xb0, 0x7c, 0x98, 0xff, 0xb0, 0x78, 0x98, 0xff,
    0xb0, 0x78, 0x98, 0xff, 0xb0, 0x78, 0x98, 0xff, 0xb0, 0x78, 0x98, 0xff,
    0xb0, 0x78, 0x98, 0xff, 0xa0, 0x5c, 0x78, 0xff, 0xa0, 0x5c, 0x70, 0xff,
    0xb0, 0x78, 0x98, 0xff, 0xb0, 0x78, 0x98, 0xff, 0xb0, 0x7c, 0x90, 0xff,
    0xb0, 0x78, 0x98, 0xff, 0xb0, 0x78, 0x98, 0xff, 0xb0, 0x78, 0x98, 0xff,
    0xb0, 0x78, 0x98, 0xff, 0xb0, 0x7c, 0x98, 0xff, 0xb0, 0x78, 0x98, 0xff,
    0xb0, 0x78, 0x98, 0xff, 0xa0, 0x5c, 0x78, 0xff, 0xa0, 0x64, 0x78, 0xff,
    0xb0, 0x78, 0x98, 0xff, 0xb0, 0x78, 0x98, 0xff, 0xb0, 0x78, 0x90, 0xff,
    0xb0, 0x78, 0x98, 0xff, 0xb0, 0x78, 0x98, 0xff, 0xb0, 0x78, 0x98, 0xff,
    0xb0, 0x7c, 0x98, 0xff, 0xb0, 0x78, 0x98, 0xff, 0xb0, 0x78, 0x98, 0xff,
    0xb0, 0x78, 0x98, 0xff, 0xb0, 0x78, 0x98, 0xff, 0xb0, 0x78, 0x98, 0xff,
    0xb0, 0x78, 0x98, 0xff, 0xb0, 0x7c, 0x98, 0xff, 0xb0, 0x78, 0x98, 0xff,
    0xb0, 0x78, 0x98, 0xff, 0xb0, 0x78, 0x98, 0xff, 0xb0, 0x78, 0x98, 0xff,
    0xb8, 0x7c, 0x98, 0xff, 0xb0, 0x78, 0x98, 0xff, 0xb0, 0x78, 0x98, 0xff,
    0xb0, 0x78, 0x98, 0xff, 0xb0, 0x78, 0x98, 0xff, 0xb0, 0x78, 0x98, 0xff,
    0xb0, 0x78, 0x98, 0xff, 0xb0, 0x7c, 0x98, 0xff, 0xb0, 0x78, 0x98, 0xff,
    0xb0, 0x7c, 0x98, 0xff, 0xb0, 0x78, 0x98, 0xff, 0xb0, 0x78, 0x98, 0xff,
    0xb0, 0x74, 0x90, 0xff, 0xa0, 0x64, 0x80, 0xff, 0xa0, 0x64, 0x80, 0xff,
    0xb0, 0x74, 0x90, 0xff, 0xb0, 0x78, 0x98, 0xff, 0xb0, 0x78, 0x98, 0xff,
    0xb0, 0x78, 0x98, 0xff, 0xb0, 0x78, 0x98, 0xff, 0xb0, 0x78, 0x98, 0xff,
    0xb0, 0x78, 0x98, 0xff, 0xb0, 0x78, 0x98, 0xff, 0xb0, 0x78, 0x98, 0xff,
    0xb8, 0x78, 0x98, 0xff, 0xb0, 0x7c, 0x98, 0xff, 0xb0, 0x78, 0x98, 0xff,
    0xb0, 0x78, 0x98, 0xff, 0xb0, 0x78, 0x98, 0xff, 0xb0, 0x78, 0x98, 0xff,
    0xb0, 0x78, 0x98, 0xff, 0xb0, 0x7c, 0x98, 0xff, 0xb0, 0x78, 0x98, 0xff,
    0xb0, 0x78, 0x98, 0xff, 0xb0, 0x78, 0x98, 0xff, 0xb0, 0x7c, 0x90, 0xff,
    0xb0, 0x78, 0x98, 0xff, 0xb0, 0x78, 0x98, 0xff, 0xa0, 0x5c, 0x78, 0xff,
    0xa0, 0x5c, 0x78, 0xff, 0xb0, 0x78, 0x98, 0xff, 0xb0, 0x78, 0x98, 0xff,
    0xb0, 0x7c, 0x98, 0xff, 0xb0, 0x78, 0x98, 0xff, 0xb0, 0x78, 0x98, 0xff,
    0xb0, 0x78, 0x98, 0xff, 0xb0, 0x78, 0x98, 0xff, 0xb0, 0x7c, 0x98, 0xff,
    0xb0, 0x78, 0x98, 0xff, 0xb0, 0x78, 0x98, 0xff, 0xb0, 0x74, 0x90, 0xff,
    0xb0, 0x74, 0x90, 0xff, 0xb0, 0x78, 0x98, 0xff, 0xb0, 0x78, 0x98, 0xff,
    0xb0, 0x7c, 0x98, 0xff, 0xb8, 0x7c, 0x98, 0xff, 0xb0, 0x78, 0x98, 0xff,
    0xb0, 0x78, 0x90, 0xff, 0xb0, 0x78, 0x98, 0xff, 0xb0, 0x78, 0x98, 0xff,
    0xb0, 0x7c, 0x90, 0xff, 0xb0, 0x78, 0x98, 0xff, 0xb0, 0x78, 0x98, 0xff,
    0xb0, 0x78, 0x90, 0xff, 0xb0, 0x7c, 0x98, 0xff, 0xb0, 0x78, 0x98, 0xff,
    0xb8, 0x78, 0x90, 0xff, 0xb0, 0x78, 0x98, 0xff, 0xb0, 0x7c, 0x98, 0xff,
    0xb0, 0x78, 0x98, 0xff, 0xb0, 0x78, 0x90, 0xff, 0xb0, 0x7c, 0x98, 0xff,
    0xb0, 0x78, 0x98, 0xff, 0xb8, 0x7c, 0x90, 0xff, 0xb0, 0x78, 0x98, 0xff,
    0xb0, 0x78, 0x98, 0xff, 0xb0, 0x7c, 0x90, 0xff, 0xb0, 0x78, 0x98, 0xff,
    0xb0, 0x78, 0x98, 0xff, 0xb0, 0x78, 0x98, 0xff, 0xb0, 0x7c, 0x98, 0xff,
    0xb0, 0x78, 0x98, 0xff, 0xb0, 0x78, 0x98, 0xff, 0xb0, 0x78, 0x98, 0xff,
    0xb0, 0x78, 0x98, 0xff, 0xb0, 0x78, 0x98, 0xff, 0xb0, 0x78, 0x98, 0xff,
    0xb0, 0x7c, 0x90, 0xff, 0xb0, 0x7c, 0x98, 0xff, 0xb0, 0x78, 0x98, 0xff,
    0xb0, 0x78, 0x90, 0xff, 0xb8, 0x78, 0x98, 0xff, 0xb0, 0x7c, 0x98, 0xff,
    0xb0, 0x78, 0x90, 0xff, 0xb0, 0x78, 0x98, 0xff, 0xb0, 0x78, 0x98, 0xff,
    0xb0, 0x78, 0x90, 0xff, 0xb8, 0x78, 0x98, 0xff, 0xb0, 0x7c, 0x98, 0xff,
    0xb0, 0x78, 0x98, 0xff, 0xb0, 0x78, 0x98, 0xff, 0xb0, 0x78, 0x90, 0xff,
    0xb0, 0x78, 0x98, 0xff, 0xb0, 0x78, 0x98, 0xff, 0xb0, 0x7c, 0x98, 0xff,
    0xb0, 0x78, 0x98, 0xff, 0xb0, 0x78, 0x98, 0xff, 0xb0, 0x78, 0x98, 0xff,
    0xa8, 0x64, 0x78, 0xff, 0xa0, 0x64, 0x80, 0xff, 0xb0, 0x78, 0x98, 0xff,
    0xb0, 0x78, 0x98, 0xff, 0xb0, 0x78, 0x98, 0xff, 0xb0, 0x78, 0x98, 0xff,
    0xb0, 0x78, 0x98, 0xff, 0xb0, 0x78, 0x98, 0xff, 0xb0, 0x78, 0x98, 0xff,
    0xb0, 0x78, 0x90, 0xff, 0xb0, 0x78, 0x98, 0xff, 0xb0, 0x78, 0x98, 0xff,
    0xb0, 0x78, 0x98, 0xff, 0xb0, 0x78, 0x98, 0xff, 0xb0, 0x78, 0x98, 0xff,
    0xb0, 0x78, 0x98, 0xff, 0xb0, 0x78, 0x98, 0xff, 0xb0, 0x78, 0x98, 0xff,
    0xb0, 0x78, 0x98, 0xff, 0xb8, 0x7c, 0x98, 0xff, 0xb0, 0x78, 0x98, 0xff,
    0xb0, 0x78, 0x98, 0xff, 0xb0, 0x78, 0x98, 0xff, 0xb0, 0x7c, 0x98, 0xff,
    0xb0, 0x78, 0x98, 0xff, 0xb0, 0x78, 0x98, 0xff, 0xb0, 0x78, 0x98, 0xff,
    0xb0, 0x78, 0x98, 0xff, 0xb0, 0x78, 0x98, 0xff, 0xb0, 0x7c, 0x98, 0xff,
    0xb0, 0x78, 0x98, 0xff, 0xb0, 0x78, 0x98, 0xff, 0xb0, 0x78, 0x98, 0xff,
    0xb0, 0x78, 0x98, 0xff, 0xb0, 0x7c, 0x98, 0xff, 0xb0, 0x78, 0x98, 0xff,
    0xb0, 0x78, 0x98, 0xff, 0xb0, 0x7c, 0x98, 0xff, 0xb0, 0x78, 0x98, 0xff,
    0xb0, 0x78, 0x98, 0xff, 0xb0, 0x78, 0x98, 0xff, 0xb0, 0x78, 0x90, 0xff,
    0xb0, 0x78, 0x98, 0xff, 0xb0, 0x78, 0x98, 0xff, 0xb0, 0x78, 0x90, 0xff,
    0xb0, 0x78, 0x98, 0xff, 0xb0, 0x78, 0x98, 0xff, 0xb0, 0x78, 0x98, 0xff,
    0xb0, 0x78, 0x98, 0xff, 0xb0, 0x78, 0x98, 0xff, 0xb8, 0x78, 0x98, 0xff,
    0xb0, 0x7c, 0x98, 0xff, 0xb0, 0x78, 0x98, 0xff, 0xb0, 0x78, 0x98, 0xff,
    0xb0, 0x7c, 0x98, 0xff, 0xb0, 0x78, 0x98, 0xff, 0xb0, 0x78, 0x98, 0xff,
    0xb0, 0x7c, 0x98, 0xff, 0xb0, 0x78, 0x98, 0xff, 0xb0, 0x78, 0x98, 0xff,
    0xb0, 0x7c, 0x90, 0xff, 0xb8, 0x78, 0x98, 0xff, 0xb0, 0x78, 0x98, 0xff,
    0xb0, 0x7c, 0x98, 0xff, 0xb8, 0x78, 0x98, 0xff, 0xb0, 0x78, 0x98, 0xff,
    0xb0, 0x78, 0x98, 0xff, 0xb0, 0x78, 0x98, 0xff, 0xb0, 0x7c, 0x98, 0xff,
    0xb0, 0x78, 0x98, 0xff, 0xb0, 0x78, 0x98, 0xff, 0xb0, 0x78, 0x98, 0xff,
    0xb0, 0x78, 0x90, 0xff, 0xb0, 0x78, 0x98, 0xff, 0xb0, 0x7c, 0x98, 0xff,
    0xb0, 0x78, 0x90, 0xff, 0xb0, 0x78, 0x98, 0xff, 0xb0, 0x78, 0x98, 0xff,
    0xb0, 0x78, 0x98, 0xff, 0xb0, 0x7c, 0x98, 0xff, 0xb8, 0x78, 0x98, 0xff,
    0xb0, 0x78, 0x98, 0xff, 0xb0, 0x7c, 0x90, 0xff, 0xb0, 0x78, 0x98, 0xff,
    0xb0, 0x78, 0x98, 0xff, 0xb0, 0x7c, 0x90, 0xff, 0xb0, 0x78, 0x98, 0xff,
    0xb0, 0x78, 0x98, 0xff, 0xb0, 0x78, 0x90, 0xff, 0xb0, 0x7c, 0x98, 0xff,
    0xb0, 0x78, 0x98, 0xff, 0xb0, 0x78, 0x98, 0xff, 0xb8, 0x7c, 0x98, 0xff,
    0xb0, 0x78, 0x90, 0xff, 0xb0, 0x78, 0x98, 0xff, 0xb8, 0x7c, 0x98, 0xff,
    0xb0, 0x78, 0x98, 0xff, 0xb0, 0x78, 0x90, 0xff, 0xb0, 0x7c, 0x98, 0xff,
    0xb0, 0x78, 0x98, 0xff, 0xb8, 0x78, 0x90, 0xff, 0xb0, 0x7c, 0x98, 0xff,
    0xb0, 0x78, 0x98, 0xff, 0xb8, 0x78, 0x98, 0xff, 0xb0, 0x78, 0x98, 0xff,
    0xb0, 0x78, 0x98, 0xff, 0xb0, 0x78, 0x98, 0xff, 0xb8, 0x78, 0x98, 0xff,
    0xb0, 0x78, 0x98, 0xff, 0xb0, 0x7c, 0x98, 0xff, 0xb8, 0x7c, 0x98, 0xff,
    0xb0, 0x78, 0x98, 0xff, 0xb0, 0x78, 0x98, 0xff, 0xb8, 0x7c, 0x98, 0xff,
    0xb0, 0x78, 0x98, 0xff, 0xb0, 0x78, 0x98, 0xff, 0xb0, 0x7c, 0x98, 0xff,
    0xb8, 0x78, 0x90, 0xff, 0xb0, 0x7c, 0x98, 0xff, 0xb0, 0x78, 0x98, 0xff,
    0xb0, 0x78, 0x98, 0xff, 0xb0, 0x78, 0x98, 0xff, 0xb0, 0x78, 0x98, 0xff,
    0xb0, 0x78, 0x98, 0xff, 0xb0, 0x78, 0x98, 0xff, 0xb8, 0x78, 0x98, 0xff,
    0xb0, 0x7c, 0x98, 0xff, 0xb0, 0x78, 0x98, 0xff, 0xb8, 0x78, 0x98, 0xff,
    0xb0, 0x78, 0x98, 0xff, 0xb0, 0x78, 0x98, 0xff, 0xb0, 0x78, 0x98, 0xff,
    0xb0, 0x7c, 0x98, 0xff, 0xb0, 0x78, 0x98, 0xff, 0xb0, 0x78, 0x90, 0xff,
    0xb0, 0x7c, 0x98, 0xff, 0xb0, 0x78, 0x98, 0xff, 0xb8, 0x78, 0x90, 0xff,
    0xb0, 0x78, 0x98, 0xff, 0xb0, 0x7c, 0x98, 0xff, 0xb0, 0x78, 0x98, 0xff,
    0xb0, 0x78, 0x98, 0xff, 0xb0, 0x7c, 0x98, 0xff, 0xb0, 0x78, 0x98, 0xff,
    0xb0, 0x78, 0x98, 0xff, 0xb0, 0x7c, 0x98, 0xff, 0xb0, 0x78, 0x98, 0xff,
    0xb0, 0x78, 0x98, 0xff, 0xb0, 0x78, 0x98, 0xff, 0xb0, 0x7c, 0x98, 0xff,
    0xb0, 0x78, 0x98, 0xff, 0xb0, 0x78, 0x98, 0xff, 0xb0, 0x7c, 0x98, 0xff,
    0xb8, 0x78, 0x98, 0xff, 0xb0, 0x78, 0x98, 0xff, 0xb0, 0x7c, 0x98, 0xff,
    0xb8, 0x78, 0x98, 0xff, 0xb0, 0x78, 0x98, 0xff, 0xb0, 0x7c, 0x98, 0xff,
    0xb0, 0x78, 0x98, 0xff, 0xb0, 0x78, 0x98, 0xff, 0xb0, 0x78, 0x90, 0xff,
    0xb0, 0x78, 0x98, 0xff, 0xb0, 0x78, 0x98, 0xff, 0xb0, 0x78, 0x98, 0xff,
    0xb0, 0x7c, 0x98, 0xff, 0xb0, 0x78, 0x98, 0xff, 0xb8, 0x78, 0x98, 0xff,
    0xb0, 0x7c, 0x98, 0xff, 0xb0, 0x78, 0x98, 0xff, 0xb0, 0x78, 0x98, 0xff,
    0xb0, 0x78, 0x98, 0xff, 0xb0, 0x7c, 0x98, 0xff, 0xb0, 0x78, 0x90, 0xff,
    0xb0, 0x78, 0x98, 0xff, 0xb0, 0x7c, 0x98, 0xff, 0xb0, 0x7c, 0x90, 0xff,
    0xb0, 0x78, 0x98, 0xff, 0xb0, 0x78, 0x98, 0xff, 0xb0, 0x78, 0x90, 0xff,
    0xb0, 0x78, 0x98, 0xff, 0xb0, 0x78, 0x98, 0xff, 0xb0, 0x7c, 0x98, 0xff,
    0xb0, 0x78, 0x98, 0xff, 0xb0, 0x78, 0x98, 0xff, 0xb0, 0x7c, 0x98, 0xff,
    0xb0, 0x78, 0x98, 0xff, 0xb0, 0x78, 0x98, 0xff, 0xb0, 0x78, 0x98, 0xff,
    0xb0, 0x7c, 0x98, 0xff, 0xb0, 0x78, 0x90, 0xff, 0xb0, 0x78, 0x98, 0xff,
    0xb8, 0x7c, 0x98, 0xff, 0xb0, 0x7c, 0x90, 0xff, 0xb0, 0x78, 0x98, 0xff,
    0xb0, 0x78, 0x98, 0xff, 0xb0, 0x78, 0x90, 0xff, 0xb0, 0x7c, 0x98, 0xff,
    0xb0, 0x78, 0x98, 0xff, 0xb0, 0x7c, 0x98, 0xff, 0xb0, 0x78, 0x98, 0xff,
    0xb0, 0x78, 0x98, 0xff, 0xb0, 0x78, 0x98, 0xff, 0xb0, 0x78, 0x98, 0xff,
    0xb0, 0x7c, 0x98, 0xff, 0xb0, 0x78, 0x98, 0xff, 0xb0, 0x78, 0x98, 0xff,
    0xb0, 0x7c, 0x98, 0xff, 0xb0, 0x78, 0x98, 0xff, 0xb0, 0x78, 0x90, 0xff,
    0xb0, 0x78, 0x98, 0xff, 0xb0, 0x78, 0x98, 0xff, 0xb8, 0x7c, 0x98, 0xff,
    0xb0, 0x78, 0x98, 0xff, 0xb0, 0x78, 0x98, 0xff, 0xb8, 0x78, 0x98, 0xff,
    0xb0, 0x78, 0x98, 0xff, 0xb0, 0x78, 0x98, 0xff, 0xb0, 0x78, 0x98, 0xff,
    0xb0, 0x78, 0x90, 0xff, 0xb0, 0x78, 0x98, 0xff, 0xb0, 0x78, 0x98, 0xff,
    0xb0, 0x78, 0x98, 0xff, 0xb0, 0x78, 0x98, 0xff, 0xb0, 0x78, 0x98, 0xff,
    0xb0, 0x78, 0x98, 0xff, 0xb0, 0x78, 0x98, 0xff, 0xb0, 0x7c, 0x98, 0xff,
    0xb0, 0x78, 0x98, 0xff, 0xb8, 0x78, 0x98, 0xff, 0xb0, 0x7c, 0x98, 0xff,
    0xb0, 0x78, 0x98, 0xff, 0xb0, 0x7c, 0x98, 0xff, 0xb0, 0x78, 0x98, 0xff,
    0xb0, 0x78, 0x98, 0xff, 0xb0, 0x78, 0x90, 0xff, 0xb0, 0x78, 0x98, 0xff,
    0xb0, 0x78, 0x98, 0xff, 0xb0, 0x78, 0x98, 0xff, 0xb0, 0x78, 0x98, 0xff,
    0xb0, 0x78, 0x98, 0xff, 0xb0, 0x78, 0x98, 0xff, 0xb8, 0x7c, 0x98, 0xff,
    0xb0, 0x78, 0x98, 0xff, 0xb0, 0x78, 0x98, 0xff, 0xb8, 0x78, 0x98, 0xff,
    0xb0, 0x78, 0x98, 0xff, 0xb0, 0x7c, 0x98, 0xff, 0xb0, 0x78, 0x98, 0xff,
    0xb0, 0x78, 0x98, 0xff, 0xb0, 0x78, 0x98, 0xff, 0xb0, 0x7c, 0x98, 0xff,
    0xb0, 0x78, 0x90, 0xff, 0xb0, 0x78, 0x98, 0xff, 0xb0, 0x78, 0x98, 0xff,
    0xb8, 0x78, 0x90, 0xff, 0xb0, 0x78, 0x98, 0xff, 0xb0, 0x78, 0x98, 0xff,
    0xb0, 0x78, 0x98, 0xff, 0xb8, 0x7c, 0x98, 0xff, 0xb0, 0x78, 0x98, 0xff,
    0xb0, 0x78, 0x98, 0xff, 0xb0, 0x78, 0x98, 0xff, 0xb0, 0x78, 0x98, 0xff,
    0xb0, 0x7c, 0x98, 0xff, 0xb0, 0x78, 0x98, 0xff, 0xb0, 0x78, 0x98, 0xff,
    0xb0, 0x78, 0x98, 0xff, 0xb0, 0x78, 0x90, 0xff, 0xb0, 0x7c, 0x98, 0xff,
    0xb8, 0x78, 0x98, 0xff, 0xb0, 0x78, 0x90, 0xff, 0xb0, 0x7c, 0x98, 0xff,
    0xb8, 0x78, 0x98, 0xff, 0xb0, 0x78, 0x98, 0xff, 0xb0, 0x78, 0x98, 0xff,
    0xb8, 0x78, 0x90, 0xff, 0xb0, 0x7c, 0x98, 0xff, 0xb0, 0x78, 0x98, 0xff,
    0xb0, 0x78, 0x98, 0xff, 0xb0, 0x7c, 0x98, 0xff, 0xb0, 0x78, 0x98, 0xff,
    0xb0, 0x78, 0x90, 0xff, 0xb0, 0x78, 0x98, 0xff, 0xb0, 0x7c, 0x98, 0xff,
    0xb0, 0x78, 0x90, 0xff, 0xb0, 0x78, 0x98, 0xff, 0xb0, 0x78, 0x98, 0xff,
    0xb0, 0x78, 0x98, 0xff, 0xb0, 0x7c, 0x98, 0xff, 0xb8, 0x78, 0x98, 0xff,
    0xb0, 0x7c, 0x98, 0xff, 0xb0, 0x78, 0x90, 0xff, 0xb0, 0x7c, 0x98, 0xff,
    0xb0, 0x78, 0x98, 0xff, 0xb0, 0x78, 0x90, 0xff, 0xb0, 0x7c, 0x98, 0xff,
    0xb0, 0x78, 0x98, 0xff, 0xb0, 0x78, 0x90, 0xff, 0xb0, 0x78, 0x98, 0xff,
    0xb0, 0x78, 0x98, 0xff, 0xb8, 0x78, 0x98, 0xff, 0xb0, 0x7c, 0x98, 0xff,
    0xb0, 0x78, 0x98, 0xff, 0xb8, 0x78, 0x98, 0xff, 0xb0, 0x7c, 0x98, 0xff,
    0xb0, 0x7c, 0x98, 0xff, 0xb0, 0x78, 0x98, 0xff, 0xb0, 0x7c, 0x90, 0xff,
    0xb8, 0x78, 0x98, 0xff, 0xb0, 0x7c, 0x98, 0xff, 0xb0, 0x78, 0x90, 0xff,
    0xb0, 0x78, 0x98, 0xff, 0xb0, 0x7c, 0x98, 0xff, 0xb0, 0x78, 0x98, 0xff,
    0xb0, 0x78, 0x98, 0xff, 0xb0, 0x78, 0x98, 0xff, 0xb0, 0x78, 0x98, 0xff,
    0xb8, 0x7c, 0x90, 0xff, 0xb0, 0x78, 0x98, 0xff, 0xb0, 0x78, 0x98, 0xff,
    0xb8, 0x78, 0x98, 0xff, 0xb0, 0x7c, 0x98, 0xff, 0xb0, 0x78, 0x98, 0xff,
    0xb0, 0x7c, 0x98, 0xff, 0xb0, 0x78, 0x98, 0xff, 0xb0, 0x7c, 0x98, 0xff,
    0xb0, 0x78, 0x90, 0xff, 0xb0, 0x78, 0x98, 0xff, 0xb0, 0x78, 0x98, 0xff,
    0xb0, 0x7c, 0x98, 0xff, 0xb0, 0x78, 0x98, 0xff, 0xb0, 0x78, 0x98, 0xff,
    0xb0, 0x78, 0x98, 0xff, 0xb8, 0x78, 0x98, 0xff, 0xb0, 0x7c, 0x98, 0xff,
    0xb0, 0x78, 0x98, 0xff, 0xb8, 0x78, 0x98, 0xff, 0xb0, 0x78, 0x98, 0xff,
    0xb0, 0x78, 0x98, 0xff, 0xb0, 0x78, 0x98, 0xff, 0xb0, 0x7c, 0x98, 0xff,
    0xb0, 0x78, 0x98, 0xff, 0xb0, 0x78, 0x90, 0xff, 0xb0, 0x7c, 0x98, 0xff,
    0xb0, 0x78, 0x98, 0xff, 0xb0, 0x78, 0x98, 0xff, 0xb0, 0x78, 0x98, 0xff,
    0xb0, 0x78, 0x98, 0xff, 0xb8, 0x78, 0x98, 0xff, 0xb0, 0x7c, 0x98, 0xff,
    0xb0, 0x78, 0x98, 0xff, 0xb0, 0x78, 0x98, 0xff, 0xb0, 0x78, 0x98, 0xff,
    0xb0, 0x7c, 0x98, 0xff, 0xb0, 0x78, 0x98, 0xff, 0xb0, 0x78, 0x98, 0xff,
    0xb0, 0x78, 0x98, 0xff, 0xb0, 0x78, 0x98, 0xff, 0xb0, 0x7c, 0x98, 0xff,
    0xb0, 0x78, 0x98, 0xff, 0xb0, 0x78, 0x98, 0xff, 0xb0, 0x7c, 0x98, 0xff,
    0xb8, 0x78, 0x98, 0xff, 0xb0, 0x78, 0x98, 0xff, 0xb0, 0x7c, 0x98, 0xff,
    0xb8, 0x78, 0x98, 0xff, 0xb0, 0x78, 0x98, 0xff, 0xb0, 0x7c, 0x98, 0xff,
    0xb0, 0x78, 0x98, 0xff, 0xb0, 0x78, 0x90, 0xff, 0xb0, 0x78, 0x98, 0xff,
    0xb0, 0x78, 0x98, 0xff, 0xb0, 0x7c, 0x90, 0xff, 0xb0, 0x78, 0x98, 0xff,
    0xb0, 0x78, 0x98, 0xff, 0xb0, 0x78, 0x98, 0xff, 0xb8, 0x78, 0x98, 0xff,
    0xb0, 0x78, 0x98, 0xff, 0xb0, 0x7c, 0x98, 0xff, 0xb0, 0x78, 0x98, 0xff,
    0xb0, 0x78, 0x98, 0xff, 0xb0, 0x78, 0x98, 0xff, 0xb0, 0x78, 0x98, 0xff,
    0xb0, 0x7c, 0x90, 0xff, 0xb0, 0x78, 0x98, 0xff, 0xb0, 0x78, 0x98, 0xff,
    0xb0, 0x7c, 0x98, 0xff, 0xb0, 0x78, 0x98, 0xff, 0xb0, 0x78, 0x98, 0xff,
    0xb0, 0x7c, 0x98, 0xff, 0xb0, 0x78, 0x90, 0xff, 0xb0, 0x78, 0x98, 0xff,
    0xb8, 0x78, 0x98, 0xff, 0xb0, 0x78, 0x98, 0xff, 0xb0, 0x7c, 0x98, 0xff,
    0xb0, 0x78, 0x98, 0xff, 0xb0, 0x78, 0x98, 0xff, 0xb8, 0x7c, 0x98, 0xff,
    0xb0, 0x78, 0x98, 0xff, 0xb0, 0x78, 0x90, 0xff, 0xb0, 0x7c, 0x98, 0xff,
    0xb0, 0x78, 0x98, 0xff, 0xb0, 0x78, 0x90, 0xff, 0xb0, 0x7c, 0x98, 0xff,
    0xb0, 0x78, 0x98, 0xff, 0xb0, 0x78, 0x90, 0xff, 0xb0, 0x7c, 0x98, 0xff,
    0xb0, 0x7c, 0x98, 0xff, 0xb0, 0x78, 0x98, 0xff, 0xb0, 0x78, 0x98, 0xff,
    0xb0, 0x78, 0x98, 0xff, 0xb0, 0x78, 0x98, 0xff, 0xb0, 0x78, 0x98, 0xff,
    0xb0, 0x7c, 0x98, 0xff, 0xb0, 0x78, 0x98, 0xff, 0xb0, 0x78, 0x98, 0xff,
    0xb0, 0x7c, 0x98, 0xff, 0xb0, 0x78, 0x90, 0xff, 0xb0, 0x78, 0x98, 0xff,
    0xb0, 0x78, 0x98, 0xff, 0xb8, 0x7c, 0x90, 0xff, 0xb0, 0x78, 0x98, 0xff,
    0xb0, 0x78, 0x98, 0xff, 0xb8, 0x78, 0x98, 0xff, 0xb0, 0x78, 0x98, 0xff,
    0xb0, 0x78, 0x98, 0xff, 0xb0, 0x78, 0x98, 0xff, 0xb0, 0x78, 0x98, 0xff,
    0xb0, 0x78, 0x90, 0xff, 0xb0, 0x78, 0x98, 0xff, 0xb0, 0x78, 0x98, 0xff,
    0xb0, 0x78, 0x98, 0xff, 0xb0, 0x78, 0x98, 0xff, 0xb0, 0x78, 0x98, 0xff,
    0xb0, 0x78, 0x98, 0xff, 0xb0, 0x78, 0x98, 0xff, 0xb0, 0x78, 0x98, 0xff,
    0xb8, 0x7c, 0x98, 0xff, 0xb0, 0x78, 0x98, 0xff, 0xb0, 0x7c, 0x98, 0xff,
    0xb0, 0x78, 0x98, 0xff, 0xb0, 0x78, 0x98, 0xff, 0xb0, 0x78, 0x98, 0xff,
    0xb0, 0x78, 0x98, 0xff, 0xb0, 0x78, 0x98, 0xff, 0xb0, 0x7c, 0x90, 0xff,
    0xb0, 0x78, 0x98, 0xff, 0xb0, 0x78, 0x98, 0xff, 0xb0, 0x78, 0x98, 0xff,
    0xb0, 0x78, 0x98, 0xff, 0xb8, 0x7c, 0x98, 0xff, 0xb0, 0x78, 0x98, 0xff,
    0xb0, 0x78, 0x98, 0xff, 0xb8, 0x78, 0x98, 0xff, 0xb0, 0x7c, 0x98, 0xff,
    0xb0, 0x78, 0x90, 0xff, 0xb8, 0x78, 0x98, 0xff, 0xb0, 0x78, 0x98, 0xff,
    0xb0, 0x78, 0x98, 0xff, 0xb0, 0x7c, 0x98, 0xff, 0xb0, 0x78, 0x98, 0xff,
    0xb0, 0x78, 0x98, 0xff, 0xb0, 0x78, 0x98, 0xff, 0xb0, 0x78, 0x90, 0xff,
    0xb0, 0x78, 0x98, 0xff, 0xb8, 0x78, 0x98, 0xff, 0xb0, 0x78, 0x98, 0xff,
    0xb0, 0x7c, 0x98, 0xff, 0xb0, 0x78, 0x98, 0xff, 0xb0, 0x78, 0x98, 0xff,
    0xb8, 0x78, 0x98, 0xff, 0xb0, 0x7c, 0x98, 0xff, 0xb0, 0x78, 0x98, 0xff,
    0xb0, 0x78, 0x98, 0xff, 0xb0, 0x78, 0x98, 0xff, 0xb0, 0x78, 0x98, 0xff,
    0xb0, 0x78, 0x98, 0xff, 0xb0, 0x78, 0x98, 0xff, 0xb8, 0x7c, 0x90, 0xff,
    0xb0, 0x78, 0x98, 0xff, 0xb0, 0x7c, 0x98, 0xff, 0xb8, 0x78, 0x90, 0xff,
    0xb0, 0x78, 0x98, 0xff, 0xb0, 0x78, 0x98, 0xff, 0xb8, 0x78, 0x90, 0xff,
    0xb0, 0x7c, 0x98, 0xff, 0xb0, 0x78, 0x98, 0xff, 0xb8, 0x7c, 0x98, 0xff,
    0xb0, 0x78, 0x98, 0xff, 0xb0, 0x78, 0x98, 0xff, 0xb0, 0x78, 0x98, 0xff,
    0xb0, 0x7c, 0x98, 0xff, 0xb0, 0x78, 0x98, 0xff, 0xb0, 0x78, 0x90, 0xff,
    0xb0, 0x7c, 0x98, 0xff, 0xb0, 0x78, 0x98, 0xff, 0xb0, 0x78, 0x98, 0xff,
    0xb0, 0x78, 0x98, 0xff, 0xb8, 0x7c, 0x98, 0xff, 0xb0, 0x78, 0x98, 0xff,
    0xb0, 0x78, 0x98, 0xff, 0xb8, 0x7c, 0x90, 0xff, 0xb0, 0x78, 0x98, 0xff,
    0xb0, 0x7c, 0x98, 0xff, 0xb0, 0x78, 0x90, 0xff, 0xb0, 0x78, 0x98, 0xff,
    0xb0, 0x7c, 0x98, 0xff, 0xb0, 0x78, 0x90, 0xff, 0xb0, 0x78, 0x98, 0xff,
    0xb0, 0x78, 0x98, 0xff, 0xb8, 0x7c, 0x98, 0xff, 0xb0, 0x78, 0x98, 0xff,
    0xb0, 0x7c, 0x98, 0xff, 0xb8, 0x78, 0x98, 0xff, 0xb0, 0x78, 0x98, 0xff,
    0xb0, 0x7c, 0x98, 0xff, 0xb0, 0x78, 0x98, 0xff, 0xb0, 0x78, 0x98, 0xff,
    0xb0, 0x7c, 0x90, 0xff, 0xb0, 0x78, 0x98, 0xff, 0xb0, 0x78, 0x98, 0xff,
    0xb0, 0x7c, 0x90, 0xff, 0xb0, 0x78, 0x98, 0xff, 0xb0, 0x78, 0x98, 0xff,
    0xb0, 0x78, 0x98, 0xff, 0xb0, 0x7c, 0x98, 0xff, 0xb0, 0x78, 0x98, 0xff,
    0xb0, 0x78, 0x98, 0xff, 0xb0, 0x7c, 0x90, 0xff, 0xb8, 0x78, 0x98, 0xff,
    0xb0, 0x78, 0x98, 0xff, 0xb0, 0x7c, 0x98, 0xff, 0xb0, 0x7c, 0x98, 0xff,
    0xb0, 0x78, 0x98, 0xff, 0xb0, 0x78, 0x98, 0xff, 0xb0, 0x7c, 0x98, 0xff,
    0xb0, 0x78, 0x90, 0xff, 0xb0, 0x78, 0x98, 0xff, 0xb0, 0x78, 0x98, 0xff,
    0xb0, 0x78, 0x98, 0xff, 0xb0, 0x78, 0x90, 0xff, 0xb0, 0x78, 0x98, 0xff,
    0xb8, 0x7c, 0x98, 0xff, 0xb0, 0x78, 0x98, 0xff, 0xb0, 0x78, 0x90, 0xff,
    0xb8, 0x7c, 0x98, 0xff, 0xb0, 0x78, 0x98, 0xff, 0xb0, 0x78, 0x98, 0xff,
    0xb0, 0x78, 0x98, 0xff, 0xb0, 0x78, 0x98, 0xff, 0xb0, 0x78, 0x98, 0xff,
    0xb0, 0x7c, 0x98, 0xff, 0xb0, 0x78, 0x98, 0xff, 0xb0, 0x78, 0x98, 0xff,
    0xb0, 0x7c, 0x98, 0xff, 0xb0, 0x78, 0x98, 0xff, 0xb0, 0x78, 0x98, 0xff,
    0xb0, 0x78, 0x98, 0xff, 0xb0, 0x7c, 0x98, 0xff, 0xb0, 0x78, 0x98, 0xff,
    0xb0, 0x78, 0x98, 0xff, 0xb0, 0x78, 0x98, 0xff, 0xb0, 0x7c, 0x98, 0xff,
    0xb0, 0x78, 0x98, 0xff, 0xb0, 0x78, 0x98, 0xff, 0xb0, 0x78, 0x98, 0xff,
    0xb0, 0x78, 0x98, 0xff, 0xb0, 0x78, 0x98, 0xff, 0xb0, 0x7c, 0x98, 0xff,
    0xb0, 0x78, 0x98, 0xff, 0xb0, 0x78, 0x98, 0xff, 0xb0, 0x7c, 0x98, 0xff,
    0xb0, 0x78, 0x98, 0xff, 0xb0, 0x78, 0x98, 0xff, 0xb8, 0x7c, 0x98, 0xff,
    0xb0, 0x78, 0x98, 0xff, 0xb0, 0x78, 0x98, 0xff, 0xb0, 0x78, 0x98, 0xff,
    0xb0, 0x78, 0x98, 0xff, 0xb0, 0x78, 0x98, 0xff, 0xb0, 0x78, 0x90, 0xff,
    0xb0, 0x78, 0x98, 0xff, 0xb0, 0x7c, 0x98, 0xff, 0xb0, 0x78, 0x90, 0xff,
    0xb0, 0x78, 0x98, 0xff, 0xb8, 0x78, 0x98, 0xff, 0xb0, 0x78, 0x98, 0xff,
    0xb0, 0x7c, 0x98, 0xff, 0xb8, 0x78, 0x98, 0xff, 0xb0, 0x78, 0x98, 0xff,
    0xb0, 0x78, 0x98, 0xff, 0xb0, 0x78, 0x98, 0xff, 0xb0, 0x7c, 0x98, 0xff,
    0xb0, 0x78, 0x98, 0xff, 0xb0, 0x78, 0x90, 0xff, 0xb0, 0x78, 0x98, 0xff,
    0xb0, 0x78, 0x98, 0xff, 0xb0, 0x7c, 0x98, 0xff, 0xb0, 0x78, 0x98, 0xff,
    0xb0, 0x78, 0x98, 0xff, 0xb0, 0x78, 0x98, 0xff, 0xb8, 0x78, 0x90, 0xff,
    0xb0, 0x78, 0x98, 0xff, 0xb0, 0x78, 0x98, 0xff, 0xb8, 0x7c, 0x98, 0xff,
    0xb0, 0x78, 0x98, 0xff, 0xb0, 0x78, 0x98, 0xff, 0xb0, 0x7c, 0x98, 0xff,
    0xb8, 0x78, 0x98, 0xff, 0xb0, 0x7c, 0x98, 0xff, 0xb0, 0x78, 0x98, 0xff,
    0xb0, 0x78, 0x98, 0xff, 0xb0, 0x78, 0x98, 0xff, 0xb0, 0x7c, 0x98, 0xff,
    0xb0, 0x78, 0x98, 0xff, 0xb0, 0x78, 0x98, 0xff, 0xb0, 0x7c, 0x98, 0xff,
    0xb0, 0x78, 0x90, 0xff, 0xb0, 0x78, 0x98, 0xff, 0xb0, 0x7c, 0x98, 0xff,
    0xb0, 0x78, 0x98, 0xff, 0xb0, 0x78, 0x98, 0xff, 0xb8, 0x7c, 0x98, 0xff,
    0xb0, 0x78, 0x98, 0xff, 0xb0, 0x78, 0x98, 0xff, 0xb0, 0x78, 0x98, 0xff,
    0xb0, 0x78, 0x90, 0xff, 0xb0, 0x78, 0x98, 0xff, 0xb0, 0x78, 0x98, 0xff,
    0xb8, 0x7c, 0x90, 0xff, 0xb0, 0x78, 0x98, 0xff, 0xb0, 0x78, 0x98, 0xff,
    0xb8, 0x78, 0x98, 0xff, 0xb0, 0x7c, 0x98, 0xff, 0xb0, 0x78, 0x98, 0xff,
    0xb0, 0x78, 0x98, 0xff, 0xb0, 0x78, 0x98, 0xff, 0xb0, 0x78, 0x98, 0xff,
    0xb0, 0x78, 0x90, 0xff, 0xb0, 0x78, 0x98, 0xff, 0xb0, 0x78, 0x98, 0xff,
    0xb0, 0x78, 0x98, 0xff, 0xb0, 0x78, 0x90, 0xff, 0xb0, 0x78, 0x98, 0xff,
    0xb0, 0x78, 0x98, 0xff, 0xb0, 0x78, 0x98, 0xff, 0xb8, 0x7c, 0x98, 0xff,
    0xb0, 0x78, 0x98, 0xff, 0xb0, 0x7c, 0x98, 0xff, 0xb8, 0x78, 0x98, 0xff,
    0xb0, 0x78, 0x98, 0xff, 0xb0, 0x78, 0x98, 0xff, 0xb0, 0x78, 0x98, 0xff,
    0xb0, 0x7c, 0x98, 0xff, 0xb0, 0x78, 0x98, 0xff, 0xb0, 0x78, 0x98, 0xff,
    0xb0, 0x7c, 0x90, 0xff, 0xb0, 0x78, 0x98, 0xff, 0xb0, 0x78, 0x98, 0xff,
    0xb0, 0x7c, 0x98, 0xff, 0xb0, 0x78, 0x98, 0xff, 0xb8, 0x78, 0x98, 0xff,
    0xb0, 0x78, 0x98, 0xff, 0xb0, 0x7c, 0x98, 0xff, 0xb8, 0x78, 0x98, 0xff,
    0xb0, 0x78, 0x98, 0xff, 0xb0, 0x7c, 0x98, 0xff, 0xb8, 0x78, 0x98, 0xff,
    0xb0, 0x78, 0x98, 0xff, 0xb0, 0x78, 0x98, 0xff, 0xb0, 0x7c, 0x98, 0xff,
    0xb0, 0x78, 0x98, 0xff, 0xb0, 0x78, 0x98, 0xff, 0xb0, 0x78, 0x98, 0xff,
    0xb0, 0x78, 0x90, 0xff, 0xb0, 0x78, 0x98, 0xff, 0xb0, 0x78, 0x98, 0xff,
    0xb0, 0x78, 0x90, 0xff, 0xb0, 0x7c, 0x98, 0xff, 0xb0, 0x78, 0x98, 0xff,
    0xb0, 0x78, 0x98, 0xff, 0xb0, 0x7c, 0x90, 0xff, 0xb0, 0x78, 0x98, 0xff,
    0xb0, 0x78, 0x98, 0xff, 0xb0, 0x78, 0x98, 0xff, 0xb0, 0x78, 0x98, 0xff,
    0xb8, 0x78, 0x98, 0xff, 0xb0, 0x7c, 0x98, 0xff, 0xb0, 0x78, 0x98, 0xff,
    0xb8, 0x78, 0x98, 0xff, 0xb0, 0x78, 0x90, 0xff, 0xb0, 0x78, 0x98, 0xff,
    0xb0, 0x78, 0x98, 0xff, 0xb0, 0x7c, 0x90, 0xff, 0xb0, 0x78, 0x98, 0xff,
    0xb8, 0x7c, 0x98, 0xff, 0xb0, 0x78, 0x98, 0xff, 0xb0, 0x78, 0x98, 0xff,
    0xb0, 0x78, 0x98, 0xff, 0xb0, 0x78, 0x98, 0xff, 0xb0, 0x7c, 0x98, 0xff,
    0xb0, 0x78, 0x90, 0xff, 0xb0, 0x78, 0x98, 0xff, 0xb0, 0x78, 0x98, 0xff,
    0xb0, 0x7c, 0x90, 0xff, 0xb0, 0x78, 0x98, 0xff, 0xb0, 0x78, 0x98, 0xff,
    0xb0, 0x78, 0x98, 0xff, 0xb0, 0x7c, 0x98, 0xff, 0xb8, 0x7c, 0x98, 0xff,
    0xb0, 0x78, 0x98, 0xff, 0xb0, 0x78, 0x98, 0xff, 0xb8, 0x7c, 0x98, 0xff,
    0xb0, 0x78, 0x98, 0xff, 0xb0, 0x78, 0x90, 0xff, 0xb0, 0x7c, 0x98, 0xff,
    0xb0, 0x78, 0x98, 0xff, 0xb0, 0x78, 0x90, 0xff, 0xb0, 0x78, 0x98, 0xff,
    0xb0, 0x7c, 0x98, 0xff, 0xb0, 0x7c, 0x98, 0xff, 0xb8, 0x78, 0x98, 0xff,
    0xb0, 0x78, 0x90, 0xff, 0xb0, 0x78, 0x98, 0xff, 0xb8, 0x7c, 0x98, 0xff,
    0xb0, 0x78, 0x98, 0xff, 0xb0, 0x78, 0x98, 0xff, 0xb0, 0x78, 0x98, 0xff,
    0xb0, 0x78, 0x90, 0xff, 0xb0, 0x78, 0x98, 0xff, 0xb0, 0x7c, 0x98, 0xff,
    0xb0, 0x78, 0x90, 0xff, 0xb0, 0x78, 0x98, 0xff, 0xb0, 0x78, 0x98, 0xff,
    0xb0, 0x7c, 0x98, 0xff, 0xb0, 0x78, 0x98, 0xff, 0xb0, 0x78, 0x90, 0xff,
    0xb0, 0x78, 0x98, 0xff, 0xb0, 0x78, 0x98, 0xff, 0xb0, 0x7c, 0x90, 0xff,
    0xb0, 0x78, 0x98, 0xff, 0xb0, 0x78, 0x98, 0xff, 0xb0, 0x7c, 0x98, 0xff,
    0xb0, 0x7c, 0x98, 0xff, 0xb0, 0x78, 0x98, 0xff, 0xb0, 0x7c, 0x98, 0xff,
    0xb8, 0x78, 0x98, 0xff, 0xb0, 0x78, 0x98, 0xff, 0xb0, 0x78, 0x98, 0xff,
    0xb0, 0x78, 0x98, 0xff, 0xb8, 0x78, 0x98, 0xff, 0xb0, 0x7c, 0x98, 0xff,
    0xb0, 0x78, 0x98, 0xff, 0xb8, 0x78, 0x90, 0xff, 0xb0, 0x7c, 0x98, 0xff,
    0xb0, 0x78, 0x98, 0xff, 0xb0, 0x78, 0x90, 0xff, 0xb0, 0x78, 0x98, 0xff,
    0xb0, 0x7c, 0x98, 0xff, 0xb0, 0x78, 0x98, 0xff, 0xb0, 0x7c, 0x98, 0xff,
    0xb0, 0x78, 0x98, 0xff, 0xb0, 0x78, 0x98, 0xff, 0xb0, 0x78, 0x98, 0xff,
    0xb0, 0x78, 0x98, 0xff, 0xb0, 0x78, 0x98, 0xff, 0xb0, 0x7c, 0x98, 0xff,
    0xb8, 0x7c, 0x98, 0xff, 0xb0, 0x78, 0x98, 0xff, 0xb0, 0x78, 0x98, 0xff,
    0xb0, 0x78, 0x98, 0xff, 0xb0, 0x7c, 0x98, 0xff, 0xb0, 0x78, 0x98, 0xff,
    0xb8, 0x78, 0x98, 0xff, 0xb0, 0x78, 0x98, 0xff, 0xb0, 0x78, 0x98, 0xff,
    0xb0, 0x78, 0x98, 0xff, 0xb0, 0x78, 0x98, 0xff, 0xb0, 0x78, 0x98, 0xff,
    0xb0, 0x78, 0x98, 0xff, 0xb0, 0x78, 0x90, 0xff, 0xb0, 0x7c, 0x98, 0xff,
    0xb0, 0x78, 0x98, 0xff, 0xb0, 0x78, 0x98, 0xff, 0xb0, 0x7c, 0x98, 0xff,
    0xb0, 0x78, 0x98, 0xff, 0xb0, 0x78, 0x98, 0xff, 0xb0, 0x78, 0x98, 0xff,
    0xb0, 0x78, 0x98, 0xff, 0xb0, 0x78, 0x90, 0xff, 0xb0, 0x78, 0x98, 0xff,
    0xb0, 0x7c, 0x98, 0xff, 0xb0, 0x78, 0x98, 0xff, 0xb0, 0x78, 0x98, 0xff,
    0xb0, 0x78, 0x98, 0xff, 0xb0, 0x78, 0x98, 0xff, 0xb0, 0x7c, 0x98, 0xff,
    0xb8, 0x78, 0x98, 0xff, 0xb0, 0x78, 0x98, 0xff, 0xb0, 0x78, 0x98, 0xff,
    0xb8, 0x78, 0x98, 0xff, 0xb0, 0x7c, 0x98, 0xff, 0xb0, 0x78, 0x98, 0xff,
    0xb0, 0x78, 0x90, 0xff, 0xb0, 0x78, 0x98, 0xff, 0xb8, 0x78, 0x98, 0xff,
    0xb0, 0x7c, 0x98, 0xff, 0xb0, 0x78, 0x98, 0xff, 0xb0, 0x78, 0x98, 0xff,
    0xb8, 0x78, 0x98, 0xff, 0xb0, 0x78, 0x98, 0xff, 0xb0, 0x78, 0x98, 0xff,
    0xb8, 0x78, 0x90, 0xff, 0xb0, 0x78, 0x98, 0xff, 0xb0, 0x78, 0x98, 0xff,
    0xb0, 0x7c, 0x98, 0xff, 0xb0, 0x78, 0x98, 0xff, 0xb0, 0x78, 0x98, 0xff,
    0xb0, 0x7c, 0x90, 0xff, 0xb0, 0x78, 0x98, 0xff, 0xb0, 0x78, 0x98, 0xff,
    0xb0, 0x78, 0x98, 0xff, 0xb0, 0x78, 0x98, 0xff, 0xb0, 0x7c, 0x98, 0xff,
    0xb0, 0x78, 0x98, 0xff, 0xb0, 0x78, 0x98, 0xff, 0xb0, 0x7c, 0x98, 0xff,
    0xb0, 0x78, 0x98, 0xff, 0xb0, 0x78, 0x98, 0xff, 0xb0, 0x78, 0x98, 0xff,
    0xb8, 0x78, 0x98, 0xff, 0xb0, 0x7c, 0x98, 0xff, 0xb0, 0x78, 0x98, 0xff,
    0xb8, 0x78, 0x98, 0xff, 0xb0, 0x7c, 0x98, 0xff, 0xb0, 0x78, 0x90, 0xff,
    0xb0, 0x78, 0x98, 0xff, 0xb0, 0x78, 0x98, 0xff, 0xb0, 0x7c, 0x90, 0xff,
    0xb0, 0x78, 0x98, 0xff, 0xb8, 0x78, 0x98, 0xff, 0xb0, 0x78, 0x98, 0xff,
    0xb0, 0x7c, 0x98, 0xff, 0xb0, 0x78, 0x98, 0xff, 0xb0, 0x78, 0x98, 0xff,
    0xb0, 0x78, 0x98, 0xff, 0xb0, 0x78, 0x98, 0xff, 0xb0, 0x78, 0x98, 0xff,
    0xb0, 0x7c, 0x98, 0xff, 0xb0, 0x78, 0x98, 0xff, 0xb0, 0x78, 0x98, 0xff,
    0xb0, 0x78, 0x98, 0xff, 0xb0, 0x78, 0x98, 0xff, 0xb8, 0x78, 0x98, 0xff,
    0xb0, 0x78, 0x98, 0xff, 0xb0, 0x78, 0x98, 0xff, 0xb8, 0x7c, 0x98, 0xff,
    0xb0, 0x7c, 0x98, 0xff, 0xb0, 0x78, 0x98, 0xff, 0xb8, 0x78, 0x98, 0xff,
    0xb0, 0x78, 0x98, 0xff, 0xb0, 0x78, 0x98, 0xff, 0xb0, 0x7c, 0x98, 0xff,
    0xb0, 0x78, 0x98, 0xff, 0xb0, 0x78, 0x90, 0xff, 0xb0, 0x7c, 0x98, 0xff,
    0xb0, 0x78, 0x98, 0xff, 0xb0, 0x78, 0x98, 0xff, 0xb0, 0x7c, 0x98, 0xff,
    0xb0, 0x78, 0x98, 0xff, 0xb0, 0x78, 0x90, 0xff, 0xb0, 0x7c, 0x98, 0xff,
    0xb0, 0x78, 0x98, 0xff, 0xb8, 0x78, 0x98, 0xff, 0xb0, 0x7c, 0x98, 0xff,
    0xb0, 0x78, 0x98, 0xff, 0xb0, 0x78, 0x98, 0xff, 0xb0, 0x7c, 0x98, 0xff,
    0xb0, 0x78, 0x98, 0xff, 0xb0, 0x7c, 0x98, 0xff, 0xb0, 0x78, 0x98, 0xff,
    0xb0, 0x7c, 0x98, 0xff, 0xb0, 0x78, 0x98, 0xff, 0xb0, 0x78, 0x98, 0xff,
    0xb8, 0x78, 0x98, 0xff, 0xb0, 0x78, 0x90, 0xff, 0xb0, 0x78, 0x98, 0xff,
    0xb0, 0x7c, 0x98, 0xff, 0xb0, 0x78, 0x98, 0xff, 0xb8, 0x78, 0x98, 0xff,
    0xb0, 0x7c, 0x98, 0xff, 0xb0, 0x78, 0x90, 0xff, 0xb0, 0x78, 0x98, 0xff,
    0xb0, 0x78, 0x98, 0xff, 0xb8, 0x78, 0x98, 0xff, 0xb0, 0x78, 0x98, 0xff,
    0xb0, 0x7c, 0x98, 0xff, 0xb8, 0x78, 0x98, 0xff, 0xb0, 0x78, 0x90, 0xff,
    0xb0, 0x78, 0x98, 0xff, 0xb0, 0x78, 0x98, 0xff, 0xb0, 0x7c, 0x90, 0xff,
    0xb0, 0x78, 0x98, 0xff, 0xb0, 0x78, 0x98, 0xff, 0xb0, 0x7c, 0x98, 0xff,
    0xb0, 0x78, 0x98, 0xff, 0xb0, 0x78, 0x98, 0xff, 0xb0, 0x78, 0x98, 0xff,
    0xb0, 0x78, 0x98, 0xff, 0xb0, 0x7c, 0x98, 0xff, 0xb0, 0x78, 0x90, 0xff,
    0xb0, 0x78, 0x98, 0xff, 0xb0, 0x78, 0x98, 0xff, 0xb0, 0x7c, 0x90, 0xff,
    0xb0, 0x78, 0x98, 0xff, 0xb0, 0x78, 0x98, 0xff, 0xb0, 0x78, 0x98, 0xff,
    0xb0, 0x78, 0x98, 0xff, 0x98, 0x7c, 0x80, 0xff, 0xb8, 0x8c, 0x88, 0xff,
    0xc8, 0x98, 0x90, 0xff, 0xb0, 0x7c, 0x98, 0xff, 0xb0, 0x7c, 0x98, 0xff,
    0xb0, 0x78, 0x90, 0xff, 0xb0, 0x78, 0x98, 0xff, 0xb0, 0x78, 0x98, 0xff,
    0xc0, 0x88, 0x90, 0xff, 0xc8, 0x98, 0x90, 0xff, 0xb0, 0x7c, 0x98, 0xff,
    0xb0, 0x78, 0x98, 0xff, 0xc8, 0x90, 0x90, 0xff, 0xc8, 0x98, 0x90, 0xff,
    0xb8, 0x80, 0x98, 0xff, 0xb0, 0x7c, 0x98, 0xff, 0xb8, 0x78, 0x98, 0xff,
    0xb0, 0x78, 0x98, 0xff, 0xb0, 0x78, 0x90, 0xff, 0xc8, 0x90, 0x90, 0xff,
    0xc8, 0x9c, 0x90, 0xff, 0xc0, 0x88, 0x90, 0xff, 0xb0, 0x78, 0x98, 0xff,
    0xc0, 0x88, 0x90, 0xff, 0xc8, 0x98, 0x90, 0xff, 0xc8, 0x9c, 0x90, 0xff,
    0xc0, 0x88, 0x90, 0xff, 0xb0, 0x78, 0x98, 0xff, 0xb0, 0x78, 0x98, 0xff,
    0xb0, 0x78, 0x90, 0xff, 0xb8, 0x78, 0x98, 0xff, 0xb0, 0x78, 0x98, 0xff,
    0xb0, 0x7c, 0x90, 0xff, 0xb0, 0x78, 0x98, 0xff, 0xb0, 0x78, 0x98, 0xff,
    0xb0, 0x7c, 0x98, 0xff, 0xb0, 0x7c, 0x98, 0xff, 0xb0, 0x78, 0x98, 0xff,
    0xb0, 0x78, 0x98, 0xff, 0xb8, 0x78, 0x98, 0xff, 0xb0, 0x78, 0x98, 0xff,
    0xc0, 0x94, 0x90, 0xff, 0xc8, 0x98, 0x90, 0xff, 0xb0, 0x78, 0x98, 0xff,
    0xb8, 0x84, 0x98, 0xff, 0xc8, 0x98, 0x90, 0xff, 0xc8, 0x98, 0x90, 0xff,
    0xb8, 0x84, 0x90, 0xff, 0xb0, 0x78, 0x98, 0xff, 0xb0, 0x78, 0x98, 0xff,
    0xc8, 0x94, 0x90, 0xff, 0xc8, 0x98, 0x90, 0xff, 0xc8, 0x98, 0x90, 0xff,
    0xb0, 0x78, 0x98, 0xff, 0xb8, 0x80, 0x90, 0xff, 0xc8, 0x98, 0x90, 0xff,
    0xc8, 0x90, 0x90, 0xff, 0xb0, 0x78, 0x98, 0xff, 0xb0, 0x7c, 0x98, 0xff,
    0xc8, 0x98, 0x90, 0xff, 0xc8, 0x98, 0x90, 0xff, 0xb8, 0x78, 0x98, 0xff,
    0xb0, 0x7c, 0x98, 0xff, 0xb0, 0x78, 0x98, 0xff, 0xb8, 0x78, 0x98, 0xff,
    0xb0, 0x84, 0x90, 0xff, 0xa0, 0x80, 0x88, 0xff, 0xc0, 0x88, 0x90, 0xff,
    0xb0, 0x78, 0x98, 0xff, 0xb0, 0x78, 0x98, 0xff, 0x28, 0x40, 0x60, 0xff,
    0x78, 0x6c, 0x78, 0xff, 0xc8, 0x98, 0x90, 0xff, 0xb0, 0x78, 0x98, 0xff,
    0xb0, 0x78, 0x98, 0xff, 0xb0, 0x7c, 0x98, 0xff, 0xb0, 0x7c, 0x98, 0xff,
    0xb0, 0x78, 0x98, 0xff, 0xc0, 0x88, 0x90, 0xff, 0xc8, 0x98, 0x90, 0xff,
    0xb0, 0x78, 0x98, 0xff, 0xb0, 0x7c, 0x98, 0xff, 0xc0, 0x90, 0x90, 0xff,
    0xc8, 0x9c, 0x90, 0xff, 0xb8, 0x80, 0x98, 0xff, 0xb0, 0x78, 0x98, 0xff,
    0xb0, 0x78, 0x98, 0xff, 0xb0, 0x7c, 0x98, 0xff, 0xb0, 0x78, 0x98, 0xff,
    0xc0, 0x90, 0x90, 0xff, 0xc8, 0x98, 0x90, 0xff, 0xc0, 0x8c, 0x98, 0xff,
    0xb0, 0x78, 0x98, 0xff, 0xc0, 0x88, 0x98, 0xff, 0xc8, 0x9c, 0x90, 0xff,
    0xc8, 0x98, 0x90, 0xff, 0xc0, 0x88, 0x98, 0xff, 0xb0, 0x7c, 0x98, 0xff,
    0xb0, 0x78, 0x98, 0xff, 0xb8, 0x80, 0x90, 0xff, 0xc0, 0x90, 0x90, 0xff,
    0xc8, 0x90, 0x90, 0xff, 0xb8, 0x80, 0x98, 0xff, 0xb8, 0x7c, 0x98, 0xff,
    0xb8, 0x80, 0x90, 0xff, 0xb8, 0x80, 0x90, 0xff, 0xb0, 0x78, 0x98, 0xff,
    0xb0, 0x78, 0x98, 0xff, 0xb0, 0x7c, 0x98, 0xff, 0xb0, 0x78, 0x98, 0xff,
    0xb0, 0x78, 0x98, 0xff, 0xc0, 0x90, 0x90, 0xff, 0xc8, 0x98, 0x90, 0xff,
    0xb0, 0x7c, 0x98, 0xff, 0xb8, 0x80, 0x98, 0xff, 0xc8, 0x98, 0x90, 0xff,
    0xc8, 0x9c, 0x90, 0xff, 0xb8, 0x80, 0x98, 0xff, 0xb0, 0x78, 0x98, 0xff,
    0xb0, 0x78, 0x98, 0xff, 0xc0, 0x94, 0x90, 0xff, 0xc8, 0x98, 0x90, 0xff,
    0xc8, 0x9c, 0x90, 0xff, 0xb0, 0x78, 0x98, 0xff, 0xb8, 0x84, 0x98, 0xff,
    0xc8, 0x98, 0x90, 0xff, 0xc0, 0x90, 0x90, 0xff, 0xb0, 0x7c, 0x98, 0xff,
    0xb8, 0x78, 0x98, 0xff, 0xc8, 0x98, 0x90, 0xff, 0xc8, 0x98, 0x90, 0xff,
    0xb0, 0x78, 0x98, 0xff, 0xb0, 0x78, 0x98, 0xff, 0xb0, 0x7c, 0x98, 0xff,
    0xb0, 0x78, 0x98, 0xff, 0x98, 0x70, 0x80, 0xff, 0x28, 0x38, 0x40, 0xff,
    0xc0, 0x88, 0x98, 0xff, 0x88, 0x68, 0x88, 0xff, 0x68, 0x58, 0x78, 0xff,
    0x28, 0x54, 0x80, 0xff, 0x70, 0x84, 0x98, 0xff, 0xb8, 0x9c, 0xa0, 0xff,
    0xb0, 0x78, 0x98, 0xff, 0xb8, 0x80, 0x98, 0xff, 0xc8, 0x90, 0x90, 0xff,
    0xc0, 0x90, 0x90, 0xff, 0xc0, 0x94, 0x90, 0xff, 0xc8, 0x94, 0x98, 0xff,
    0xc8, 0x98, 0x90, 0xff, 0xb0, 0x7c, 0x98, 0xff, 0xb0, 0x78, 0x98, 0xff,
    0xc0, 0x90, 0x90, 0xff, 0xc8, 0x98, 0x90, 0xff, 0xb8, 0x84, 0x98, 0xff,
    0xb0, 0x78, 0x98, 0xff, 0xc0, 0x90, 0x90, 0xff, 0xc8, 0x94, 0x90, 0xff,
    0xc0, 0x90, 0x98, 0xff, 0xc8, 0x98, 0x90, 0xff, 0xc8, 0x98, 0x98, 0xff,
    0xc0, 0x90, 0x98, 0xff, 0xc0, 0x8c, 0x98, 0xff, 0xc0, 0x90, 0x90, 0xff,
    0xc8, 0x98, 0x98, 0xff, 0xc8, 0x98, 0x90, 0xff, 0xc0, 0x88, 0x98, 0xff,
    0xb0, 0x78, 0x98, 0xff, 0xb0, 0x7c, 0x98, 0xff, 0xb8, 0x80, 0x98, 0xff,
    0xc8, 0x9c, 0x90, 0xff, 0xc8, 0x98, 0x90, 0xff, 0xb8, 0x80, 0x98, 0xff,
    0xb8, 0x80, 0x98, 0xff, 0xc8, 0x98, 0x90, 0xff, 0xc0, 0x90, 0x90, 0xff,
    0xb0, 0x78, 0x98, 0xff, 0xb0, 0x78, 0x98, 0xff, 0xb0, 0x7c, 0x90, 0xff,
    0xb0, 0x78, 0x98, 0xff, 0xb0, 0x78, 0x98, 0xff, 0xc8, 0x94, 0x90, 0xff,
    0xc8, 0x98, 0x90, 0xff, 0xb0, 0x78, 0x98, 0xff, 0xb8, 0x80, 0x98, 0xff,
    0xc8, 0x98, 0x90, 0xff, 0xc8, 0x98, 0x90, 0xff, 0xc8, 0x98, 0x90, 0xff,
    0xc8, 0x98, 0x90, 0xff, 0xc8, 0x9c, 0x90, 0xff, 0xc8, 0x98, 0x98, 0xff,
    0xc8, 0x98, 0x98, 0xff, 0xc8, 0x98, 0x90, 0xff, 0xb0, 0x7c, 0x98, 0xff,
    0xb8, 0x80, 0x98, 0xff, 0xc8, 0x98, 0x90, 0xff, 0xc0, 0x94, 0x98, 0xff,
    0xb0, 0x78, 0x98, 0xff, 0xb0, 0x78, 0x98, 0xff, 0xc8, 0x9c, 0x90, 0xff,
    0xc8, 0x9c, 0x90, 0xff, 0xb0, 0x78, 0x98, 0xff, 0xb0, 0x78, 0x98, 0xff,
    0xb0, 0x78, 0x98, 0xff, 0x90, 0x68, 0x88, 0xff, 0x58, 0x58, 0x78, 0xff,
    0x28, 0x54, 0x78, 0xff, 0x68, 0x60, 0x78, 0xff, 0x70, 0x68, 0x78, 0xff,
    0x18, 0x34, 0x60, 0xff, 0x28, 0x50, 0x78, 0xff, 0x48, 0x6c, 0x88, 0xff,
    0xa8, 0x9c, 0xa8, 0xff, 0xb0, 0x78, 0x98, 0xff, 0xb8, 0x80, 0x98, 0xff,
    0xc8, 0x98, 0x90, 0xff, 0xc8, 0x98, 0x90, 0xff, 0xc8, 0x98, 0x90, 0xff,
    0xc8, 0x98, 0x90, 0xff, 0xc8, 0x9c, 0x90, 0xff, 0xc0, 0x88, 0x98, 0xff,
    0xc0, 0x88, 0x98, 0xff, 0xc8, 0x94, 0x90, 0xff, 0xc8, 0x98, 0x90, 0xff,
    0xb8, 0x80, 0x98, 0xff, 0xb0, 0x78, 0x98, 0xff, 0xc8, 0x98, 0x90, 0xff,
    0xc8, 0x98, 0x90, 0xff, 0xc8, 0x98, 0x90, 0xff, 0xc8, 0x9c, 0x90, 0xff,
    0xc8, 0x98, 0x90, 0xff, 0xc8, 0x98, 0x90, 0xff, 0xc8, 0x98, 0x90, 0xff,
    0xc8, 0x98, 0x90, 0xff, 0xc8, 0x9c, 0x90, 0xff, 0xc8, 0x98, 0x98, 0xff,
    0xc0, 0x88, 0x98, 0xff, 0xb0, 0x78, 0x98, 0xff, 0xb0, 0x78, 0x98, 0xff,
    0xb8, 0x80, 0x98, 0xff, 0xc8, 0x98, 0x90, 0xff, 0xc8, 0x9c, 0x90, 0xff,
    0xb8, 0x80, 0x98, 0xff, 0xb8, 0x80, 0x98, 0xff, 0xc8, 0x9c, 0x90, 0xff,
    0xc0, 0x90, 0x98, 0xff, 0xb0, 0x78, 0x98, 0xff, 0xb8, 0x7c, 0x98, 0xff,
    0xc0, 0x8c, 0x90, 0xff, 0xc0, 0x90, 0x90, 0xff, 0xc8, 0x90, 0x98, 0xff,
    0xc8, 0x98, 0x90, 0xff, 0xc8, 0x98, 0x90, 0xff, 0xb0, 0x78, 0x98, 0xff,
    0xb8, 0x84, 0x98, 0xff, 0xc8, 0x9c, 0x90, 0xff, 0xc8, 0x98, 0x98, 0xff,
    0xc8, 0x98, 0x98, 0xff, 0xc8, 0x9c, 0x90, 0xff, 0xc8, 0x98, 0x90, 0xff,
    0xc8, 0x98, 0x98, 0xff, 0xc8, 0x98, 0x90, 0xff, 0xc8, 0x98, 0x90, 0xff,
    0xb0, 0x78, 0x98, 0xff, 0xb8, 0x80, 0x98, 0xff, 0xc8, 0x98, 0x90, 0xff,
    0xc8, 0x90, 0x98, 0xff, 0xb0, 0x78, 0x98, 0xff, 0xb0, 0x78, 0x98, 0xff,
    0xc8, 0x98, 0x90, 0xff, 0xc8, 0x98, 0x90, 0xff, 0xb0, 0x7c, 0x98, 0xff,
    0xb0, 0x78, 0x98, 0xff, 0xc8, 0x90, 0x90, 0xff, 0x70, 0x64, 0x78, 0xff,
    0x20, 0x40, 0x60, 0xff, 0x28, 0x54, 0x78, 0xff, 0x20, 0x40, 0x68, 0xff,
    0x70, 0x68, 0x78, 0xff, 0x20, 0x48, 0x70, 0xff, 0x20, 0x44, 0x70, 0xff,
    0x30, 0x5c, 0x80, 0xff, 0x88, 0x9c, 0xb8, 0xff, 0x88, 0x98, 0xb0, 0xff,
    0x90, 0x94, 0xb0, 0xff, 0xb8, 0x9c, 0xa0, 0xff, 0xc8, 0x98, 0x90, 0xff,
    0xc8, 0x98, 0x98, 0xff, 0xc8, 0x9c, 0x98, 0xff, 0xc8, 0x98, 0x90, 0xff,
    0xc8, 0x98, 0x90, 0xff, 0xc8, 0x9c, 0x90, 0xff, 0xc8, 0x98, 0x98, 0xff,
    0xc8, 0x9c, 0x90, 0xff, 0xb8, 0x80, 0x98, 0xff, 0xb0, 0x7c, 0x98, 0xff,
    0xc8, 0x98, 0x90, 0xff, 0xc8, 0x98, 0x98, 0xff, 0xc8, 0x9c, 0x90, 0xff,
    0xc8, 0x98, 0x98, 0xff, 0xc8, 0x98, 0x90, 0xff, 0xc8, 0x9c, 0x90, 0xff,
    0xc8, 0x98, 0x98, 0xff, 0xc8, 0x98, 0x90, 0xff, 0xc8, 0x9c, 0x90, 0xff,
    0xc8, 0x98, 0x90, 0xff, 0xc0, 0x8c, 0x98, 0xff, 0xb0, 0x7c, 0x98, 0xff,
    0xb0, 0x78, 0x98, 0xff, 0xb8, 0x80, 0x98, 0xff, 0xc8, 0x98, 0x90, 0xff,
    0xc8, 0x98, 0x90, 0xff, 0xb8, 0x88, 0x98, 0xff, 0xb8, 0x88, 0x98, 0xff,
    0xc8, 0x98, 0x90, 0xff, 0xc0, 0x90, 0x90, 0xff, 0xb0, 0x78, 0x98, 0xff,
    0xb0, 0x78, 0x98, 0xff, 0xc0, 0x90, 0x98, 0xff, 0xc8, 0x98, 0x90, 0xff,
    0xc8, 0x9c, 0x90, 0xff, 0xc8, 0x98, 0x98, 0xff, 0xc8, 0x98, 0x90, 0xff,
    0xb0, 0x7c, 0x98, 0xff, 0xb8, 0x80, 0x98, 0xff, 0xc8, 0x98, 0x90, 0xff,
    0xc8, 0x98, 0x90, 0xff, 0xc8, 0x9c, 0x98, 0xff, 0xc8, 0x98, 0x90, 0xff,
    0xc8, 0x98, 0x90, 0xff, 0xc8, 0x98, 0x98, 0xff, 0xc8, 0x9c, 0x90, 0xff,
    0xc8, 0x98, 0x90, 0xff, 0xc0, 0x88, 0x98, 0xff, 0xc0, 0x90, 0x98, 0xff,
    0xc8, 0x98, 0x90, 0xff, 0xc8, 0x94, 0x90, 0xff, 0xb8, 0x84, 0x98, 0xff,
    0xb8, 0x80, 0x98, 0xff, 0xc8, 0x98, 0x90, 0xff, 0xc8, 0x98, 0x98, 0xff,
    0xa8, 0x84, 0xa0, 0xff, 0x98, 0x90, 0xa8, 0xff, 0x90, 0x9c, 0xb0, 0xff,
    0x50, 0x68, 0x88, 0xff, 0x20, 0x50, 0x78, 0xff, 0x20, 0x44, 0x70, 0xff,
    0x40, 0x6c, 0x98, 0xff, 0x70, 0x68, 0x78, 0xff, 0x28, 0x50, 0x78, 0xff,
    0x18, 0x40, 0x68, 0xff, 0x20, 0x50, 0x78, 0xff, 0x90, 0x9c, 0xb0, 0xff,
    0x88, 0x98, 0xb0, 0xff, 0x88, 0x9c, 0xb8, 0xff, 0x88, 0x9c, 0xb8, 0xff,
    0x88, 0x9c, 0xb8, 0xff, 0xa0, 0x9c, 0xa8, 0xff, 0xb0, 0x9c, 0xa0, 0xff,
    0xb8, 0x98, 0xa0, 0xff, 0xb8, 0x98, 0x98, 0xff, 0xc8, 0x98, 0x90, 0xff,
    0xc8, 0x98, 0x98, 0xff, 0xc8, 0x98, 0x90, 0xff, 0xb8, 0x84, 0x98, 0xff,
    0xb0, 0x78, 0x98, 0xff, 0xc8, 0x98, 0x90, 0xff, 0xc8, 0x9c, 0x90, 0xff,
    0xc8, 0x98, 0x98, 0xff, 0xc8, 0x98, 0x98, 0xff, 0xc8, 0x98, 0x90, 0xff,
    0xc8, 0x9c, 0x98, 0xff, 0xc8, 0x98, 0x98, 0xff, 0xc8, 0x98, 0x90, 0xff,
    0xc8, 0x98, 0x98, 0xff, 0xc8, 0x98, 0x90, 0xff, 0xc8, 0x94, 0x90, 0xff,
    0xc0, 0x90, 0x90, 0xff, 0xc0, 0x94, 0x90, 0xff, 0xc8, 0x94, 0x90, 0xff,
    0xc8, 0x98, 0x98, 0xff, 0xc8, 0x98, 0x90, 0xff, 0xc8, 0x9c, 0x90, 0xff,
    0xc8, 0x98, 0x90, 0xff, 0xc8, 0x98, 0x98, 0xff, 0xc0, 0x94, 0x98, 0xff,
    0xb0, 0x78, 0x98, 0xff, 0xb0, 0x78, 0x98, 0xff, 0xc8, 0x94, 0x90, 0xff,
    0xc8, 0x98, 0x90, 0xff, 0xc8, 0x98, 0x98, 0xff, 0xc8, 0x98, 0x90, 0xff,
    0xc8, 0x98, 0x90, 0xff, 0xb0, 0x78, 0x98, 0xff, 0xb8, 0x80, 0x98, 0xff,
    0xc8, 0x98, 0x90, 0xff, 0xc8, 0x98, 0x90, 0xff, 0xc8, 0x98, 0x98, 0xff,
    0xc8, 0x98, 0x90, 0xff, 0xc8, 0x9c, 0x90, 0xff, 0xc8, 0x98, 0x98, 0xff,
    0xc8, 0x98, 0x90, 0xff, 0xc8, 0x9c, 0x90, 0xff, 0xc8, 0x98, 0x98, 0xff,
    0xc8, 0x98, 0x90, 0xff, 0xc8, 0x9c, 0x90, 0xff, 0xc0, 0x98, 0x98, 0xff,
    0xb0, 0x9c, 0xa0, 0xff, 0xa8, 0x9c, 0xa8, 0xff, 0xa8, 0x9c, 0xa8, 0xff,
    0x88, 0x9c, 0xb8, 0xff, 0x88, 0x9c, 0xb8, 0xff, 0x88, 0x9c, 0xb8, 0xff,
    0x88, 0x9c, 0xb0, 0xff, 0x58, 0x68, 0x88, 0xff, 0x20, 0x50, 0x78, 0xff,
    0x20, 0x40, 0x68, 0xff, 0x28, 0x50, 0x78, 0xff, 0x70, 0x68, 0x78, 0xff,
    0x28, 0x50, 0x78, 0xff, 0x18, 0x3c, 0x68, 0xff, 0x28, 0x50, 0x78, 0xff,
    0xa8, 0x9c, 0xa8, 0xff, 0xb0, 0x78, 0x98, 0xff, 0xb0, 0x80, 0x98, 0xff,
    0xa0, 0x9c, 0xa8, 0xff, 0x80, 0x9c, 0xb8, 0xff, 0x88, 0x9c, 0xb8, 0xff,
    0x88, 0x9c, 0xb8, 0xff, 0x88, 0x9c, 0xb8, 0xff, 0x88, 0x9c, 0xb0, 0xff,
    0x98, 0x9c, 0xb0, 0xff, 0xa8, 0x9c, 0xa8, 0xff, 0xa8, 0x9c, 0xa8, 0xff,
    0xa0, 0x8c, 0xa8, 0xff, 0xa8, 0x84, 0xa0, 0xff, 0xc0, 0x98, 0x98, 0xff,
    0xc8, 0x98, 0x90, 0xff, 0xc8, 0x98, 0x90, 0xff, 0xc8, 0x98, 0x90, 0xff,
    0xc8, 0x98, 0x90, 0xff, 0xc8, 0x98, 0x90, 0xff, 0xc8, 0x98, 0x90, 0xff,
    0xc8, 0x9c, 0x98, 0xff, 0xc8, 0x98, 0x90, 0xff, 0xc8, 0x98, 0x98, 0xff,
    0xc8, 0x98, 0x90, 0xff, 0xc8, 0x98, 0x90, 0xff, 0xc8, 0x98, 0x98, 0xff,
    0xc8, 0x98, 0x90, 0xff, 0xc8, 0x9c, 0x90, 0xff, 0xc8, 0x98, 0x98, 0xff,
    0xc8, 0x98, 0x90, 0xff, 0xc8, 0x98, 0x90, 0xff, 0xc8, 0x98, 0x90, 0xff,
    0xc8, 0x94, 0x98, 0xff, 0xb0, 0x78, 0x98, 0xff, 0xb0, 0x78, 0x98, 0xff,
    0xc0, 0x94, 0x90, 0xff, 0xc8, 0x98, 0x98, 0xff, 0xc8, 0x98, 0x90, 0xff,
    0xc8, 0x9c, 0x98, 0xff, 0xc8, 0x98, 0x90, 0xff, 0xc8, 0x9c, 0x98, 0xff,
    0xc8, 0x98, 0x90, 0xff, 0xc8, 0x9c, 0x90, 0xff, 0xc8, 0x9c, 0x98, 0xff,
    0xc8, 0x98, 0x90, 0xff, 0xc8, 0x98, 0x98, 0xff, 0xc0, 0x98, 0x98, 0xff,
    0xb8, 0x9c, 0xa0, 0xff, 0xb8, 0x9c, 0xa0, 0xff, 0xa8, 0x9c, 0xa8, 0xff,
    0xa8, 0x9c, 0xa8, 0xff, 0xa8, 0x98, 0xa8, 0xff, 0x98, 0x9c, 0xa8, 0xff,
    0x90, 0x9c, 0xb0, 0xff, 0x88, 0x9c, 0xb8, 0xff, 0x88, 0x9c, 0xb8, 0xff,
    0x80, 0x9c, 0xb0, 0xff, 0x88, 0x9c, 0xb8, 0xff, 0x98, 0x8c, 0xa8, 0xff,
    0xa0, 0x80, 0xa0, 0xff, 0xc8, 0x98, 0x90, 0xff, 0x70, 0x68, 0x78, 0xff,
    0x28, 0x50, 0x78, 0xff, 0x18, 0x3c, 0x68, 0xff, 0x28, 0x50, 0x78, 0xff,
    0x70, 0x68, 0x78, 0xff, 0x28, 0x50, 0x78, 0xff, 0x18, 0x40, 0x68, 0xff,
    0x28, 0x50, 0x78, 0xff, 0xa8, 0x98, 0xa8, 0xff, 0xb8, 0x80, 0x98, 0xff,
    0xb8, 0x88, 0x90, 0xff, 0xb8, 0x98, 0x98, 0xff, 0x80, 0x9c, 0xb8, 0xff,
    0xb8, 0x98, 0x98, 0xff, 0xa8, 0x98, 0xa0, 0xff, 0x90, 0x9c, 0xb0, 0xff,
    0x88, 0x9c, 0xb8, 0xff, 0x88, 0x9c, 0xb8, 0xff, 0x88, 0x9c, 0xb8, 0xff,
    0x88, 0x9c, 0xb0, 0xff, 0x80, 0x9c, 0xb8, 0xff, 0x88, 0x9c, 0xb8, 0xff,
    0x90, 0x9c, 0xb0, 0xff, 0x98, 0x9c, 0xb0, 0xff, 0x98, 0x9c, 0xb0, 0xff,
    0xa8, 0x9c, 0xa8, 0xff, 0xa8, 0x9c, 0xa8, 0xff, 0xa8, 0x9c, 0xa8, 0xff,
    0xc0, 0x98, 0x98, 0xff, 0xc8, 0x98, 0x90, 0xff, 0xc8, 0x9c, 0x90, 0xff,
    0xc8, 0x98, 0x98, 0xff, 0xc8, 0x9c, 0x90, 0xff, 0xc8, 0x98, 0x98, 0xff,
    0xc8, 0x98, 0x98, 0xff, 0xc8, 0x98, 0x90, 0xff, 0xc8, 0x98, 0x90, 0xff,
    0xc8, 0x9c, 0x98, 0xff, 0xc8, 0x98, 0x98, 0xff, 0xc8, 0x98, 0x90, 0xff,
    0xc8, 0x9c, 0x90, 0xff, 0xc8, 0x98, 0x90, 0xff, 0xc0, 0x90, 0x90, 0xff,
    0xc0, 0x90, 0x98, 0xff, 0xc8, 0x98, 0x90, 0xff, 0xc8, 0x98, 0x90, 0xff,
    0xc8, 0x98, 0x98, 0xff, 0xc8, 0x9c, 0x90, 0xff, 0xc8, 0x98, 0x90, 0xff,
    0xc8, 0x98, 0x98, 0xff, 0xc8, 0x98, 0x90, 0xff, 0xa8, 0x9c, 0xa8, 0xff,
    0xa8, 0x9c, 0xa8, 0xff, 0x98, 0x9c, 0xa8, 0xff, 0x98, 0x9c, 0xb0, 0xff,
    0x90, 0x9c, 0xb0, 0xff, 0x88, 0x9c, 0xb8, 0xff, 0x88, 0x9c, 0xb8, 0xff,
    0x88, 0x9c, 0xb8, 0xff, 0x88, 0x9c, 0xb8, 0xff, 0x88, 0x9c, 0xb8, 0xff,
    0x88, 0x9c, 0xb0, 0xff, 0x98, 0x98, 0xa8, 0xff, 0xb0, 0x98, 0xa0, 0xff,
    0xb8, 0x98, 0x98, 0xff, 0x80, 0x9c, 0xb8, 0xff, 0x88, 0x9c, 0xb8, 0xff,
    0xa8, 0x80, 0xa0, 0xff, 0xb0, 0x78, 0x98, 0xff, 0xc8, 0x98, 0x90, 0xff,
    0x70, 0x68, 0x78, 0xff, 0x20, 0x50, 0x78, 0xff, 0x18, 0x40, 0x68, 0xff,
    0x28, 0x50, 0x78, 0xff, 0x70, 0x68, 0x78, 0xff, 0x28, 0x50, 0x78, 0xff,
    0x18, 0x40, 0x68, 0xff, 0x28, 0x50, 0x78, 0xff, 0xa8, 0x9c, 0xa0, 0xff,
    0xc8, 0x98, 0x90, 0xff, 0xc8, 0x98, 0x90, 0xff, 0xb8, 0x9c, 0xa0, 0xff,
    0x88, 0x9c, 0xb8, 0xff, 0xb8, 0x98, 0x98, 0xff, 0xc8, 0x98, 0x90, 0xff,
    0x98, 0x9c, 0xb0, 0xff, 0x90, 0x9c, 0xb0, 0xff, 0xb8, 0x98, 0x98, 0xff,
    0xb8, 0x98, 0x98, 0xff, 0xb0, 0x98, 0xa0, 0xff, 0xa8, 0x98, 0xa0, 0xff,
    0x80, 0x9c, 0xb8, 0xff, 0x88, 0x9c, 0xb8, 0xff, 0x88, 0x9c, 0xb8, 0xff,
    0x88, 0x9c, 0xb8, 0xff, 0x88, 0x9c, 0xb8, 0xff, 0x88, 0x9c, 0xb8, 0xff,
    0x88, 0x9c, 0xb8, 0xff, 0x88, 0x9c, 0xb8, 0xff, 0x88, 0x9c, 0xb8, 0xff,
    0x88, 0x9c, 0xb8, 0xff, 0x88, 0x9c, 0xb8, 0xff, 0x80, 0x9c, 0xb8, 0xff,
    0x88, 0x9c, 0xb8, 0xff, 0x88, 0x9c, 0xb8, 0xff, 0x88, 0x9c, 0xb8, 0xff,
    0x88, 0x9c, 0xb8, 0xff, 0x88, 0x9c, 0xb8, 0xff, 0x88, 0x9c, 0xb8, 0xff,
    0x88, 0x9c, 0xb8, 0xff, 0x88, 0x9c, 0xb8, 0xff, 0x88, 0x9c, 0xb8, 0xff,
    0x88, 0x9c, 0xb8, 0xff, 0x88, 0x9c, 0xb8, 0xff, 0x88, 0x9c, 0xb8, 0xff,
    0x88, 0x9c, 0xb8, 0xff, 0x88, 0x9c, 0xb8, 0xff, 0x88, 0x9c, 0xb8, 0xff,
    0x88, 0x9c, 0xb8, 0xff, 0x88, 0x9c, 0xb8, 0xff, 0x88, 0x9c, 0xb8, 0xff,
    0x88, 0x9c, 0xb8, 0xff, 0x88, 0x98, 0xb8, 0xff, 0x88, 0x9c, 0xb8, 0xff,
    0x88, 0x9c, 0xb8, 0xff, 0x88, 0x9c, 0xb8, 0xff, 0x80, 0x98, 0xb0, 0xff,
    0x80, 0x9c, 0xb8, 0xff, 0xb8, 0x98, 0x98, 0xff, 0xb8, 0x98, 0x98, 0xff,
    0xb8, 0x98, 0x98, 0xff, 0xc0, 0x98, 0x98, 0xff, 0xc8, 0x98, 0x98, 0xff,
    0xc8, 0x98, 0x90, 0xff, 0xc0, 0x98, 0x98, 0xff, 0xa8, 0x98, 0xa8, 0xff,
    0x80, 0x9c, 0xb8, 0xff, 0xb0, 0x94, 0x98, 0xff, 0xc0, 0x90, 0x90, 0xff,
    0xc8, 0x98, 0x98, 0xff, 0x70, 0x68, 0x78, 0xff, 0x28, 0x50, 0x78, 0xff,
    0x18, 0x40, 0x68, 0xff, 0x28, 0x50, 0x78, 0xff, 0x70, 0x68, 0x78, 0xff,
    0x20, 0x50, 0x78, 0xff, 0x18, 0x3c, 0x68, 0xff, 0x28, 0x50, 0x78, 0xff,
    0xa8, 0x9c, 0xa8, 0xff, 0xc8, 0x98, 0x90, 0xff, 0xc8, 0x98, 0x98, 0xff,
    0xb8, 0x9c, 0xa0, 0xff, 0x80, 0x9c, 0xb8, 0xff, 0xb8, 0x98, 0xa0, 0xff,
    0xc8, 0x98, 0x90, 0xff, 0xa0, 0x9c, 0xa8, 0xff, 0xa0, 0x98, 0xa8, 0xff,
    0xc8, 0x98, 0x90, 0xff, 0xc8, 0x98, 0x90, 0xff, 0xc8, 0x98, 0x98, 0xff,
    0xc8, 0x98, 0x90, 0xff, 0x88, 0x9c, 0xb8, 0xff, 0x80, 0x9c, 0xb8, 0xff,
    0xa0, 0x98, 0xa8, 0xff, 0xb8, 0x98, 0x98, 0xff, 0xb8, 0x98, 0x98, 0xff,
    0xb8, 0x98, 0x98, 0xff, 0xb8, 0x98, 0x98, 0xff, 0x80, 0x9c, 0xb8, 0xff,
    0x80, 0x9c, 0xb8, 0xff, 0x90, 0x9c, 0xb0, 0xff, 0x88, 0x9c, 0xb0, 0xff,
    0x80, 0x9c, 0xb8, 0xff, 0x88, 0x9c, 0xb8, 0xff, 0x80, 0x9c, 0xb0, 0xff,
    0x80, 0x9c, 0xb8, 0xff, 0x88, 0x9c, 0xb8, 0xff, 0x80, 0x9c, 0xb8, 0xff,
    0x80, 0x9c, 0xb8, 0xff, 0x88, 0x9c, 0xb8, 0xff, 0x80, 0x9c, 0xb8, 0xff,
    0x88, 0x9c, 0xb8, 0xff, 0x88, 0x9c, 0xb8, 0xff, 0x80, 0x9c, 0xb8, 0xff,
    0x88, 0x9c, 0xb8, 0xff, 0x88, 0x9c, 0xb8, 0xff, 0x88, 0x9c, 0xb0, 0xff,
    0x98, 0x9c, 0xa8, 0xff, 0x90, 0x9c, 0xb0, 0xff, 0x80, 0x9c, 0xb8, 0xff,
    0xb8, 0x98, 0x98, 0xff, 0xb8, 0x98, 0x98, 0xff, 0xb8, 0x98, 0x98, 0xff,
    0xb8, 0x98, 0x98, 0xff, 0xb8, 0x98, 0x98, 0xff, 0xb0, 0x98, 0xa0, 0xff,
    0x90, 0x9c, 0xb0, 0xff, 0x88, 0x9c, 0xb8, 0xff, 0xc8, 0x98, 0x90, 0xff,
    0xc8, 0x98, 0x90, 0xff, 0xc8, 0x98, 0x90, 0xff, 0xc8, 0x98, 0x98, 0xff,
    0xc8, 0x98, 0x90, 0xff, 0xc8, 0x9c, 0x90, 0xff, 0xc8, 0x98, 0x90, 0xff,
    0xc8, 0x98, 0x90, 0xff, 0x98, 0x9c, 0xb0, 0xff, 0xb8, 0x98, 0x98, 0xff,
    0xc8, 0x98, 0x90, 0xff, 0xc8, 0x98, 0x98, 0xff, 0x70, 0x68, 0x78, 0xff,
    0x28, 0x50, 0x78, 0xff, 0x20, 0x40, 0x68, 0xff, 0x20, 0x50, 0x78, 0xff,
    0x70, 0x68, 0x78, 0xff, 0x28, 0x50, 0x78, 0xff, 0x18, 0x3c, 0x68, 0xff,
    0x28, 0x50, 0x78, 0xff, 0xa8, 0x9c, 0xa8, 0xff, 0xc8, 0x98, 0x90, 0xff,
    0xc8, 0x98, 0x90, 0xff, 0xc8, 0x98, 0x90, 0xff, 0xc8, 0x98, 0x90, 0xff,
    0xc8, 0x98, 0x90, 0xff, 0xc8, 0x98, 0x90, 0xff, 0xc8, 0x98, 0x98, 0xff,
    0xc8, 0x98, 0x90, 0xff, 0xc8, 0x98, 0x90, 0xff, 0xc8, 0x9c, 0x98, 0xff,
    0xc8, 0x98, 0x90, 0xff, 0xc8, 0x98, 0x90, 0xff, 0x98, 0x9c, 0xb0, 0xff,
    0x88, 0x9c, 0xb0, 0xff, 0xa8, 0x98, 0xa0, 0xff, 0xc8, 0x98, 0x90, 0xff,
    0xc8, 0x98, 0x90, 0xff, 0xc8, 0x98, 0x90, 0xff, 0xc8, 0x98, 0x90, 0xff,
    0x80, 0x9c, 0xb8, 0xff, 0x88, 0x9c, 0xb8, 0xff, 0xa8, 0x98, 0xa0, 0xff,
    0xc8, 0x98, 0x90, 0xff, 0xc8, 0x98, 0x90, 0xff, 0xc8, 0x98, 0x90, 0xff,
    0xc8, 0x98, 0x90, 0xff, 0xc8, 0x98, 0x90, 0xff, 0xc8, 0x98, 0x90, 0xff,
    0x98, 0x9c, 0xa8, 0xff, 0x88, 0x98, 0xb0, 0xff, 0x90, 0x9c, 0xb0, 0xff,
    0x98, 0x98, 0xa8, 0xff, 0xc8, 0x98, 0x90, 0xff, 0xc8, 0x98, 0x90, 0xff,
    0xc8, 0x98, 0x90, 0xff, 0xc8, 0x98, 0x90, 0xff, 0xc8, 0x98, 0x90, 0xff,
    0xc8, 0x98, 0x90, 0xff, 0xc8, 0x98, 0x90, 0xff, 0xb8, 0x98, 0xa0, 0xff,
    0x88, 0x9c, 0xb8, 0xff, 0xc8, 0x98, 0x90, 0xff, 0xc8, 0x98, 0x90, 0xff,
    0xc8, 0x9c, 0x98, 0xff, 0xc8, 0x98, 0x90, 0xff, 0xc8, 0x98, 0x90, 0xff,
    0xc8, 0x98, 0x90, 0xff, 0xc8, 0x98, 0x90, 0xff, 0xc8, 0x98, 0x90, 0xff,
    0xc8, 0x98, 0x98, 0xff, 0xc8, 0x98, 0x90, 0xff, 0xc8, 0x9c, 0x98, 0xff,
    0xc8, 0x98, 0x90, 0xff, 0xc8, 0x98, 0x90, 0xff, 0xc8, 0x98, 0x98, 0xff,
    0xc8, 0x98, 0x90, 0xff, 0xc8, 0x98, 0x90, 0xff, 0xc8, 0x98, 0x98, 0xff,
    0xc8, 0x98, 0x90, 0xff, 0xc8, 0x9c, 0x90, 0xff, 0xc8, 0x98, 0x90, 0xff,
    0x70, 0x68, 0x78, 0xff, 0x28, 0x50, 0x78, 0xff, 0x18, 0x3c, 0x68, 0xff,
    0x28, 0x50, 0x78, 0xff, 0x70, 0x68, 0x78, 0xff, 0x28, 0x50, 0x78, 0xff,
    0x18, 0x40, 0x68, 0xff, 0x28, 0x50, 0x78, 0xff, 0xa8, 0x9c, 0xa8, 0xff,
    0xc8, 0x98, 0x90, 0xff, 0xc8, 0x98, 0x90, 0xff, 0xc8, 0x98, 0x98, 0xff,
    0xc8, 0x98, 0x90, 0xff, 0xc8, 0x9c, 0x90, 0xff, 0xc8, 0x98, 0x98, 0xff,
    0xc8, 0x98, 0x90, 0xff, 0xc8, 0x98, 0x90, 0xff, 0xc8, 0x9c, 0x98, 0xff,
    0xc8, 0x98, 0x90, 0xff, 0xc8, 0x98, 0x90, 0xff, 0xc8, 0x98, 0x98, 0xff,
    0xc8, 0x98, 0x90, 0xff, 0xc8, 0x98, 0x90, 0xff, 0xc8, 0x98, 0x98, 0xff,
    0xc8, 0x9c, 0x98, 0xff, 0xc8, 0x9c, 0x98, 0xff, 0xc8, 0x98, 0x98, 0xff,
    0xc8, 0x98, 0x90, 0xff, 0xc8, 0x98, 0x90, 0xff, 0x88, 0x9c, 0xb8, 0xff,
    0xa8, 0x98, 0xa8, 0xff, 0xc8, 0x98, 0x90, 0xff, 0xc8, 0x98, 0x98, 0xff,
    0xc8, 0x98, 0x90, 0xff, 0xc8, 0x98, 0x98, 0xff, 0xc8, 0x98, 0x90, 0xff,
    0xc8, 0x98, 0x90, 0xff, 0xc8, 0x98, 0x90, 0xff, 0xc8, 0x98, 0x90, 0xff,
    0xa8, 0x98, 0xa8, 0xff, 0x98, 0x9c, 0xb0, 0xff, 0xc8, 0x98, 0x90, 0xff,
    0xc8, 0x98, 0x90, 0xff, 0xc8, 0x98, 0x90, 0xff, 0xc8, 0x98, 0x90, 0xff,
    0xc8, 0x98, 0x98, 0xff, 0xc8, 0x98, 0x90, 0xff, 0xc8, 0x98, 0x90, 0xff,
    0xb8, 0x98, 0xa0, 0xff, 0x80, 0x9c, 0xb8, 0xff, 0xc8, 0x98, 0x90, 0xff,
    0xc8, 0x98, 0x98, 0xff, 0xc8, 0x98, 0x98, 0xff, 0xc8, 0x9c, 0x90, 0xff,
    0xc8, 0x98, 0x98, 0xff, 0xc8, 0x98, 0x98, 0xff, 0xc8, 0x98, 0x90, 0xff,
    0xc8, 0x98, 0x90, 0xff, 0xc8, 0x98, 0x98, 0xff, 0xc8, 0x9c, 0x90, 0xff,
    0xc8, 0x98, 0x90, 0xff, 0xc8, 0x98, 0x98, 0xff, 0xc8, 0x9c, 0x98, 0xff,
    0xc8, 0x98, 0x90, 0xff, 0xc8, 0x9c, 0x98, 0xff, 0xc8, 0x98, 0x90, 0xff,
    0xc8, 0x98, 0x90, 0xff, 0xc8, 0x9c, 0x98, 0xff, 0xc8, 0x98, 0x98, 0xff,
    0xc8, 0x98, 0x90, 0xff, 0x70, 0x68, 0x78, 0xff, 0x28, 0x50, 0x78, 0xff,
    0x18, 0x40, 0x68, 0xff, 0x28, 0x50, 0x78, 0xff, 0x70, 0x68, 0x78, 0xff,
    0x28, 0x50, 0x78, 0xff, 0x18, 0x40, 0x68, 0xff, 0x20, 0x50, 0x78, 0xff,
    0xa8, 0x9c, 0xa8, 0xff, 0xc8, 0x98, 0x90, 0xff, 0xc8, 0x98, 0x98, 0xff,
    0xc8, 0x9c, 0x98, 0xff, 0xc8, 0x98, 0x90, 0xff, 0xc8, 0x98, 0x98, 0xff,
    0xc8, 0x9c, 0x98, 0xff, 0xc8, 0x98, 0x90, 0xff, 0xc8, 0x98, 0x98, 0xff,
    0xc8, 0x98, 0x90, 0xff, 0xc8, 0x98, 0x90, 0xff, 0xc8, 0x9c, 0x98, 0xff,
    0xc8, 0x98, 0x90, 0xff, 0xc8, 0x98, 0x90, 0xff, 0xc8, 0x9c, 0x98, 0xff,
    0xc8, 0x98, 0x90, 0xff, 0xc8, 0x98, 0x90, 0xff, 0xc8, 0x98, 0x90, 0xff,
    0xc8, 0x98, 0x98, 0xff, 0xc8, 0x98, 0x90, 0xff, 0xc8, 0x98, 0x90, 0xff,
    0x80, 0x9c, 0xb8, 0xff, 0xa8, 0x9c, 0xa8, 0xff, 0xc8, 0x98, 0x90, 0xff,
    0xc8, 0x98, 0x90, 0xff, 0xc8, 0x98, 0x98, 0xff, 0xc8, 0x9c, 0x90, 0xff,
    0xc8, 0x98, 0x98, 0xff, 0xc8, 0x98, 0x98, 0xff, 0xc8, 0x98, 0x98, 0xff,
    0xc8, 0x98, 0x90, 0xff, 0xc0, 0x98, 0x98, 0xff, 0xb8, 0x98, 0x98, 0xff,
    0xc8, 0x98, 0x98, 0xff, 0xc8, 0x98, 0x98, 0xff, 0xc8, 0x98, 0x90, 0xff,
    0xc8, 0x98, 0x98, 0xff, 0xc8, 0x98, 0x98, 0xff, 0xc8, 0x98, 0x90, 0xff,
    0xc8, 0x98, 0x90, 0xff, 0xb8, 0x9c, 0xa0, 0xff, 0x88, 0x9c, 0xb8, 0xff,
    0xc8, 0x98, 0x90, 0xff, 0xc8, 0x98, 0x90, 0xff, 0xc8, 0x98, 0x90, 0xff,
    0xc8, 0x98, 0x90, 0xff, 0xc8, 0x9c, 0x90, 0xff, 0xc8, 0x98, 0x98, 0xff,
    0xc8, 0x9c, 0x90, 0xff, 0xc8, 0x9c, 0x98, 0xff, 0xc8, 0x98, 0x90, 0xff,
    0xc8, 0x98, 0x90, 0xff, 0xc8, 0x98, 0x98, 0xff, 0xc8, 0x98, 0x90, 0xff,
    0xc8, 0x98, 0x90, 0xff, 0xc8, 0x9c, 0x90, 0xff, 0xc8, 0x98, 0x98, 0xff,
    0xc8, 0x98, 0x90, 0xff, 0xc8, 0x9c, 0x90, 0xff, 0xc8, 0x98, 0x98, 0xff,
    0xc8, 0x98, 0x90, 0xff, 0xc8, 0x98, 0x98, 0xff, 0x70, 0x68, 0x78, 0xff,
    0x28, 0x50, 0x78, 0xff, 0x18, 0x40, 0x68, 0xff, 0x28, 0x50, 0x78, 0xff,
    0x70, 0x68, 0x78, 0xff, 0x28, 0x50, 0x78, 0xff, 0x18, 0x3c, 0x68, 0xff,
    0x28, 0x50, 0x78, 0xff, 0xa8, 0x9c, 0xa0, 0xff, 0xc8, 0x98, 0x90, 0xff,
    0xc8, 0x98, 0x90, 0xff, 0xc8, 0x98, 0x90, 0xff, 0xc8, 0x98, 0x90, 0xff,
    0xc8, 0x98, 0x90, 0xff, 0xc8, 0x98, 0x90, 0xff, 0xc8, 0x9c, 0x90, 0xff,
    0xc8, 0x98, 0x98, 0xff, 0xc8, 0x98, 0x90, 0xff, 0xc8, 0x9c, 0x98, 0xff,
    0xc8, 0x98, 0x98, 0xff, 0xc8, 0x98, 0x90, 0xff, 0xc8, 0x9c, 0x90, 0xff,
    0xc8, 0x98, 0x98, 0xff, 0xc8, 0x98, 0x90, 0xff, 0xc8, 0x98, 0x90, 0xff,
    0xc8, 0x9c, 0x90, 0xff, 0xc8, 0x98, 0x90, 0xff, 0xc8, 0x9c, 0x98, 0xff,
    0xc8, 0x98, 0x90, 0xff, 0xc8, 0x98, 0x90, 0xff, 0xc8, 0x98, 0x98, 0xff,
    0xc8, 0x98, 0x90, 0xff, 0xc8, 0x9c, 0x90, 0xff, 0xc8, 0x98, 0x98, 0xff,
    0xc8, 0x98, 0x90, 0xff, 0xc8, 0x9c, 0x90, 0xff, 0xc8, 0x98, 0x90, 0xff,
    0xc8, 0x9c, 0x98, 0xff, 0xc8, 0x9c, 0x90, 0xff, 0xc8, 0x98, 0x90, 0xff,
    0xc8, 0x9c, 0x90, 0xff, 0xc8, 0x98, 0x90, 0xff, 0xc8, 0x9c, 0x98, 0xff,
    0xc8, 0x98, 0x90, 0xff, 0xc8, 0x9c, 0x90, 0xff, 0xc8, 0x9c, 0x90, 0xff,
    0xc8, 0x98, 0x98, 0xff, 0xc8, 0x98, 0x90, 0xff, 0xc0, 0x98, 0x98, 0xff,
    0xb8, 0x9c, 0x98, 0xff, 0xc8, 0x98, 0x90, 0xff, 0xc8, 0x9c, 0x98, 0xff,
    0xc8, 0x98, 0x90, 0xff, 0xc8, 0x98, 0x98, 0xff, 0xc8, 0x98, 0x90, 0xff,
    0xc8, 0x98, 0x90, 0xff, 0xc8, 0x98, 0x98, 0xff, 0xc8, 0x98, 0x90, 0xff,
    0xc8, 0x98, 0x90, 0xff, 0xc8, 0x9c, 0x98, 0xff, 0xc8, 0x98, 0x90, 0xff,
    0xc8, 0x98, 0x90, 0xff, 0xc8, 0x9c, 0x98, 0xff, 0xc8, 0x98, 0x90, 0xff,
    0xc8, 0x98, 0x98, 0xff, 0xc8, 0x98, 0x90, 0xff, 0xc8, 0x98, 0x98, 0xff,
    0xc8, 0x98, 0x90, 0xff, 0xc8, 0x9c, 0x90, 0xff, 0xc8, 0x98, 0x90, 0xff,
    0x70, 0x68, 0x78, 0xff, 0x28, 0x50, 0x78, 0xff, 0x18, 0x40, 0x68, 0xff,
    0x28, 0x50, 0x78, 0xff, 0x50, 0xc0, 0xa0, 0xff, 0x50, 0xc0, 0xa0, 0xff,
    0x58, 0xc0, 0xa0, 0xff, 0x50, 0xc0, 0xa0, 0xff, 0x50, 0xc0, 0xa0, 0xff,
    0x50, 0xc0, 0xa0, 0xff, 0x50, 0xc4, 0xa8, 0xff, 0x50, 0xc0, 0xa0, 0xff,
    0x50, 0xc4, 0xa0, 0xff, 0x58, 0xc0, 0xa8, 0xff, 0x50, 0xc0, 0xa0, 0xff,
    0x50, 0xc4, 0xa0, 0xff, 0x50, 0xc0, 0xa0, 0xff, 0x58, 0xc0, 0xa0, 0xff,
    0x50, 0xc4, 0xa0, 0xff, 0x50, 0xc0, 0xa0, 0xff, 0x50, 0xc0, 0xa0, 0xff,
    0x50, 0xc0, 0xa0, 0xff, 0x50, 0xc0, 0xa0, 0xff, 0x50, 0xc0, 0xa8, 0xff,
    0x50, 0xc4, 0xa0, 0xff, 0x50, 0xc0, 0xa0, 0xff, 0x50, 0xc0, 0xa8, 0xff,
    0x50, 0xc0, 0xa0, 0xff, 0x58, 0xc4, 0xa0, 0xff, 0x50, 0xc0, 0xa0, 0xff,
    0x50, 0xc0, 0xa0, 0xff, 0x58, 0xc0, 0xa0, 0xff, 0x50, 0xc0, 0xa0, 0xff,
    0x70, 0xb8, 0xa0, 0xff, 0xc8, 0x98, 0x98, 0xff, 0xc8, 0x98, 0x90, 0xff,
    0xc8, 0x98, 0x90, 0xff, 0xc8, 0x98, 0x90, 0xff, 0xc8, 0x98, 0x98, 0xff,
    0xc8, 0x98, 0x98, 0xff, 0xc8, 0x98, 0x90, 0xff, 0xc8, 0x9c, 0x90, 0xff,
    0xc8, 0x98, 0x98, 0xff, 0xc8, 0x98, 0x90, 0xff, 0xc8, 0x98, 0x90, 0xff,
    0xc8, 0x98, 0x98, 0xff, 0xc8, 0x9c, 0x90, 0xff, 0xc8, 0x98, 0x90, 0xff,
    0x50, 0xc0, 0xa0, 0xff, 0x50, 0xc0, 0xa0, 0xff, 0x50, 0xc0, 0xa0, 0xff,
    0x50, 0xc0, 0xa0, 0xff, 0x50, 0xc4, 0xa0, 0xff, 0x50, 0xc0, 0xa0, 0xff,
    0x50, 0xc4, 0xa0, 0xff, 0x58, 0xc0, 0xa0, 0xff, 0x50, 0xc0, 0xa0, 0xff,
    0x50, 0xc0, 0xa0, 0xff, 0x50, 0xc4, 0xa0, 0xff, 0x50, 0xc0, 0xa8, 0xff,
    0x50, 0xc0, 0xa0, 0xff, 0x58, 0xc4, 0xa0, 0xff, 0x50, 0xc0, 0xa0, 0xff,
    0x50, 0xc0, 0xa0, 0xff, 0x58, 0xc0, 0xa0, 0xff, 0x50, 0xc4, 0xa0, 0xff,
    0x58, 0xc0, 0xa0, 0xff, 0x50, 0xc0, 0xa0, 0xff, 0x58, 0xc0, 0xa0, 0xff,
    0x50, 0xc4, 0xa8, 0xff, 0x50, 0xc0, 0xa0, 0xff, 0x58, 0xc0, 0xa0, 0xff,
    0x50, 0xc0, 0xa0, 0xff, 0x50, 0xc0, 0xa0, 0xff, 0x58, 0xc0, 0xa0, 0xff,
    0x58, 0xc0, 0xa0, 0xff, 0x50, 0xc4, 0xa0, 0xff, 0x58, 0xc0, 0xa8, 0xff,
    0x58, 0xc0, 0xa0, 0xff, 0x58, 0xc4, 0xa0, 0xff, 0x58, 0xc0, 0xa8, 0xff,
    0x58, 0xc0, 0xa0, 0xff, 0x50, 0xc0, 0xa0, 0xff, 0x58, 0xc4, 0xa8, 0xff,
    0x58, 0xc0, 0xa0, 0xff, 0x50, 0xc0, 0xa0, 0xff, 0x58, 0xc0, 0xa8, 0xff,
    0x58, 0xc0, 0xa0, 0xff, 0x50, 0xc0, 0xa0, 0xff, 0x58, 0xc0, 0xa0, 0xff,
    0x58, 0xc4, 0xa8, 0xff, 0x58, 0xc0, 0xa0, 0xff, 0x58, 0xc0, 0xa0, 0xff,
    0x58, 0xc4, 0xa8, 0xff, 0x58, 0xc0, 0xa0, 0xff, 0x58, 0xc0, 0xa0, 0xff,
    0x50, 0xc0, 0xa0, 0xff, 0x58, 0xc0, 0xa8, 0xff, 0x58, 0xc0, 0xa0, 0xff,
    0x50, 0xc4, 0xa0, 0xff, 0x58, 0xc0, 0xa8, 0xff, 0x50, 0xc4, 0xa0, 0xff,
    0x58, 0xc0, 0xa0, 0xff, 0x70, 0xb8, 0xa0, 0xff, 0xc8, 0x98, 0x90, 0xff,
    0xc8, 0x98, 0x98, 0xff, 0xc8, 0x9c, 0x98, 0xff, 0xc8, 0x98, 0x90, 0xff,
    0xc8, 0x98, 0x90, 0xff, 0xc8, 0x98, 0x98, 0xff, 0xc8, 0x98, 0x90, 0xff,
    0xc8, 0x98, 0x98, 0xff, 0xc8, 0x98, 0x90, 0xff, 0xc8, 0x98, 0x98, 0xff,
    0xc8, 0x98, 0x90, 0xff, 0xc8, 0x98, 0x98, 0xff, 0xc8, 0x98, 0x90, 0xff,
    0xc8, 0x9c, 0x98, 0xff, 0x58, 0xc0, 0xa0, 0xff, 0x58, 0xc4, 0xa8, 0xff,
    0x58, 0xc0, 0xa0, 0xff, 0x58, 0xc0, 0xa0, 0xff, 0x58, 0xc0, 0xa8, 0xff,
    0x58, 0xc0, 0xa0, 0xff, 0x50, 0xc4, 0xa8, 0xff, 0x58, 0xc0, 0xa0, 0xff,
    0x58, 0xc0, 0xa8, 0xff, 0x50, 0xc4, 0xa0, 0xff, 0x58, 0xc0, 0xa0, 0xff,
    0x58, 0xc0, 0xa0, 0xff, 0x50, 0xc0, 0xa8, 0xff, 0x58, 0xc0, 0xa0, 0xff,
    0x58, 0xc0, 0xa0, 0xff, 0x50, 0xc0, 0xa8, 0xff, 0x58, 0xc4, 0xa0, 0xff,
    0x50, 0xc0, 0xa0, 0xff, 0x50, 0xc0, 0xa8, 0xff, 0x58, 0xc4, 0xa0, 0xff,
    0x58, 0xc0, 0xa0, 0xff, 0x50, 0xc0, 0xa8, 0xff, 0x58, 0xc0, 0xa0, 0xff,
    0x58, 0xc0, 0xa0, 0xff, 0x50, 0xc0, 0xa0, 0xff, 0x58, 0xc0, 0xa0, 0xff,
    0x50, 0xbc, 0xa0, 0xff, 0x50, 0xbc, 0xa0, 0xff, 0x50, 0xc0, 0xa0, 0xff,
    0x58, 0xc0, 0xa0, 0xff, 0x50, 0xc0, 0xa0, 0xff, 0x50, 0xc0, 0xa0, 0xff,
    0x58, 0xc0, 0xa0, 0xff, 0x50, 0xc0, 0xa0, 0xff, 0x58, 0xc0, 0xa0, 0xff,
    0x50, 0xc0, 0xa0, 0xff, 0x58, 0xc4, 0xa0, 0xff, 0x50, 0xc0, 0xa0, 0xff,
    0x58, 0xc0, 0xa8, 0xff, 0x50, 0xc4, 0xa0, 0xff, 0x50, 0xc0, 0xa0, 0xff,
    0x58, 0xc0, 0xa8, 0xff, 0x50, 0xc4, 0xa0, 0xff, 0x50, 0xc0, 0xa0, 0xff,
    0x58, 0xc0, 0xa0, 0xff, 0x50, 0xc4, 0xa0, 0xff, 0x50, 0xc0, 0xa8, 0xff,
    0x58, 0xc0, 0xa0, 0xff, 0x58, 0xc4, 0xa0, 0xff, 0x50, 0xc0, 0xa0, 0xff,
    0x50, 0xc0, 0xa8, 0xff, 0x58, 0xc0, 0xa0, 0xff, 0x58, 0xc0, 0xa0, 0xff,
    0x50, 0xc0, 0xa8, 0xff, 0x58, 0xc4, 0xa0, 0xff, 0x70, 0xb8, 0xa0, 0xff,
    0xc8, 0x98, 0x90, 0xff, 0xc8, 0x98, 0x90, 0xff, 0xc8, 0x9c, 0x98, 0xff,
    0xc8, 0x98, 0x90, 0xff, 0xc8, 0x9c, 0x90, 0xff, 0xc8, 0x9c, 0x90, 0xff,
    0xc8, 0x98, 0x98, 0xff, 0xc8, 0x98, 0x90, 0xff, 0xc8, 0x9c, 0x90, 0xff,
    0xc8, 0x9c, 0x90, 0xff, 0xc8, 0x98, 0x98, 0xff, 0xc8, 0x98, 0x90, 0xff,
    0xc8, 0x9c, 0x90, 0xff, 0xc8, 0x98, 0x98, 0xff, 0x50, 0xc0, 0xa0, 0xff,
    0x50, 0xc0, 0xa0, 0xff, 0x58, 0xc4, 0xa8, 0xff, 0x50, 0xc0, 0xa0, 0xff,
    0x50, 0xc0, 0xa0, 0xff, 0x58, 0xc0, 0xa8, 0xff, 0x50, 0xc0, 0xa0, 0xff,
    0x50, 0xc4, 0xa0, 0xff, 0x58, 0xc0, 0xa0, 0xff, 0x58, 0xc0, 0xa8, 0xff,
    0x50, 0xc0, 0xa0, 0xff, 0x58, 0xc4, 0xa0, 0xff, 0x58, 0xc0, 0xa0, 0xff,
    0x50, 0xc0, 0xa8, 0xff, 0x50, 0xc4, 0xa0, 0xff, 0x58, 0xc0, 0xa0, 0xff,
    0x58, 0xc0, 0xa8, 0xff, 0x50, 0xc0, 0xa0, 0xff, 0x58, 0xc0, 0xa0, 0xff,
    0x50, 0xc4, 0xa8, 0xff, 0x50, 0xc0, 0xa0, 0xff, 0x58, 0xc0, 0xa0, 0xff,
    0x50, 0xc4, 0xa0, 0xff, 0x50, 0xc4, 0xa8, 0xff, 0x58, 0xc0, 0xa0, 0xff,
    0x50, 0xc0, 0xa0, 0xff, 0x48, 0xac, 0x90, 0xff, 0x48, 0xa4, 0x88, 0xff,
    0x50, 0xbc, 0xa0, 0xff, 0x58, 0xc0, 0xa0, 0xff, 0x50, 0xc0, 0xa8, 0xff,
    0x50, 0xc4, 0xa0, 0xff, 0x58, 0xc0, 0xa8, 0xff, 0x50, 0xbc, 0xa0, 0xff,
    0x50, 0xb4, 0x98, 0xff, 0x50, 0xb4, 0x98, 0xff, 0x50, 0xb8, 0x98, 0xff,
    0x50, 0xc0, 0xa0, 0xff, 0x58, 0xc0, 0xa0, 0xff, 0x58, 0xc4, 0xa0, 0xff,
    0x50, 0xc0, 0xa8, 0xff, 0x58, 0xc0, 0xa0, 0xff, 0x50, 0xc0, 0xa0, 0xff,
    0x50, 0xc0, 0xa8, 0xff, 0x58, 0xc0, 0xa0, 0xff, 0x50, 0xc0, 0xa0, 0xff,
    0x50, 0xc0, 0xa0, 0xff, 0x58, 0xc4, 0xa8, 0xff, 0x50, 0xc0, 0xa0, 0xff,
    0x50, 0xc0, 0xa0, 0xff, 0x58, 0xc4, 0xa0, 0xff, 0x50, 0xc0, 0xa0, 0xff,
    0x50, 0xc0, 0xa0, 0xff, 0x58, 0xc0, 0xa0, 0xff, 0x50, 0xc0, 0xa0, 0xff,
    0x70, 0xb8, 0xa0, 0xff, 0xc8, 0x98, 0x98, 0xff, 0xc8, 0x98, 0x90, 0xff,
    0xc8, 0x98, 0x90, 0xff, 0xc8, 0x98, 0x98, 0xff, 0xc8, 0x98, 0x90, 0xff,
    0xc8, 0x98, 0x98, 0xff, 0xc8, 0x98, 0x90, 0xff, 0xc8, 0x98, 0x90, 0xff,
    0xc8, 0x98, 0x98, 0xff, 0xc8, 0x98, 0x90, 0xff, 0xc8, 0x9c, 0x90, 0xff,
    0xc8, 0x98, 0x98, 0xff, 0xc8, 0x98, 0x90, 0xff, 0xc8, 0x98, 0x90, 0xff,
    0x50, 0xc0, 0xa0, 0xff, 0x58, 0xc0, 0xa0, 0xff, 0x50, 0xc4, 0xa0, 0xff,
    0x50, 0xc0, 0xa0, 0xff, 0x58, 0xc4, 0xa0, 0xff, 0x58, 0xc0, 0xa0, 0xff,
    0x50, 0xc0, 0xa0, 0xff, 0x50, 0xc0, 0xa0, 0xff, 0x58, 0xc4, 0xa0, 0xff,
    0x50, 0xc0, 0xa8, 0xff, 0x50, 0xc0, 0xa0, 0xff, 0x58, 0xc4, 0xa0, 0xff,
    0x50, 0xc0, 0xa0, 0xff, 0x50, 0xc0, 0xa0, 0xff, 0x58, 0xc4, 0xa0, 0xff,
    0x50, 0xc0, 0xa0, 0xff, 0x50, 0xc0, 0xa0, 0xff, 0x58, 0xc4, 0xa0, 0xff,
    0x58, 0xc0, 0xa0, 0xff, 0x48, 0xac, 0x90, 0xff, 0x48, 0xac, 0x90, 0xff,
    0x50, 0xac, 0x90, 0xff, 0x58, 0xc0, 0xa0, 0xff, 0x50, 0xc0, 0xa8, 0xff,
    0x58, 0xc0, 0xa0, 0xff, 0x50, 0xc4, 0xa0, 0xff, 0x48, 0xac, 0x90, 0xff,
    0x48, 0xa8, 0x88, 0xff, 0x50, 0xbc, 0xa0, 0xff, 0x58, 0xc0, 0xa0, 0xff,
    0x58, 0xc0, 0xa0, 0xff, 0x50, 0xc0, 0xa0, 0xff, 0x58, 0xc4, 0xa0, 0xff,
    0x50, 0xb4, 0x98, 0xff, 0x48, 0xa8, 0x88, 0xff, 0x48, 0xa8, 0x88, 0xff,
    0x48, 0xa8, 0x90, 0xff, 0x48, 0xac, 0x90, 0xff, 0x48, 0xac, 0x90, 0xff,
    0x48, 0xac, 0x90, 0xff, 0x50, 0xbc, 0xa0, 0xff, 0x50, 0xbc, 0xa0, 0xff,
    0x58, 0xc0, 0xa0, 0xff, 0x58, 0xc4, 0xa0, 0xff, 0x58, 0xc4, 0xa8, 0xff,
    0x58, 0xc0, 0xa0, 0xff, 0x50, 0xc0, 0xa0, 0xff, 0x58, 0xc0, 0xa0, 0xff,
    0x50, 0xbc, 0xa0, 0xff, 0x50, 0xb8, 0x98, 0xff, 0x58, 0xc0, 0xa8, 0xff,
    0x58, 0xc4, 0xa0, 0xff, 0x50, 0xc4, 0xa8, 0xff, 0x58, 0xc0, 0xa0, 0xff,
    0x58, 0xc0, 0xa0, 0xff, 0x70, 0xb8, 0xa0, 0xff, 0xc8, 0x98, 0x90, 0xff,
    0xc8, 0x9c, 0x90, 0xff, 0xc8, 0x98, 0x98, 0xff, 0xc8, 0x98, 0x90, 0xff,
    0xc8, 0x98, 0x98, 0xff, 0xc8, 0x9c, 0x90, 0xff, 0xc8, 0x98, 0x90, 0xff,
    0xc8, 0x9c, 0x98, 0xff, 0xc8, 0x98, 0x98, 0xff, 0xc8, 0x98, 0x90, 0xff,
    0xc8, 0x98, 0x90, 0xff, 0xc8, 0x9c, 0x98, 0xff, 0xc8, 0x98, 0x98, 0xff,
    0xc8, 0x9c, 0x90, 0xff, 0x58, 0xc0, 0xa0, 0xff, 0x58, 0xc0, 0xa8, 0xff,
    0x50, 0xc0, 0xa0, 0xff, 0x58, 0xc0, 0xa8, 0xff, 0x58, 0xc0, 0xa0, 0xff,
    0x50, 0xc4, 0xa8, 0xff, 0x48, 0xa8, 0x88, 0xff, 0x58, 0xc0, 0xa8, 0xff,
    0x58, 0xc0, 0xa0, 0xff, 0x50, 0xc0, 0xa0, 0xff, 0x58, 0xc0, 0xa8, 0xff,
    0x58, 0xc0, 0xa0, 0xff, 0x50, 0xc0, 0xa8, 0xff, 0x58, 0xc0, 0xa0, 0xff,
    0x50, 0xbc, 0xa0, 0xff, 0x50, 0xb4, 0x98, 0xff, 0x48, 0xa8, 0x90, 0xff,
    0x48, 0xa8, 0x88, 0xff, 0x48, 0xa8, 0x88, 0xff, 0x48, 0xa8, 0x90, 0xff,
    0x48, 0xa8, 0x88, 0xff, 0x48, 0xa8, 0x88, 0xff, 0x50, 0xc0, 0xa0, 0xff,
    0x58, 0xc0, 0xa0, 0xff, 0x58, 0xc0, 0xa8, 0xff, 0x50, 0xc0, 0xa0, 0xff,
    0x48, 0xac, 0x90, 0xff, 0x48, 0xa4, 0x88, 0xff, 0x48, 0xac, 0x90, 0xff,
    0x48, 0xac, 0x90, 0xff, 0x50, 0xb4, 0x98, 0xff, 0x50, 0xc0, 0xa0, 0xff,
    0x50, 0xb4, 0x98, 0xff, 0x48, 0xa8, 0x90, 0xff, 0x48, 0xa4, 0x88, 0xff,
    0x48, 0xa8, 0x88, 0xff, 0x48, 0xa8, 0x88, 0xff, 0x48, 0xa8, 0x90, 0xff,
    0x48, 0xa8, 0x88, 0xff, 0x48, 0xa8, 0x88, 0xff, 0x48, 0xa8, 0x88, 0xff,
    0x48, 0xac, 0x90, 0xff, 0x58, 0xc0, 0xa0, 0xff, 0x50, 0xc0, 0xa0, 0xff,
    0x50, 0xc0, 0xa0, 0xff, 0x50, 0xbc, 0xa0, 0xff, 0x50, 0xbc, 0xa0, 0xff,
    0x50, 0xbc, 0xa0, 0xff, 0x50, 0xb4, 0x98, 0xff, 0x50, 0xb4, 0x98, 0xff,
    0x50, 0xc0, 0xa0, 0xff, 0x58, 0xc0, 0xa0, 0xff, 0x50, 0xc0, 0xa8, 0xff,
    0x50, 0xc0, 0xa0, 0xff, 0x58, 0xc4, 0xa0, 0xff, 0x70, 0xb8, 0xa0, 0xff,
    0xc8, 0x98, 0x98, 0xff, 0xc8, 0x98, 0x90, 0xff, 0xc8, 0x9c, 0x90, 0xff,
    0xc8, 0x98, 0x98, 0xff, 0xc8, 0x9c, 0x90, 0xff, 0xc8, 0x98, 0x90, 0xff,
    0xc8, 0x98, 0x98, 0xff, 0xc8, 0x98, 0x90, 0xff, 0xc8, 0x9c, 0x90, 0xff,
    0xc8, 0x98, 0x98, 0xff, 0xc8, 0x98, 0x90, 0xff, 0xc8, 0x98, 0x90, 0xff,
    0xc8, 0x98, 0x98, 0xff, 0xc8, 0x98, 0x90, 0xff, 0x50, 0xc4, 0xa0, 0xff,
    0x50, 0xc0, 0xa8, 0xff, 0x58, 0xc0, 0xa0, 0xff, 0x50, 0xc4, 0xa0, 0xff,
    0x50, 0xc0, 0xa0, 0xff, 0x58, 0xc0, 0xa0, 0xff, 0x48, 0xa8, 0x90, 0xff,
    0x50, 0xb4, 0x98, 0xff, 0x50, 0xb4, 0x98, 0xff, 0x50, 0xb4, 0x98, 0xff,
    0x50, 0xb8, 0x98, 0xff, 0x50, 0xc4, 0xa0, 0xff, 0x58, 0xc0, 0xa0, 0xff,
    0x50, 0xc0, 0xa8, 0xff, 0x48, 0xa8, 0x88, 0xff, 0x48, 0xa8, 0x88, 0xff,
    0x48, 0xa4, 0x88, 0xff, 0x48, 0xa4, 0x90, 0xff, 0x48, 0xa4, 0x88, 0xff,
    0x48, 0xa8, 0x88, 0xff, 0x48, 0xa4, 0x90, 0xff, 0x48, 0xa8, 0x88, 0xff,
    0x48, 0xac, 0x90, 0xff, 0x50, 0xb8, 0x98, 0xff, 0x50, 0xc4, 0xa0, 0xff,
    0x48, 0xac, 0x90, 0xff, 0x48, 0xa8, 0x88, 0xff, 0x48, 0xa4, 0x88, 0xff,
    0x48, 0xa8, 0x88, 0xff, 0x48, 0xa8, 0x88, 0xff, 0x48, 0xac, 0x90, 0xff,
    0x58, 0xc0, 0xa0, 0xff, 0x48, 0xac, 0x90, 0xff, 0x48, 0xa8, 0x88, 0xff,
    0x48, 0xa4, 0x88, 0xff, 0x48, 0xa4, 0x88, 0xff, 0x48, 0xa4, 0x88, 0xff,
    0x48, 0xa4, 0x88, 0xff, 0x48, 0xa4, 0x90, 0xff, 0x48, 0xa8, 0x88, 0xff,
    0x48, 0xa4, 0x88, 0xff, 0x50, 0xac, 0x90, 0xff, 0x50, 0xc0, 0xa8, 0xff,
    0x58, 0xc0, 0xa0, 0xff, 0x50, 0xc0, 0xa0, 0xff, 0x48, 0xa8, 0x88, 0xff,
    0x48, 0xa8, 0x88, 0xff, 0x48, 0xa4, 0x88, 0xff, 0x48, 0xa8, 0x88, 0xff,
    0x50, 0xb4, 0x98, 0xff, 0x50, 0xc0, 0xa0, 0xff, 0x58, 0xc0, 0xa0, 0xff,
    0x50, 0xc0, 0xa0, 0xff, 0x50, 0xc0, 0xa0, 0xff, 0x58, 0xc0, 0xa0, 0xff,
    0x70, 0xb8, 0xa0, 0xff, 0xc8, 0x98, 0x98, 0xff, 0xc8, 0x98, 0x90, 0xff,
    0xc8, 0x98, 0x90, 0xff, 0xc8, 0x98, 0x98, 0xff, 0xc8, 0x98, 0x90, 0xff,
    0xc8, 0x98, 0x90, 0xff, 0xc8, 0x98, 0x98, 0xff, 0xc8, 0x98, 0x90, 0xff,
    0xc8, 0x9c, 0x90, 0xff, 0xc8, 0x98, 0x98, 0xff, 0xc8, 0x98, 0x90, 0xff,
    0xc8, 0x9c, 0x90, 0xff, 0xc8, 0x98, 0x98, 0xff, 0xc8, 0x98, 0x90, 0xff,
    0x50, 0xc0, 0xa0, 0xff, 0x58, 0xc4, 0xa0, 0xff, 0x58, 0xc0, 0xa0, 0xff,
    0x50, 0xc0, 0xa0, 0xff, 0x58, 0xc0, 0xa8, 0xff, 0x50, 0xc0, 0xa0, 0xff,
    0x48, 0xa8, 0x88, 0xff, 0x48, 0xa8, 0x88, 0xff, 0x48, 0xa8, 0x88, 0xff,
    0x48, 0xa8, 0x88, 0xff, 0x48, 0xac, 0x90, 0xff, 0x50, 0xbc, 0xa0, 0xff,
    0x50, 0xbc, 0xa0, 0xff, 0x50, 0xb8, 0x98, 0xff, 0x48, 0xa8, 0x88, 0xff,
    0x48, 0xa4, 0x88, 0xff, 0x48, 0xa8, 0x88, 0xff, 0x48, 0xa8, 0x88, 0xff,
    0x48, 0xa4, 0x88, 0xff, 0x48, 0xa4, 0x88, 0xff, 0x48, 0xa8, 0x88, 0xff,
    0x48, 0xa4, 0x90, 0xff, 0x48, 0xa8, 0x88, 0xff, 0x50, 0xb4, 0x98, 0xff,
    0x58, 0xc0, 0xa0, 0xff, 0x48, 0xa8, 0x88, 0xff, 0x48, 0xa8, 0x88, 0xff,
    0x48, 0xa4, 0x88, 0xff, 0x48, 0xa4, 0x90, 0xff, 0x48, 0xa8, 0x88, 0xff,
    0x48, 0xac, 0x90, 0xff, 0x58, 0xc0, 0xa0, 0xff, 0x48, 0xac, 0x90, 0xff,
    0x48, 0xa8, 0x88, 0xff, 0x48, 0xa8, 0x90, 0xff, 0x48, 0xa4, 0x90, 0xff,
    0x48, 0xa8, 0x88, 0xff, 0x48, 0xa8, 0x88, 0xff, 0x48, 0xa4, 0x88, 0xff,
    0x48, 0xa4, 0x90, 0xff, 0x48, 0xa8, 0x88, 0xff, 0x48, 0xa8, 0x88, 0xff,
    0x48, 0xa8, 0x88, 0xff, 0x48, 0xa8, 0x90, 0xff, 0x48, 0xa8, 0x88, 0xff,
    0x48, 0xa4, 0x88, 0xff, 0x48, 0xa4, 0x88, 0xff, 0x48, 0xa8, 0x88, 0xff,
    0x48, 0xa4, 0x88, 0xff, 0x50, 0xb4, 0x98, 0xff, 0x50, 0xc4, 0xa0, 0xff,
    0x58, 0xc0, 0xa8, 0xff, 0x58, 0xc4, 0xa0, 0xff, 0x50, 0xc0, 0xa8, 0xff,
    0x58, 0xc0, 0xa0, 0xff, 0x70, 0xb8, 0xa0, 0xff, 0xc8, 0x98, 0x90, 0xff,
    0xc8, 0x9c, 0x90, 0xff, 0xc8, 0x98, 0x98, 0xff, 0xc8, 0x98, 0x90, 0xff,
    0xc8, 0x9c, 0x98, 0xff, 0xc8, 0x9c, 0x90, 0xff, 0xc8, 0x98, 0x98, 0xff,
    0xc8, 0x98, 0x90, 0xff, 0xc8, 0x98, 0x90, 0xff, 0xc8, 0x98, 0x98, 0xff,
    0xc8, 0x9c, 0x90, 0xff, 0xc8, 0x98, 0x98, 0xff, 0xc8, 0x98, 0x90, 0xff,
    0xc8, 0x9c, 0x98, 0xff, 0x58, 0xc0, 0xa0, 0xff, 0x50, 0xc0, 0xa0, 0xff,
    0x50, 0xc4, 0xa8, 0xff, 0x58, 0xc0, 0xa0, 0xff, 0x58, 0xc0, 0xa0, 0xff,
    0x50, 0xc0, 0xa0, 0xff, 0x48, 0xa8, 0x88, 0xff, 0x48, 0xa4, 0x88, 0xff,
    0x48, 0xa4, 0x88, 0xff, 0x48, 0xa4, 0x88, 0xff, 0x48, 0xa4, 0x88, 0xff,
    0x48, 0xa4, 0x88, 0xff, 0x48, 0xa8, 0x88, 0xff, 0x48, 0xa8, 0x88, 0xff,
    0x48, 0xa4, 0x90, 0xff, 0x48, 0xa4, 0x90, 0xff, 0x48, 0xa8, 0x88, 0xff,
    0x48, 0xa8, 0x90, 0xff, 0x48, 0xa4, 0x88, 0xff, 0x48, 0xa8, 0x88, 0xff,
    0x48, 0xa8, 0x90, 0xff, 0x48, 0xa4, 0x88, 0xff, 0x48, 0xa8, 0x88, 0xff,
    0x50, 0xb4, 0x98, 0xff, 0x50, 0xc0, 0xa0, 0xff, 0x48, 0xa4, 0x88, 0xff,
    0x48, 0xa4, 0x88, 0xff, 0x48, 0xa8, 0x88, 0xff, 0x48, 0xa8, 0x90, 0xff,
    0x48, 0xa4, 0x88, 0xff, 0x48, 0xa8, 0x88, 0xff, 0x48, 0xa8, 0x90, 0xff,
    0x48, 0xa4, 0x88, 0xff, 0x48, 0xa8, 0x88, 0xff, 0x48, 0xa4, 0x88, 0xff,
    0x48, 0xa8, 0x88, 0xff, 0x48, 0xa8, 0x90, 0xff, 0x48, 0xa4, 0x88, 0xff,
    0x48, 0xa8, 0x88, 0xff, 0x48, 0xa8, 0x88, 0xff, 0x48, 0xa4, 0x90, 0xff,
    0x48, 0xa8, 0x88, 0xff, 0x40, 0x84, 0x88, 0xff, 0x38, 0x78, 0x88, 0xff,
    0x40, 0x7c, 0x88, 0xff, 0x48, 0xa4, 0x88, 0xff, 0x48, 0xa8, 0x90, 0xff,
    0x48, 0xa8, 0x90, 0xff, 0x48, 0xa4, 0x88, 0xff, 0x48, 0xa8, 0x90, 0xff,
    0x48, 0xac, 0x90, 0xff, 0x48, 0xac, 0x90, 0xff, 0x48, 0xb0, 0x90, 0xff,
    0xa8, 0xa4, 0x98, 0xff, 0xa8, 0xa4, 0x98, 0xff, 0xb0, 0xa0, 0x98, 0xff,
    0xc8, 0x98, 0x90, 0xff, 0xc8, 0x9c, 0x98, 0xff, 0xc8, 0x98, 0x90, 0xff,
    0xc8, 0x98, 0x90, 0xff, 0xc8, 0x98, 0x98, 0xff, 0xc8, 0x98, 0x90, 0xff,
    0xc8, 0x9c, 0x90, 0xff, 0xc8, 0x98, 0x98, 0xff, 0xc8, 0x98, 0x90, 0xff,
    0xc8, 0x9c, 0x90, 0xff, 0xc8, 0x98, 0x98, 0xff, 0xc8, 0x98, 0x90, 0xff,
    0xc8, 0x98, 0x90, 0xff, 0xc8, 0x98, 0x98, 0xff, 0xa8, 0xa4, 0x98, 0xff,
    0xa8, 0xa4, 0x98, 0xff, 0x90, 0xa4, 0x98, 0xff, 0x48, 0xac, 0x90, 0xff,
    0x48, 0xb0, 0x90, 0xff, 0x48, 0xac, 0x90, 0xff, 0x48, 0xa8, 0x90, 0xff,
    0x48, 0xa4, 0x88, 0xff, 0x48, 0xa8, 0x90, 0xff, 0x48, 0xa8, 0x88, 0xff,
    0x40, 0x84, 0x88, 0xff, 0x30, 0x64, 0x80, 0xff, 0x38, 0x64, 0x80, 0xff,
    0x40, 0x84, 0x88, 0xff, 0x48, 0xa4, 0x88, 0xff, 0x48, 0xa8, 0x88, 0xff,
    0x48, 0xa4, 0x88, 0xff, 0x48, 0xa4, 0x88, 0xff, 0x48, 0xa8, 0x90, 0xff,
    0x48, 0xa4, 0x88, 0xff, 0x48, 0xa4, 0x88, 0xff, 0x48, 0xa8, 0x88, 0xff,
    0x48, 0xa4, 0x88, 0xff, 0x48, 0xa8, 0x90, 0xff, 0x48, 0xa4, 0x88, 0xff,
    0x48, 0xa8, 0x88, 0xff, 0x38, 0x64, 0x80, 0xff, 0x48, 0xa4, 0x88, 0xff,
    0x48, 0xa8, 0x88, 0xff, 0x48, 0xa4, 0x88, 0xff, 0x48, 0xa4, 0x88, 0xff,
    0x48, 0xa8, 0x90, 0xff, 0x40, 0x94, 0x88, 0xff, 0x38, 0x64, 0x80, 0xff,
    0x30, 0x64, 0x80, 0xff, 0x40, 0x84, 0x88, 0xff, 0x48, 0xa4, 0x88, 0xff,
    0x48, 0xa4, 0x88, 0xff, 0x48, 0xa8, 0x88, 0xff, 0x48, 0xa4, 0x88, 0xff,
    0x48, 0xa4, 0x88, 0xff, 0x48, 0xa8, 0x88, 0xff, 0x38, 0x64, 0x80, 0xff,
    0x30, 0x4c, 0x80, 0xff, 0x30, 0x4c, 0x80, 0xff, 0x48, 0xa8, 0x88, 0xff,
    0x48, 0xa4, 0x88, 0xff, 0x48, 0xa4, 0x88, 0xff, 0x48, 0xa8, 0x88, 0xff,
    0x48, 0xa8, 0x88, 0xff, 0x48, 0xa8, 0x88, 0xff, 0x48, 0xa4, 0x88, 0xff,
    0x48, 0xa8, 0x88, 0xff, 0x70, 0x68, 0x78, 0xff, 0x70, 0x68, 0x78, 0xff,
    0x70, 0x68, 0x78, 0xff, 0x70, 0x68, 0x78, 0xff, 0x70, 0x68, 0x78, 0xff,
    0xb0, 0x8c, 0x90, 0xff, 0xc8, 0x98, 0x90, 0xff, 0xc8, 0x98, 0x90, 0xff,
    0xc8, 0x98, 0x98, 0xff, 0xc8, 0x98, 0x90, 0xff, 0xc8, 0x9c, 0x98, 0xff,
    0xc8, 0x98, 0x90, 0xff, 0xc8, 0x98, 0x90, 0xff, 0xc8, 0x98, 0x98, 0xff,
    0xc8, 0x9c, 0x90, 0xff, 0x88, 0x74, 0x80, 0xff, 0x70, 0x68, 0x78, 0xff,
    0x70, 0x68, 0x78, 0xff, 0x70, 0x68, 0x78, 0xff, 0x68, 0x78, 0x80, 0xff,
    0x48, 0xa8, 0x88, 0xff, 0x48, 0xa4, 0x88, 0xff, 0x48, 0xa8, 0x90, 0xff,
    0x48, 0xa4, 0x88, 0xff, 0x48, 0xa8, 0x88, 0xff, 0x48, 0xa4, 0x88, 0xff,
    0x48, 0xa8, 0x90, 0xff, 0x38, 0x78, 0x88, 0xff, 0x30, 0x4c, 0x80, 0xff,
    0x30, 0x4c, 0x80, 0xff, 0x38, 0x7c, 0x88, 0xff, 0x48, 0xa8, 0x88, 0xff,
    0x48, 0xa4, 0x88, 0xff, 0x48, 0xa8, 0x88, 0xff, 0x48, 0xa4, 0x88, 0xff,
    0x48, 0xa8, 0x88, 0xff, 0x48, 0xa8, 0x90, 0xff, 0x38, 0x64, 0x80, 0xff,
    0x30, 0x4c, 0x80, 0xff, 0x30, 0x4c, 0x80, 0xff, 0x48, 0xa8, 0x88, 0xff,
    0x48, 0xa4, 0x88, 0xff, 0x48, 0xa4, 0x90, 0xff, 0x30, 0x4c, 0x80, 0xff,
    0x30, 0x4c, 0x80, 0xff, 0x30, 0x64, 0x80, 0xff, 0x48, 0xa8, 0x88, 0xff,
    0x48, 0xa4, 0x88, 0xff, 0x38, 0x78, 0x88, 0xff, 0x30, 0x4c, 0x80, 0xff,
    0x30, 0x4c, 0x80, 0xff, 0x30, 0x4c, 0x80, 0xff, 0x30, 0x4c, 0x80, 0xff,
    0x30, 0x64, 0x80, 0xff, 0x48, 0xa8, 0x90, 0xff, 0x48, 0xa4, 0x88, 0xff,
    0x40, 0x80, 0x90, 0xff, 0x30, 0x58, 0x98, 0xff, 0x30, 0x54, 0x90, 0xff,
    0x30, 0x4c, 0x80, 0xff, 0x28, 0x4c, 0x80, 0xff, 0x28, 0x4c, 0x80, 0xff,
    0x30, 0x4c, 0x80, 0xff, 0x38, 0x70, 0x80, 0xff, 0x38, 0x78, 0x88, 0xff,
    0x38, 0x7c, 0x88, 0xff, 0x30, 0x58, 0x80, 0xff, 0x30, 0x4c, 0x80, 0xff,
    0x30, 0x4c, 0x80, 0xff, 0x30, 0x4c, 0x80, 0xff, 0x20, 0x24, 0x40, 0xff,
    0x18, 0x28, 0x40, 0xff, 0x18, 0x28, 0x48, 0xff, 0x18, 0x2c, 0x48, 0xff,
    0x18, 0x28, 0x48, 0xff, 0x20, 0x24, 0x30, 0xff, 0x18, 0x2c, 0x48, 0xff,
    0x18, 0x30, 0x50, 0xff, 0x18, 0x30, 0x50, 0xff, 0x18, 0x30, 0x50, 0xff,
    0x18, 0x30, 0x50, 0xff, 0x18, 0x30, 0x50, 0xff, 0x18, 0x30, 0x50, 0xff,
    0x20, 0x30, 0x50, 0xff, 0x18, 0x2c, 0x48, 0xff, 0x18, 0x2c, 0x48, 0xff,
    0x18, 0x28, 0x48, 0xff, 0x18, 0x28, 0x48, 0xff, 0x18, 0x2c, 0x48, 0xff,
    0x20, 0x30, 0x50, 0xff, 0x30, 0x4c, 0x80, 0xff, 0x30, 0x4c, 0x80, 0xff,
    0x30, 0x4c, 0x80, 0xff, 0x38, 0x64, 0x80, 0xff, 0x38, 0x78, 0x88, 0xff,
    0x38, 0x7c, 0x88, 0xff, 0x30, 0x58, 0x80, 0xff, 0x30, 0x4c, 0x80, 0xff,
    0x30, 0x4c, 0x80, 0xff, 0x28, 0x4c, 0x80, 0xff, 0x30, 0x4c, 0x80, 0xff,
    0x30, 0x58, 0x98, 0xff, 0x38, 0x58, 0x98, 0xff, 0x48, 0xa8, 0x88, 0xff,
    0x48, 0xa4, 0x88, 0xff, 0x48, 0xa4, 0x90, 0xff, 0x30, 0x4c, 0x80, 0xff,
    0x28, 0x4c, 0x80, 0xff, 0x28, 0x4c, 0x80, 0xff, 0x30, 0x4c, 0x80, 0xff,
    0x30, 0x4c, 0x80, 0xff, 0x48, 0xa8, 0x88, 0xff, 0x48, 0xa8, 0x88, 0xff,
    0x28, 0x4c, 0x80, 0xff, 0x30, 0x4c, 0x80, 0xff, 0x30, 0x58, 0x80, 0xff,
    0x38, 0x7c, 0x88, 0xff, 0x40, 0x7c, 0x88, 0xff, 0x38, 0x64, 0x80, 0xff,
    0x30, 0x4c, 0x80, 0xff, 0x28, 0x4c, 0x80, 0xff, 0x30, 0x4c, 0x80, 0xff,
    0x30, 0x4c, 0x80, 0xff, 0x30, 0x58, 0x80, 0xff, 0x38, 0x7c, 0x88, 0xff,
    0x38, 0x78, 0x88, 0xff, 0x38, 0x68, 0x90, 0xff, 0x38, 0x58, 0x98, 0xff,
    0x30, 0x54, 0x90, 0xff, 0x30, 0x4c, 0x80, 0xff, 0x30, 0x4c, 0x80, 0xff,
    0x28, 0x4c, 0x80, 0xff, 0x30, 0x4c, 0x80, 0xff, 0x30, 0x50, 0x88, 0xff,
    0x30, 0x54, 0x90, 0xff, 0x30, 0x54, 0x90, 0xff, 0x30, 0x54, 0x90, 0xff,
    0x30, 0x54, 0x90, 0xff, 0x30, 0x50, 0x80, 0xff, 0x30, 0x4c, 0x80, 0xff,
    0x18, 0x24, 0x40, 0xff, 0x18, 0x24, 0x38, 0xff, 0x20, 0x24, 0x38, 0xff,
    0x20, 0x20, 0x30, 0xff, 0x20, 0x20, 0x30, 0xff, 0x20, 0x20, 0x30, 0xff,
    0x18, 0x20, 0x30, 0xff, 0x20, 0x20, 0x30, 0xff, 0x18, 0x20, 0x30, 0xff,
    0x18, 0x20, 0x30, 0xff, 0x20, 0x20, 0x30, 0xff, 0x18, 0x20, 0x30, 0xff,
    0x18, 0x20, 0x30, 0xff, 0x20, 0x20, 0x30, 0xff, 0x18, 0x20, 0x30, 0xff,
    0x20, 0x20, 0x30, 0xff, 0x20, 0x20, 0x30, 0xff, 0x20, 0x20, 0x30, 0xff,
    0x18, 0x24, 0x38, 0xff, 0x20, 0x30, 0x50, 0xff, 0x30, 0x4c, 0x80, 0xff,
    0x30, 0x54, 0x88, 0xff, 0x30, 0x58, 0x90, 0xff, 0x38, 0x58, 0x98, 0xff,
    0x38, 0x58, 0x90, 0xff, 0x30, 0x58, 0x90, 0xff, 0x30, 0x50, 0x80, 0xff,
    0x30, 0x4c, 0x80, 0xff, 0x28, 0x4c, 0x78, 0xff, 0x30, 0x4c, 0x80, 0xff,
    0x30, 0x4c, 0x80, 0xff, 0x30, 0x58, 0x90, 0xff, 0x30, 0x58, 0x98, 0xff,
    0x38, 0x7c, 0x88, 0xff, 0x38, 0x7c, 0x88, 0xff, 0x38, 0x78, 0x80, 0xff,
    0x30, 0x4c, 0x80, 0xff, 0x30, 0x4c, 0x80, 0xff, 0x28, 0x4c, 0x80, 0xff,
    0x30, 0x4c, 0x80, 0xff, 0x28, 0x4c, 0x80, 0xff, 0x38, 0x7c, 0x88, 0xff,
    0x38, 0x78, 0x80, 0xff, 0x30, 0x4c, 0x80, 0xff, 0x30, 0x4c, 0x80, 0xff,
    0x30, 0x4c, 0x80, 0xff, 0x30, 0x4c, 0x80, 0xff, 0x30, 0x50, 0x80, 0xff,
    0x30, 0x50, 0x80, 0xff, 0x30, 0x50, 0x80, 0xff, 0x30, 0x50, 0x80, 0xff,
    0x28, 0x50, 0x80, 0xff, 0x30, 0x4c, 0x80, 0xff, 0x30, 0x4c, 0x80, 0xff,
    0x30, 0x50, 0x80, 0xff, 0x30, 0x50, 0x80, 0xff, 0x30, 0x54, 0x88, 0xff,
    0x38, 0x58, 0x90, 0xff, 0x30, 0x54, 0x90, 0xff, 0x30, 0x50, 0x80, 0xff,
    0x30, 0x50, 0x78, 0xff, 0x30, 0x4c, 0x78, 0xff, 0x28, 0x50, 0x80, 0xff,
    0x30, 0x54, 0x88, 0xff, 0x38, 0x58, 0x90, 0xff, 0x38, 0x58, 0x90, 0xff,
    0x38, 0x5c, 0x98, 0xff, 0x38, 0x5c, 0x98, 0xff, 0x30, 0x50, 0x80, 0xff,
    0x30, 0x4c, 0x80, 0xff, 0x18, 0x34, 0x60, 0xff, 0x18, 0x34, 0x60, 0xff,
    0x18, 0x34, 0x60, 0xff, 0x18, 0x34, 0x60, 0xff, 0x18, 0x34, 0x60, 0xff,
    0x18, 0x34, 0x60, 0xff, 0x18, 0x34, 0x60, 0xff, 0x18, 0x34, 0x60, 0xff,
    0x18, 0x34, 0x60, 0xff, 0x18, 0x34, 0x60, 0xff, 0x18, 0x34, 0x60, 0xff,
    0x18, 0x34, 0x60, 0xff, 0x18, 0x34, 0x60, 0xff, 0x18, 0x34, 0x60, 0xff,
    0x18, 0x34, 0x60, 0xff, 0x18, 0x34, 0x60, 0xff, 0x18, 0x34, 0x60, 0xff,
    0x18, 0x34, 0x60, 0xff, 0x18, 0x34, 0x60, 0xff, 0x20, 0x38, 0x68, 0xff,
    0x30, 0x4c, 0x80, 0xff, 0x30, 0x54, 0x88, 0xff, 0x38, 0x60, 0x98, 0xff,
    0x30, 0x58, 0x90, 0xff, 0x38, 0x58, 0x98, 0xff, 0x30, 0x58, 0x90, 0xff,
    0x30, 0x50, 0x88, 0xff, 0x30, 0x4c, 0x80, 0xff, 0x28, 0x50, 0x80, 0xff,
    0x30, 0x4c, 0x78, 0xff, 0x30, 0x4c, 0x80, 0xff, 0x30, 0x58, 0x90, 0xff,
    0x38, 0x58, 0x90, 0xff, 0x30, 0x54, 0x88, 0xff, 0x30, 0x54, 0x88, 0xff,
    0x30, 0x50, 0x80, 0xff, 0x30, 0x4c, 0x80, 0xff, 0x30, 0x50, 0x80, 0xff,
    0x30, 0x54, 0x88, 0xff, 0x30, 0x54, 0x88, 0xff, 0x30, 0x54, 0x88, 0xff,
    0x30, 0x54, 0x88, 0xff, 0x30, 0x50, 0x88, 0xff, 0x28, 0x4c, 0x80, 0xff,
    0x28, 0x4c, 0x80, 0xff, 0x30, 0x4c, 0x80, 0xff, 0x28, 0x4c, 0x80, 0xff,
    0x30, 0x58, 0x90, 0xff, 0x30, 0x58, 0x90, 0xff, 0x30, 0x54, 0x90, 0xff,
    0x30, 0x58, 0x90, 0xff, 0x30, 0x58, 0x90, 0xff, 0x30, 0x50, 0x80, 0xff,
    0x30, 0x50, 0x80, 0xff, 0x30, 0x58, 0x90, 0xff, 0x30, 0x58, 0x98, 0xff,
    0x38, 0x58, 0x90, 0xff, 0x30, 0x58, 0x90, 0xff, 0x30, 0x58, 0x90, 0xff,
    0x30, 0x54, 0x90, 0xff, 0x30, 0x54, 0x90, 0xff, 0x30, 0x54, 0x90, 0xff,
    0x30, 0x54, 0x88, 0xff, 0x30, 0x54, 0x88, 0xff, 0x30, 0x54, 0x90, 0xff,
    0x38, 0x58, 0x98, 0xff, 0x38, 0x58, 0x90, 0xff, 0x30, 0x58, 0x98, 0xff,
    0x30, 0x50, 0x80, 0xff, 0x30, 0x4c, 0x80, 0xff, 0x30, 0x44, 0x68, 0xff,
    0x50, 0x54, 0x70, 0xff, 0x70, 0x68, 0x78, 0xff, 0x60, 0x60, 0x78, 0xff,
    0x40, 0x4c, 0x68, 0xff, 0x40, 0x4c, 0x68, 0xff, 0x40, 0x4c, 0x68, 0xff,
    0x40, 0x50, 0x68, 0xff, 0x48, 0x50, 0x68, 0xff, 0x30, 0x40, 0x60, 0xff,
    0x18, 0x34, 0x60, 0xff, 0x18, 0x34, 0x60, 0xff, 0x18, 0x34, 0x60, 0xff,
    0x18, 0x34, 0x60, 0xff, 0x18, 0x34, 0x60, 0xff, 0x18, 0x34, 0x58, 0xff,
    0x18, 0x34, 0x60, 0xff, 0x18, 0x34, 0x60, 0xff, 0x18, 0x34, 0x60, 0xff,
    0x18, 0x3c, 0x60, 0xff, 0x30, 0x4c, 0x80, 0xff, 0x30, 0x54, 0x88, 0xff,
    0x38, 0x58, 0x90, 0xff, 0x38, 0x58, 0x98, 0xff, 0x30, 0x58, 0x90, 0xff,
    0x30, 0x54, 0x88, 0xff, 0x30, 0x50, 0x88, 0xff, 0x30, 0x54, 0x90, 0xff,
    0x30, 0x54, 0x90, 0xff, 0x30, 0x58, 0x90, 0xff, 0x30, 0x54, 0x90, 0xff,
    0x38, 0x58, 0x90, 0xff, 0x38, 0x58, 0x98, 0xff, 0x38, 0x58, 0x90, 0xff,
    0x38, 0x58, 0x90, 0xff, 0x30, 0x50, 0x88, 0xff, 0x30, 0x50, 0x80, 0xff,
    0x30, 0x50, 0x80, 0xff, 0x30, 0x58, 0x90, 0xff, 0x30, 0x54, 0x88, 0xff,
    0x30, 0x54, 0x88, 0xff, 0x38, 0x58, 0x90, 0xff, 0x30, 0x54, 0x90, 0xff,
    0x30, 0x54, 0x90, 0xff, 0x30, 0x58, 0x90, 0xff, 0x30, 0x54, 0x90, 0xff,
    0x30, 0x54, 0x90, 0xff, 0x38, 0x58, 0x90, 0xff, 0x30, 0x50, 0x88, 0xff,
    0x30, 0x4c, 0x80, 0xff, 0x30, 0x50, 0x88, 0xff, 0x30, 0x58, 0x98, 0xff,
    0x30, 0x58, 0x90, 0xff, 0x38, 0x58, 0x98, 0xff, 0x30, 0x50, 0x88, 0xff,
    0x30, 0x50, 0x80, 0xff, 0x30, 0x58, 0x90, 0xff, 0x38, 0x58, 0x98, 0xff,
    0x38, 0x58, 0x98, 0xff, 0x30, 0x58, 0x90, 0xff, 0x38, 0x58, 0x98, 0xff,
    0x38, 0x58, 0x98, 0xff, 0x30, 0x54, 0x90, 0xff, 0x30, 0x4c, 0x80, 0xff,
    0x30, 0x4c, 0x80, 0xff, 0x30, 0x58, 0x90, 0xff, 0x30, 0x58, 0x98, 0xff,
    0x38, 0x58, 0x90, 0xff, 0x30, 0x54, 0x88, 0xff, 0x30, 0x50, 0x80, 0xff,
    0x88, 0x74, 0x80, 0xff, 0xc8, 0x98, 0x90, 0xff, 0xc8, 0x98, 0x90, 0xff,
    0xc8, 0x98, 0x90, 0xff, 0xc8, 0x9c, 0x90, 0xff, 0xc8, 0x98, 0x98, 0xff,
    0xc8, 0x98, 0x90, 0xff, 0xc8, 0x98, 0x98, 0xff, 0xc8, 0x98, 0x90, 0xff,
    0x88, 0x74, 0x80, 0xff, 0x40, 0x4c, 0x68, 0xff, 0x48, 0x50, 0x60, 0xff,
    0x48, 0x4c, 0x60, 0xff, 0x50, 0x54, 0x68, 0xff, 0x60, 0x60, 0x70, 0xff,
    0x50, 0x54, 0x70, 0xff, 0x28, 0x40, 0x60, 0xff, 0x18, 0x34, 0x60, 0xff,
    0x18, 0x34, 0x60, 0xff, 0x40, 0x50, 0x70, 0xff, 0x30, 0x50, 0x80, 0xff,
    0x30, 0x54, 0x90, 0xff, 0x30, 0x58, 0x90, 0xff, 0x38, 0x58, 0x98, 0xff,
    0x30, 0x54, 0x90, 0xff, 0x30, 0x4c, 0x80, 0xff, 0x30, 0x4c, 0x80, 0xff,
    0x30, 0x58, 0x90, 0xff, 0x38, 0x58, 0x90, 0xff, 0x38, 0x58, 0x90, 0xff,
    0x30, 0x58, 0x98, 0xff, 0x30, 0x58, 0x98, 0xff, 0x30, 0x58, 0x90, 0xff,
    0x30, 0x50, 0x88, 0xff, 0x30, 0x4c, 0x80, 0xff, 0x30, 0x50, 0x88, 0xff,
    0x30, 0x58, 0x98, 0xff, 0x30, 0x58, 0x90, 0xff, 0x38, 0x58, 0x98, 0xff,
    0x30, 0x4c, 0x80, 0xff, 0x30, 0x4c, 0x80, 0xff, 0x30, 0x54, 0x90, 0xff,
    0x38, 0x58, 0x90, 0xff, 0x30, 0x58, 0x90, 0xff, 0x30, 0x54, 0x90, 0xff,
    0x38, 0x58, 0x90, 0xff, 0x38, 0x58, 0x90, 0xff, 0x30, 0x58, 0x90, 0xff,
    0x30, 0x54, 0x90, 0xff, 0x30, 0x54, 0x88, 0xff, 0x30, 0x54, 0x88, 0xff,
    0x38, 0x58, 0x98, 0xff, 0x38, 0x58, 0x90, 0xff, 0x30, 0x58, 0x98, 0xff,
    0x30, 0x4c, 0x80, 0xff, 0x30, 0x4c, 0x80, 0xff, 0x30, 0x54, 0x90, 0xff,
    0x30, 0x58, 0x98, 0xff, 0x38, 0x58, 0x90, 0xff, 0x30, 0x58, 0x90, 0xff,
    0x30, 0x54, 0x90, 0xff, 0x30, 0x58, 0x90, 0xff, 0x30, 0x58, 0x90, 0xff,
    0x30, 0x54, 0x88, 0xff, 0x30, 0x54, 0x88, 0xff, 0x38, 0x58, 0x98, 0xff,
    0x30, 0x58, 0x90, 0xff, 0x30, 0x58, 0x98, 0xff, 0x38, 0x58, 0x98, 0xff,
    0x30, 0x58, 0x90, 0xff, 0xc8, 0x98, 0x90, 0xff, 0xc8, 0x9c, 0x90, 0xff,
    0xc8, 0x98, 0x98, 0xff, 0xc8, 0x98, 0x90, 0xff, 0xc8, 0x9c, 0x90, 0xff,
    0xc8, 0x98, 0x98, 0xff, 0xc8, 0x98, 0x90, 0xff, 0xc8, 0x98, 0x90, 0xff,
    0xc8, 0x98, 0x98, 0xff, 0xc8, 0x98, 0x90, 0xff, 0xc8, 0x98, 0x90, 0xff,
    0xc8, 0x98, 0x90, 0xff, 0xc8, 0x98, 0x90, 0xff, 0xc8, 0x98, 0x90, 0xff,
    0xc8, 0x98, 0x90, 0xff, 0xc8, 0x98, 0x90, 0xff, 0x98, 0x80, 0x88, 0xff,
    0x58, 0x5c, 0x70, 0xff, 0x18, 0x34, 0x60, 0xff, 0xa0, 0x88, 0x90, 0xff,
    0x30, 0x58, 0x90, 0xff, 0x30, 0x58, 0x98, 0xff, 0x38, 0x58, 0x90, 0xff,
    0x30, 0x58, 0x90, 0xff, 0x30, 0x58, 0x90, 0xff, 0x30, 0x54, 0x88, 0xff,
    0x30, 0x54, 0x88, 0xff, 0x38, 0x58, 0x90, 0xff, 0x30, 0x54, 0x90, 0xff,
    0x30, 0x54, 0x90, 0xff, 0x30, 0x58, 0x90, 0xff, 0x38, 0x58, 0x90, 0xff,
    0x30, 0x58, 0x98, 0xff, 0x30, 0x50, 0x80, 0xff, 0x28, 0x4c, 0x80, 0xff,
    0x30, 0x50, 0x80, 0xff, 0x30, 0x58, 0x98, 0xff, 0x38, 0x58, 0x90, 0xff,
    0x30, 0x58, 0x90, 0xff, 0x30, 0x54, 0x88, 0xff, 0x30, 0x54, 0x88, 0xff,
    0x30, 0x58, 0x90, 0xff, 0x30, 0x58, 0x90, 0xff, 0x30, 0x50, 0x80, 0xff,
    0x30, 0x4c, 0x80, 0xff, 0x30, 0x50, 0x80, 0xff, 0x30, 0x58, 0x90, 0xff,
    0x38, 0x58, 0x98, 0xff, 0x30, 0x58, 0x90, 0xff, 0x38, 0x58, 0x90, 0xff,
    0x30, 0x58, 0x98, 0xff, 0x30, 0x54, 0x88, 0xff, 0x30, 0x50, 0x80, 0xff,
    0x30, 0x50, 0x80, 0xff, 0x30, 0x54, 0x88, 0xff, 0x30, 0x58, 0x90, 0xff,
    0x38, 0x58, 0x98, 0xff, 0x30, 0x58, 0x90, 0xff, 0x38, 0x58, 0x90, 0xff,
    0x30, 0x50, 0x88, 0xff, 0x30, 0x4c, 0x80, 0xff, 0x30, 0x54, 0x88, 0xff,
    0x38, 0x58, 0x90, 0xff, 0x38, 0x58, 0x90, 0xff, 0x30, 0x54, 0x90, 0xff,
    0x30, 0x54, 0x88, 0xff, 0x30, 0x54, 0x88, 0xff, 0x30, 0x54, 0x88, 0xff,
    0x30, 0x50, 0x88, 0xff, 0x30, 0x50, 0x88, 0xff, 0xc8, 0x98, 0x90, 0xff,
    0xc8, 0x98, 0x90, 0xff, 0xc8, 0x98, 0x98, 0xff, 0xc8, 0x98, 0x90, 0xff,
    0xc8, 0x98, 0x98, 0xff, 0xc8, 0x9c, 0x90, 0xff, 0xc8, 0x98, 0x90, 0xff,
    0xc8, 0x9c, 0x98, 0xff, 0xc8, 0x98, 0x90, 0xff, 0xc8, 0x98, 0x98, 0xff,
    0xc8, 0x9c, 0x98, 0xff, 0xc8, 0x98, 0x90, 0xff, 0xc8, 0x98, 0x90, 0xff,
    0xc8, 0x98, 0x98, 0xff, 0xc8, 0x98, 0x90, 0xff, 0xc8, 0x98, 0x90, 0xff,
    0xc8, 0x98, 0x90, 0xff, 0xc8, 0x98, 0x90, 0xff, 0xc8, 0x98, 0x90, 0xff,
    0xa0, 0x88, 0x90, 0xff, 0x30, 0x4c, 0x80, 0xff, 0x30, 0x4c, 0x80, 0xff,
    0x30, 0x54, 0x88, 0xff, 0x30, 0x54, 0x88, 0xff, 0x30, 0x54, 0x88, 0xff,
    0x30, 0x54, 0x90, 0xff, 0x38, 0x58, 0x98, 0xff, 0x30, 0x54, 0x90, 0xff,
    0x30, 0x4c, 0x80, 0xff, 0x30, 0x50, 0x80, 0xff, 0x30, 0x50, 0x88, 0xff,
    0x30, 0x54, 0x90, 0xff, 0x38, 0x58, 0x90, 0xff, 0x30, 0x58, 0x98, 0xff,
    0x38, 0x58, 0x90, 0xff, 0x30, 0x50, 0x80, 0xff, 0x30, 0x4c, 0x80, 0xff,
    0x30, 0x4c, 0x80, 0xff, 0x30, 0x54, 0x90, 0xff, 0x30, 0x58, 0x98, 0xff,
    0x38, 0x58, 0x90, 0xff, 0x38, 0x58, 0x98, 0xff, 0x30, 0x58, 0x98, 0xff,
    0x28, 0x48, 0x78, 0xff, 0x28, 0x44, 0x70, 0xff, 0x30, 0x50, 0x88, 0xff,
    0x30, 0x58, 0x98, 0xff, 0x38, 0x58, 0x98, 0xff, 0x38, 0x58, 0x90, 0xff,
    0x30, 0x58, 0x98, 0xff, 0x30, 0x58, 0x90, 0xff, 0x28, 0x48, 0x80, 0xff,
    0x28, 0x48, 0x70, 0xff, 0x28, 0x4c, 0x78, 0xff, 0x30, 0x54, 0x88, 0xff,
    0x38, 0x58, 0x98, 0xff, 0x30, 0x58, 0x90, 0xff, 0x30, 0x50, 0x88, 0xff,
    0x30, 0x4c, 0x80, 0xff, 0x30, 0x4c, 0x80, 0xff, 0x18, 0x38, 0x60, 0xff,
    0x18, 0x30, 0x50, 0xff, 0x18, 0x30, 0x50, 0xff, 0x30, 0x50, 0x88, 0xff,
    0x30, 0x50, 0x88, 0xff, 0x30, 0x4c, 0x80, 0xff, 0x30, 0x50, 0x80, 0xff,
    0x30, 0x50, 0x80, 0xff, 0x30, 0x4c, 0x80, 0xff, 0x28, 0x4c, 0x80, 0xff,
    0xc8, 0x9c, 0x90, 0xff, 0xc8, 0x98, 0x98, 0xff, 0xc8, 0x9c, 0x90, 0xff,
    0xc8, 0x98, 0x90, 0xff, 0xc8, 0x98, 0x98, 0xff, 0xc8, 0x98, 0x90, 0xff,
    0xc8, 0x98, 0x98, 0xff, 0xc8, 0x9c, 0x90, 0xff, 0xc8, 0x98, 0x90, 0xff,
    0xc8, 0x98, 0x90, 0xff, 0xc8, 0x9c, 0x98, 0xff, 0xc8, 0x98, 0x90, 0xff,
    0xc8, 0x98, 0x98, 0xff, 0xc8, 0x9c, 0x98, 0xff, 0xc8, 0x9c, 0x90, 0xff,
    0xc8, 0x98, 0x98, 0xff, 0xc8, 0x98, 0x98, 0xff, 0xc8, 0x98, 0x90, 0xff,
    0xc8, 0x98, 0x90, 0xff, 0xa0, 0x88, 0x90, 0xff, 0x30, 0x4c, 0x80, 0xff,
    0x30, 0x4c, 0x80, 0xff, 0x30, 0x54, 0x88, 0xff, 0x30, 0x4c, 0x80, 0xff,
    0x30, 0x4c, 0x80, 0xff, 0x30, 0x54, 0x88, 0xff, 0x28, 0x44, 0x70, 0xff,
    0x18, 0x30, 0x50, 0xff, 0x18, 0x30, 0x50, 0xff, 0x28, 0x48, 0x70, 0xff,
    0x30, 0x4c, 0x80, 0xff, 0x30, 0x4c, 0x80, 0xff, 0x30, 0x54, 0x88, 0xff,
    0x30, 0x58, 0x90, 0xff, 0x38, 0x58, 0x98, 0xff, 0x30, 0x50, 0x88, 0xff,
    0x28, 0x48, 0x70, 0xff, 0x28, 0x48, 0x70, 0xff, 0x28, 0x4c, 0x80, 0xff,
    0x38, 0x58, 0x98, 0xff, 0x38, 0x58, 0x90, 0xff, 0x30, 0x58, 0x90, 0xff,
    0x38, 0x58, 0x98, 0xff, 0x18, 0x30, 0x50, 0xff, 0x18, 0x30, 0x50, 0xff,
    0x28, 0x48, 0x78, 0xff, 0x30, 0x50, 0x80, 0xff, 0x30, 0x50, 0x80, 0xff,
    0x30, 0x58, 0x90, 0xff, 0x38, 0x58, 0x98, 0xff, 0x28, 0x48, 0x78, 0xff,
    0x18, 0x30, 0x50, 0xff, 0x18, 0x30, 0x58, 0xff, 0x20, 0x40, 0x68, 0xff,
    0x30, 0x54, 0x88, 0xff, 0x38, 0x58, 0x98, 0xff, 0x30, 0x58, 0x98, 0xff,
    0x30, 0x50, 0x80, 0xff, 0x30, 0x4c, 0x80, 0xff, 0x28, 0x4c, 0x80, 0xff,
    0x20, 0x38, 0x60, 0xff, 0x18, 0x30, 0x50, 0xff, 0x18, 0x30, 0x50, 0xff,
    0x28, 0x50, 0x88, 0xff, 0x30, 0x54, 0x88, 0xff, 0x30, 0x54, 0x88, 0xff,
    0x30, 0x54, 0x90, 0xff, 0x30, 0x50, 0x80, 0xff, 0x30, 0x4c, 0x80, 0xff,
    0x30, 0x4c, 0x80, 0xff, 0xc8, 0x98, 0x90, 0xff, 0xc8, 0x98, 0x90, 0xff,
    0xc8, 0x9c, 0x98, 0xff, 0xc8, 0x98, 0x90, 0xff, 0xc8, 0x98, 0x90, 0xff,
    0xc8, 0x9c, 0x98, 0xff, 0xc8, 0x98, 0x90, 0xff, 0xc8, 0x98, 0x98, 0xff,
    0xc8, 0x98, 0x90, 0xff, 0xc8, 0x98, 0x90, 0xff, 0xc8, 0x98, 0x90, 0xff,
    0xc8, 0x98, 0x90, 0xff, 0xc8, 0x98, 0x90, 0xff, 0xc8, 0x9c, 0x90, 0xff,
    0xc8, 0x98, 0x90, 0xff, 0xc8, 0x98, 0x98, 0xff, 0xc8, 0x9c, 0x90, 0xff,
    0xc8, 0x98, 0x98, 0xff, 0xc8, 0x98, 0x90, 0xff, 0xa0, 0x88, 0x90, 0xff,
    0x28, 0x4c, 0x80, 0xff, 0x30, 0x4c, 0x80, 0xff, 0x30, 0x54, 0x88, 0xff,
    0x30, 0x54, 0x88, 0xff, 0x30, 0x54, 0x88, 0xff, 0x30, 0x54, 0x90, 0xff,
    0x28, 0x44, 0x78, 0xff, 0x18, 0x30, 0x50, 0xff, 0x18, 0x34, 0x50, 0xff,
    0x28, 0x48, 0x70, 0xff, 0x28, 0x4c, 0x80, 0xff, 0x30, 0x4c, 0x80, 0xff,
    0x30, 0x50, 0x88, 0xff, 0x30, 0x54, 0x90, 0xff, 0x30, 0x54, 0x90, 0xff,
    0x30, 0x50, 0x80, 0xff, 0x18, 0x30, 0x50, 0xff, 0x18, 0x30, 0x50, 0xff,
    0x18, 0x30, 0x58, 0xff, 0x30, 0x54, 0x88, 0xff, 0x30, 0x58, 0x90, 0xff,
    0x30, 0x54, 0x90, 0xff, 0x30, 0x50, 0x80, 0xff, 0x20, 0x38, 0x60, 0xff,
    0x20, 0x38, 0x60, 0xff, 0x28, 0x48, 0x78, 0xff, 0x30, 0x4c, 0x80, 0xff,
    0x28, 0x4c, 0x80, 0xff, 0x30, 0x54, 0x90, 0xff, 0x38, 0x58, 0x90, 0xff,
    0x28, 0x48, 0x78, 0xff, 0x20, 0x38, 0x60, 0xff, 0x20, 0x38, 0x60, 0xff,
    0x28, 0x44, 0x70, 0xff, 0x30, 0x4c, 0x80, 0xff, 0x30, 0x4c, 0x80, 0xff,
    0x28, 0x4c, 0x80, 0xff, 0x30, 0x4c, 0x80, 0xff, 0x30, 0x50, 0x78, 0xff,
    0x28, 0x4c, 0x80, 0xff, 0x30, 0x50, 0x80, 0xff, 0x30, 0x4c, 0x80, 0xff,
    0x30, 0x50, 0x80, 0xff, 0x30, 0x58, 0x98, 0xff, 0x38, 0x58, 0x90, 0xff,
    0x30, 0x58, 0x98, 0xff, 0x30, 0x58, 0x90, 0xff, 0x30, 0x50, 0x80, 0xff,
    0x28, 0x4c, 0x80, 0xff, 0x30, 0x4c, 0x80, 0xff, 0xc8, 0x98, 0x90, 0xff,
    0xc8, 0x98, 0x90, 0xff, 0xc8, 0x98, 0x98, 0xff, 0xc8, 0x98, 0x90, 0xff,
    0xc8, 0x9c, 0x90, 0xff, 0xc8, 0x98, 0x98, 0xff, 0xc8, 0x98, 0x90, 0xff,
    0xc8, 0x9c, 0x90, 0xff, 0xc8, 0x98, 0x98, 0xff, 0xc8, 0x9c, 0x98, 0xff,
    0xc8, 0x98, 0x98, 0xff, 0xc8, 0x98, 0x90, 0xff, 0xc8, 0x9c, 0x98, 0xff,
    0xc8, 0x98, 0x90, 0xff, 0xc8, 0x98, 0x90, 0xff, 0xc8, 0x98, 0x90, 0xff,
    0xc8, 0x9c, 0x90, 0xff, 0xc8, 0x98, 0x90, 0xff, 0xc8, 0x98, 0x98, 0xff,
    0xa0, 0x88, 0x90, 0xff, 0x30, 0x4c, 0x80, 0xff, 0x28, 0x4c, 0x80, 0xff,
    0x30, 0x4c, 0x80, 0xff, 0x30, 0x58, 0x90, 0xff, 0x30, 0x58, 0x98, 0xff,
    0x38, 0x58, 0x98, 0xff, 0x30, 0x58, 0x90, 0xff, 0x30, 0x4c, 0x80, 0xff,
    0x30, 0x4c, 0x80, 0xff, 0x28, 0x4c, 0x80, 0xff, 0x30, 0x4c, 0x80, 0xff,
    0x30, 0x50, 0x80, 0xff, 0x30, 0x4c, 0x80, 0xff, 0x30, 0x4c, 0x80, 0xff,
    0x28, 0x50, 0x80, 0xff, 0x30, 0x4c, 0x80, 0xff, 0x20, 0x40, 0x68, 0xff,
    0x20, 0x40, 0x68, 0xff, 0x20, 0x40, 0x68, 0xff, 0x30, 0x50, 0x88, 0xff,
    0x38, 0x58, 0x98, 0xff, 0x30, 0x54, 0x88, 0xff, 0x30, 0x4c, 0x80, 0xff,
    0x28, 0x4c, 0x80, 0xff, 0x30, 0x4c, 0x80, 0xff, 0x30, 0x4c, 0x80, 0xff,
    0x28, 0x4c, 0x80, 0xff, 0x30, 0x4c, 0x80, 0xff, 0x30, 0x54, 0x90, 0xff,
    0x38, 0x58, 0x90, 0xff, 0x30, 0x54, 0x88, 0xff, 0x30, 0x50, 0x88, 0xff,
    0x30, 0x4c, 0x80, 0xff, 0x28, 0x4c, 0x80, 0xff, 0x30, 0x4c, 0x80, 0xff,
    0x30, 0x4c, 0x78, 0xff, 0x28, 0x4c, 0x80, 0xff, 0x30, 0x4c, 0x80, 0xff,
    0x30, 0x4c, 0x80, 0xff, 0x28, 0x4c, 0x78, 0xff, 0x28, 0x4c, 0x80, 0xff,
    0x30, 0x50, 0x80, 0xff, 0x30, 0x50, 0x80, 0xff, 0x30, 0x54, 0x90, 0xff,
    0x30, 0x54, 0x90, 0xff, 0x30, 0x54, 0x90, 0xff, 0x30, 0x54, 0x88, 0xff,
    0x30, 0x4c, 0x80, 0xff, 0x30, 0x4c, 0x80, 0xff, 0x28, 0x50, 0x80, 0xff,
    0xc8, 0x9c, 0x90, 0xff, 0xc8, 0x98, 0x90, 0xff, 0xc8, 0x98, 0x98, 0xff,
    0xc8, 0x9c, 0x90, 0xff, 0xc8, 0x98, 0x98, 0xff, 0xc8, 0x98, 0x90, 0xff,
    0xc8, 0x98, 0x90, 0xff, 0xc8, 0x98, 0x98, 0xff, 0xc8, 0x98, 0x90, 0xff,
    0xc8, 0x9c, 0x90, 0xff, 0xc8, 0x98, 0x90, 0xff, 0xc8, 0x98, 0x98, 0xff,
    0xc8, 0x98, 0x98, 0xff, 0xc8, 0x98, 0x98, 0xff, 0xc8, 0x98, 0x90, 0xff,
    0xc8, 0x9c, 0x98, 0xff, 0xc8, 0x98, 0x98, 0xff, 0xc8, 0x98, 0x90, 0xff,
    0xc8, 0x98, 0x90, 0xff, 0xa0, 0x88, 0x90, 0xff, 0x30, 0x4c, 0x78, 0xff,
    0x30, 0x4c, 0x80, 0xff, 0x30, 0x4c, 0x80, 0xff, 0x30, 0x54, 0x90, 0xff,
    0x30, 0x54, 0x90, 0xff, 0x30, 0x54, 0x90, 0xff, 0x30, 0x54, 0x90, 0xff,
    0x30, 0x50, 0x80, 0xff, 0x28, 0x4c, 0x80, 0xff, 0x30, 0x4c, 0x80, 0xff,
    0x28, 0x4c, 0x80, 0xff, 0x28, 0x50, 0x78, 0xff, 0x30, 0x4c, 0x78, 0xff,
    0x28, 0x4c, 0x80, 0xff, 0x30, 0x4c, 0x80, 0xff, 0x30, 0x4c, 0x80, 0xff,
    0x30, 0x4c, 0x80, 0xff, 0x30, 0x4c, 0x80, 0xff, 0x30, 0x54, 0x88, 0xff,
    0x30, 0x54, 0x90, 0xff, 0x38, 0x58, 0x90, 0xff, 0x30, 0x54, 0x88, 0xff,
    0x28, 0x4c, 0x80, 0xff, 0x28, 0x48, 0x70, 0xff, 0x28, 0x48, 0x70, 0xff,
    0x28, 0x48, 0x70, 0xff, 0x28, 0x48, 0x70, 0xff, 0x28, 0x48, 0x70, 0xff,
    0x30, 0x50, 0x88, 0xff, 0x30, 0x54, 0x88, 0xff, 0x30, 0x54, 0x88, 0xff,
    0x28, 0x4c, 0x80, 0xff, 0x28, 0x48, 0x70, 0xff, 0x28, 0x48, 0x70, 0xff,
    0x28, 0x48, 0x70, 0xff, 0x28, 0x48, 0x70, 0xff, 0x28, 0x48, 0x70, 0xff,
    0x28, 0x48, 0x70, 0xff, 0x28, 0x48, 0x70, 0xff, 0x28, 0x48, 0x70, 0xff,
    0x28, 0x48, 0x70, 0xff, 0x28, 0x48, 0x78, 0xff, 0x28, 0x48, 0x70, 0xff,
    0x28, 0x48, 0x70, 0xff, 0x28, 0x48, 0x78, 0xff, 0x28, 0x48, 0x70, 0xff,
    0x28, 0x48, 0x70, 0xff, 0x28, 0x48, 0x70, 0xff, 0x28, 0x48, 0x70, 0xff,
    0x28, 0x48, 0x78, 0xff, 0xc8, 0x98, 0x90, 0xff, 0xc8, 0x98, 0x98, 0xff,
    0xc8, 0x98, 0x90, 0xff, 0xc8, 0x98, 0x90, 0xff, 0xc8, 0x98, 0x98, 0xff,
    0xc8, 0x9c, 0x90, 0xff, 0xc8, 0x98, 0x90, 0xff, 0xc8, 0x98, 0x98, 0xff,
    0xc8, 0x98, 0x90, 0xff, 0xc8, 0x98, 0x90, 0xff, 0xc8, 0x9c, 0x90, 0xff,
    0xc8, 0x98, 0x90, 0xff, 0xc8, 0x9c, 0x90, 0xff, 0xc8, 0x98, 0x90, 0xff,
    0xc8, 0x98, 0x98, 0xff, 0xc8, 0x98, 0x90, 0xff, 0xc8, 0x98, 0x90, 0xff,
    0xc8, 0x98, 0x98, 0xff, 0xc8, 0x9c, 0x90, 0xff, 0xa0, 0x84, 0x88, 0xff,
    0x28, 0x48, 0x70, 0xff, 0x28, 0x48, 0x70, 0xff, 0x28, 0x48, 0x70, 0xff,
    0x28, 0x48, 0x70, 0xff, 0x28, 0x48, 0x70, 0xff, 0x28, 0x48, 0x70, 0xff,
    0x28, 0x48, 0x70, 0xff, 0x28, 0x48, 0x78, 0xff, 0x28, 0x48, 0x70, 0xff,
    0x28, 0x48, 0x70, 0xff, 0x28, 0x48, 0x70, 0xff, 0x28, 0x48, 0x78, 0xff,
    0x28, 0x48, 0x70, 0xff, 0x28, 0x48, 0x70, 0xff, 0x28, 0x48, 0x70, 0xff,
    0x28, 0x48, 0x70, 0xff, 0x28, 0x48, 0x70, 0xff, 0x28, 0x48, 0x78, 0xff,
    0x30, 0x50, 0x80, 0xff, 0x30, 0x50, 0x88, 0xff, 0x30, 0x50, 0x88, 0xff,
    0x30, 0x4c, 0x80, 0xff, 0x28, 0x48, 0x70, 0xff, 0x28, 0x40, 0x68, 0xff,
    0x28, 0x40, 0x68, 0xff, 0x20, 0x40, 0x68, 0xff, 0x28, 0x40, 0x68, 0xff,
    0x28, 0x40, 0x68, 0xff, 0x20, 0x40, 0x68, 0xff, 0x20, 0x3c, 0x60, 0xff,
    0x18, 0x34, 0x58, 0xff, 0x20, 0x38, 0x60, 0xff, 0x28, 0x40, 0x68, 0xff,
    0x28, 0x40, 0x68, 0xff, 0x20, 0x40, 0x68, 0xff, 0x20, 0x3c, 0x68, 0xff,
    0x20, 0x3c, 0x68, 0xff, 0x20, 0x40, 0x68, 0xff, 0x28, 0x40, 0x68, 0xff,
    0x28, 0x40, 0x68, 0xff, 0x28, 0x40, 0x68, 0xff, 0x28, 0x40, 0x68, 0xff,
    0x28, 0x40, 0x68, 0xff, 0x20, 0x3c, 0x68, 0xff, 0x20, 0x34, 0x58, 0xff,
    0x20, 0x34, 0x58, 0xff, 0x20, 0x3c, 0x68, 0xff, 0x28, 0x40, 0x68, 0xff,
    0x28, 0x40, 0x68, 0xff, 0x28, 0x40, 0x68, 0xff, 0xc8, 0x98, 0x90, 0xff,
    0xc8, 0x98, 0x98, 0xff, 0xc8, 0x9c, 0x90, 0xff, 0xc8, 0x98, 0x90, 0xff,
    0xc8, 0x98, 0x98, 0xff, 0xc8, 0x9c, 0x90, 0xff, 0xc8, 0x98, 0x98, 0xff,
    0xc8, 0x9c, 0x90, 0xff, 0xc8, 0x98, 0x98, 0xff, 0xc8, 0x98, 0x98, 0xff,
    0xc8, 0x98, 0x98, 0xff, 0xc8, 0x98, 0x90, 0xff, 0xc8, 0x9c, 0x90, 0xff,
    0xc8, 0x98, 0x98, 0xff, 0xc8, 0x98, 0x90, 0xff, 0xc8, 0x9c, 0x90, 0xff,
    0xc8, 0x98, 0x98, 0xff, 0xc8, 0x98, 0x90, 0xff, 0xc8, 0x98, 0x98, 0xff,
    0xa0, 0x84, 0x88, 0xff, 0x28, 0x40, 0x68, 0xff, 0x20, 0x40, 0x68, 0xff,
    0x28, 0x40, 0x68, 0xff, 0x20, 0x3c, 0x60, 0xff, 0x20, 0x34, 0x58, 0xff,
    0x20, 0x34, 0x58, 0xff, 0x28, 0x40, 0x68, 0xff, 0x28, 0x40, 0x68, 0xff,
    0x28, 0x40, 0x68, 0xff, 0x28, 0x40, 0x68, 0xff, 0x28, 0x40, 0x68, 0xff,
    0x28, 0x40, 0x68, 0xff, 0x20, 0x40, 0x68, 0xff, 0x20, 0x3c, 0x68, 0xff,
    0x20, 0x40, 0x68, 0xff, 0x28, 0x40, 0x68, 0xff, 0x20, 0x40, 0x68, 0xff,
    0x20, 0x40, 0x68, 0xff, 0x18, 0x34, 0x58, 0xff, 0x18, 0x34, 0x58, 0xff,
    0x20, 0x40, 0x68, 0xff, 0x28, 0x40, 0x68, 0xff, 0x28, 0x40, 0x68, 0xff,
    0x20, 0x40, 0x68, 0xff, 0xf8, 0xfc, 0xf8, 0xff, 0xf8, 0xfc, 0xf8, 0xff,
    0xf8, 0xfc, 0xf8, 0xff, 0xf8, 0xfc, 0xf8, 0xff, 0xf8, 0xfc, 0xf8, 0xff,
    0xf8, 0xfc, 0xf8, 0xff, 0xc8, 0xcc, 0xd8, 0xff, 0x18, 0x34, 0x58, 0xff,
    0x28, 0x40, 0x68, 0xff, 0x28, 0x40, 0x68, 0xff, 0x28, 0x40, 0x70, 0xff,
    0x18, 0x30, 0x50, 0xff, 0x18, 0x30, 0x50, 0xff, 0x20, 0x38, 0x60, 0xff,
    0x28, 0x40, 0x70, 0xff, 0x20, 0x40, 0x68, 0xff, 0x28, 0x40, 0x70, 0xff,
    0x20, 0x40, 0x68, 0xff, 0x28, 0x40, 0x68, 0xff, 0x20, 0x3c, 0x68, 0xff,
    0x18, 0x30, 0x50, 0xff, 0x18, 0x30, 0x58, 0xff, 0x58, 0x6c, 0x88, 0xff,
    0x90, 0xa0, 0xb8, 0xff, 0x90, 0xa0, 0xb8, 0xff, 0x90, 0xa0, 0xb8, 0xff,
    0xe0, 0xcc, 0xc8, 0xff, 0xd8, 0xb4, 0xb0, 0xff, 0xc8, 0x98, 0x90, 0xff,
    0xc8, 0x9c, 0x98, 0xff, 0xc8, 0x98, 0x90, 0xff, 0xc8, 0x98, 0x90, 0xff,
    0xc8, 0x98, 0x98, 0xff, 0xc8, 0x98, 0x90, 0xff, 0xc8, 0x9c, 0x90, 0xff,
    0xc8, 0x98, 0x90, 0xff, 0xc8, 0x98, 0x98, 0xff, 0xc8, 0x98, 0x90, 0xff,
    0xc8, 0x98, 0x98, 0xff, 0xc8, 0x98, 0x90, 0xff, 0xc8, 0x9c, 0x90, 0xff,
    0xc8, 0x98, 0x98, 0xff, 0xc8, 0x9c, 0x90, 0xff, 0xc8, 0x98, 0x90, 0xff,
    0xc8, 0x98, 0x98, 0xff, 0xa0, 0x84, 0x88, 0xff, 0x28, 0x40, 0x68, 0xff,
    0x28, 0x40, 0x70, 0xff, 0x20, 0x40, 0x70, 0xff, 0x20, 0x38, 0x60, 0xff,
    0x18, 0x30, 0x58, 0xff, 0x18, 0x30, 0x58, 0xff, 0x20, 0x40, 0x68, 0xff,
    0x28, 0x40, 0x68, 0xff, 0x20, 0x40, 0x70, 0xff, 0x28, 0x40, 0x68, 0xff,
    0x28, 0x40, 0x68, 0xff, 0x20, 0x3c, 0x68, 0xff, 0x18, 0x34, 0x58, 0xff,
    0x18, 0x30, 0x50, 0xff, 0x20, 0x38, 0x60, 0xff, 0x28, 0x40, 0x68, 0xff,
    0x28, 0x40, 0x68, 0xff, 0x20, 0x3c, 0x68, 0xff, 0x18, 0x30, 0x50, 0xff,
    0x18, 0x30, 0x58, 0xff, 0x20, 0x3c, 0x68, 0xff, 0x28, 0x40, 0x68, 0xff,
    0x20, 0x40, 0x68, 0xff, 0xf8, 0xfc, 0xf8, 0xff, 0xf8, 0xfc, 0xf8, 0xff,
    0xf8, 0xfc, 0xf8, 0xff, 0xf8, 0xfc, 0xf8, 0xff, 0xf8, 0xfc, 0xf8, 0xff,
    0xf8, 0xfc, 0xf8, 0xff, 0xf8, 0xfc, 0xf8, 0xff, 0xf8, 0xfc, 0xf8, 0xff,
    0xf8, 0xfc, 0xf8, 0xff, 0x20, 0x40, 0x68, 0xff, 0x28, 0x44, 0x68, 0xff,
    0x28, 0x44, 0x68, 0xff, 0x18, 0x34, 0x58, 0xff, 0x18, 0x34, 0x58, 0xff,
    0x18, 0x34, 0x50, 0xff, 0x18, 0x34, 0x58, 0xff, 0x28, 0x44, 0x68, 0xff,
    0x20, 0x3c, 0x60, 0xff, 0x20, 0x38, 0x60, 0xff, 0x20, 0x3c, 0x60, 0xff,
    0x20, 0x40, 0x68, 0xff, 0x80, 0x94, 0xa8, 0xff, 0xf8, 0xfc, 0xf8, 0xff,
    0xf8, 0xfc, 0xf8, 0xff, 0xf8, 0xfc, 0xf8, 0xff, 0xf8, 0xfc, 0xf8, 0xff,
    0xf8, 0xfc, 0xf8, 0xff, 0xf8, 0xfc, 0xf8, 0xff, 0xf8, 0xfc, 0xf8, 0xff,
    0xe0, 0xc8, 0xc0, 0xff, 0xd8, 0xb4, 0xb0, 0xff, 0xc8, 0x98, 0x90, 0xff,
    0xc8, 0x98, 0x98, 0xff, 0xc8, 0x98, 0x90, 0xff, 0xc8, 0x98, 0x90, 0xff,
    0xc8, 0x9c, 0x90, 0xff, 0xc8, 0x98, 0x98, 0xff, 0xc8, 0x9c, 0x90, 0xff,
    0xc8, 0x9c, 0x90, 0xff, 0xc8, 0x98, 0x98, 0xff, 0xc8, 0x98, 0x90, 0xff,
    0xc8, 0x98, 0x98, 0xff, 0xc8, 0x98, 0x90, 0xff, 0xc8, 0x98, 0x90, 0xff,
    0xc8, 0x9c, 0x98, 0xff, 0xc8, 0x98, 0x90, 0xff, 0xa0, 0x84, 0x88, 0xff,
    0x20, 0x44, 0x68, 0xff, 0x28, 0x40, 0x68, 0xff, 0x28, 0x44, 0x68, 0xff,
    0x20, 0x40, 0x68, 0xff, 0x28, 0x44, 0x68, 0xff, 0x20, 0x44, 0x68, 0xff,
    0x28, 0x40, 0x68, 0xff, 0x18, 0x38, 0x58, 0xff, 0x18, 0x38, 0x58, 0xff,
    0x20, 0x40, 0x68, 0xff, 0x28, 0x40, 0x68, 0xff, 0x18, 0x30, 0x58, 0xff,
    0x18, 0x30, 0x50, 0xff, 0x18, 0x34, 0x58, 0xff, 0x20, 0x3c, 0x60, 0xff,
    0x28, 0x40, 0x68, 0xff, 0x28, 0x40, 0x68, 0xff, 0x28, 0x44, 0x68, 0xff,
    0x28, 0x40, 0x68, 0xff, 0x28, 0x40, 0x68, 0xff, 0x28, 0x44, 0x68, 0xff,
    0x28, 0x40, 0x68, 0xff, 0x28, 0x40, 0x68, 0xff, 0xf8, 0xfc, 0xf8, 0xff,
    0xf8, 0xfc, 0xf8, 0xff, 0xf8, 0xfc, 0xf8, 0xff, 0xf8, 0xfc, 0xf8, 0xff,
    0xf8, 0xfc, 0xf8, 0xff, 0xf8, 0xfc, 0xf8, 0xff, 0xf8, 0xfc, 0xf8, 0xff,
    0xf8, 0xfc, 0xf8, 0xff, 0xf8, 0xfc, 0xf8, 0xff, 0xf8, 0xfc, 0xf8, 0xff,
    0xf8, 0xfc, 0xf8, 0xff, 0x58, 0x70, 0x90, 0xff, 0x28, 0x40, 0x70, 0xff,
    0x20, 0x38, 0x60, 0xff, 0x18, 0x30, 0x50, 0xff, 0x18, 0x34, 0x58, 0xff,
    0x28, 0x44, 0x70, 0xff, 0x18, 0x34, 0x58, 0xff, 0x18, 0x30, 0x58, 0xff,
    0x18, 0x38, 0x58, 0xff, 0x78, 0x84, 0xa0, 0xff, 0xf8, 0xfc, 0xf8, 0xff,
    0xf8, 0xfc, 0xf8, 0xff, 0xf8, 0xfc, 0xf8, 0xff, 0xf8, 0xfc, 0xf8, 0xff,
    0xf8, 0xfc, 0xf8, 0xff, 0xf8, 0xfc, 0xf8, 0xff, 0xf8, 0xfc, 0xf8, 0xff,
    0xf8, 0xfc, 0xf8, 0xff, 0xf8, 0xfc, 0xf8, 0xff, 0xf8, 0xfc, 0xf8, 0xff,
    0xe0, 0xc0, 0xc0, 0xff, 0xc8, 0x98, 0x90, 0xff, 0xc8, 0x9c, 0x98, 0xff,
    0xc8, 0x98, 0x90, 0xff, 0xc8, 0x98, 0x98, 0xff, 0xc8, 0x98, 0x90, 0xff,
    0xc8, 0x98, 0x90, 0xff, 0xc8, 0x98, 0x98, 0xff, 0xc8, 0x98, 0x90, 0xff,
    0xc8, 0x9c, 0x90, 0xff, 0xc8, 0x98, 0x98, 0xff, 0xc8, 0x98, 0x90, 0xff,
    0xc8, 0x98, 0x90, 0xff, 0xc8, 0x98, 0x98, 0xff, 0xc8, 0x98, 0x90, 0xff,
    0xa0, 0x84, 0x88, 0xff, 0x20, 0x40, 0x70, 0xff, 0x20, 0x38, 0x60, 0xff,
    0x18, 0x30, 0x50, 0xff, 0x18, 0x30, 0x58, 0xff, 0x18, 0x30, 0x50, 0xff,
    0x18, 0x30, 0x58, 0xff, 0x20, 0x3c, 0x68, 0xff, 0x18, 0x30, 0x58, 0xff,
    0x18, 0x30, 0x50, 0xff, 0x20, 0x3c, 0x68, 0xff, 0x28, 0x44, 0x68, 0xff,
    0x18, 0x30, 0x50, 0xff, 0x18, 0x34, 0x58, 0xff, 0x28, 0x40, 0x68, 0xff,
    0x28, 0x44, 0x68, 0xff, 0x20, 0x40, 0x70, 0xff, 0x20, 0x40, 0x70, 0xff,
    0x28, 0x44, 0x68, 0xff, 0x28, 0x40, 0x68, 0xff, 0x20, 0x40, 0x70, 0xff,
    0x28, 0x44, 0x68, 0xff, 0x20, 0x40, 0x68, 0xff, 0x28, 0x40, 0x70, 0xff,
    0xf8, 0xfc, 0xf8, 0xff, 0xf8, 0xfc, 0xf8, 0xff, 0xf8, 0xfc, 0xf8, 0xff,
    0xf8, 0xfc, 0xf8, 0xff, 0xf8, 0xfc, 0xf8, 0xff, 0xf8, 0xfc, 0xf8, 0xff,
    0xf8, 0xfc, 0xf8, 0xff, 0xf8, 0xfc, 0xf8, 0xff, 0xf8, 0xfc, 0xf8, 0xff,
    0xf8, 0xfc, 0xf8, 0xff, 0xf8, 0xfc, 0xf8, 0xff, 0xf8, 0xfc, 0xf8, 0xff,
    0x58, 0x70, 0x90, 0xff, 0x48, 0x60, 0x80, 0xff, 0x50, 0x64, 0x80, 0xff,
    0x58, 0x68, 0x80, 0xff, 0x58, 0x70, 0x90, 0xff, 0x58, 0x70, 0x88, 0xff,
    0x58, 0x6c, 0x88, 0xff, 0xa8, 0xb4, 0xc8, 0xff, 0xf0, 0xf4, 0xf8, 0xff,
    0xf8, 0xfc, 0xf8, 0xff, 0xf8, 0xfc, 0xf8, 0xff, 0xf8, 0xfc, 0xf8, 0xff,
    0xf8, 0xfc, 0xf8, 0xff, 0xf8, 0xfc, 0xf8, 0xff, 0xf8, 0xfc, 0xf8, 0xff,
    0xf8, 0xfc, 0xf8, 0xff, 0xf8, 0xfc, 0xf8, 0xff, 0xf8, 0xfc, 0xf8, 0xff,
    0xf8, 0xfc, 0xf8, 0xff, 0xf0, 0xe8, 0xe8, 0xff, 0xd8, 0xc0, 0xb8, 0xff,
    0xf0, 0xe8, 0xe8, 0xff, 0xf0, 0xe8, 0xe8, 0xff, 0xf0, 0xe8, 0xe8, 0xff,
    0xf0, 0xe8, 0xe0, 0xff, 0xf0, 0xe8, 0xe8, 0xff, 0xf0, 0xe4, 0xe8, 0xff,
    0xd0, 0xac, 0xa8, 0xff, 0xc8, 0x9c, 0x90, 0xff, 0xc8, 0x98, 0x98, 0xff,
    0xc8, 0x9c, 0x90, 0xff, 0xc8, 0x9c, 0x98, 0xff, 0xc8, 0x98, 0x90, 0xff,
    0xc8, 0x98, 0x90, 0xff, 0xa0, 0x84, 0x88, 0xff, 0x28, 0x40, 0x68, 0xff,
    0x20, 0x38, 0x60, 0xff, 0x18, 0x34, 0x58, 0xff, 0x18, 0x30, 0x50, 0xff,
    0x18, 0x30, 0x50, 0xff, 0x18, 0x30, 0x50, 0xff, 0x20, 0x40, 0x68, 0xff,
    0x20, 0x3c, 0x60, 0xff, 0x20, 0x3c, 0x68, 0xff, 0x28, 0x40, 0x68, 0xff,
    0x28, 0x40, 0x68, 0xff, 0x18, 0x30, 0x58, 0xff, 0x18, 0x30, 0x50, 0xff,
    0x20, 0x38, 0x60, 0xff, 0x20, 0x38, 0x60, 0xff, 0x20, 0x40, 0x68, 0xff,
    0x28, 0x40, 0x68, 0xff, 0x28, 0x40, 0x68, 0xff, 0x20, 0x38, 0x60, 0xff,
    0x20, 0x38, 0x60, 0xff, 0x20, 0x38, 0x60, 0xff, 0x20, 0x38, 0x60, 0xff,
    0x20, 0x3c, 0x60, 0xff, 0xf8, 0xfc, 0xf8, 0xff, 0xf8, 0xfc, 0xf8, 0xff,
    0xf8, 0xfc, 0xf8, 0xff, 0xf8, 0xfc, 0xf8, 0xff, 0xf8, 0xfc, 0xf8, 0xff,
    0xf8, 0xfc, 0xf8, 0xff, 0xf8, 0xfc, 0xf8, 0xff, 0xf8, 0xfc, 0xf8, 0xff,
    0xf8, 0xfc, 0xf8, 0xff, 0xf8, 0xfc, 0xf8, 0xff, 0xf8, 0xfc, 0xf8, 0xff,
    0xf8, 0xfc, 0xf8, 0xff, 0x80, 0x8c, 0xa0, 0xff, 0xd0, 0xd8, 0xe0, 0xff,
    0xf8, 0xfc, 0xf8, 0xff, 0xf8, 0xfc, 0xf8, 0xff, 0xf8, 0xfc, 0xf8, 0xff,
    0xf8, 0xfc, 0xf8, 0xff, 0xf8, 0xfc, 0xf8, 0xff, 0xf8, 0xfc, 0xf8, 0xff,
    0xf8, 0xfc, 0xf8, 0xff, 0xf8, 0xfc, 0xf8, 0xff, 0xf8, 0xfc, 0xf8, 0xff,
    0xf8, 0xfc, 0xf8, 0xff, 0xf8, 0xfc, 0xf8, 0xff, 0xf8, 0xfc, 0xf8, 0xff,
    0xf8, 0xfc, 0xf8, 0xff, 0xf8, 0xfc, 0xf8, 0xff, 0xf8, 0xfc, 0xf8, 0xff,
    0xf8, 0xfc, 0xf8, 0xff, 0xf8, 0xfc, 0xf8, 0xff, 0xf8, 0xfc, 0xf8, 0xff,
    0xf8, 0xfc, 0xf8, 0xff, 0xf8, 0xfc, 0xf8, 0xff, 0xf8, 0xfc, 0xf8, 0xff,
    0xf8, 0xfc, 0xf8, 0xff, 0xf8, 0xfc, 0xf8, 0xff, 0xf8, 0xfc, 0xf8, 0xff,
    0xf8, 0xfc, 0xf8, 0xff, 0xf8, 0xfc, 0xf8, 0xff, 0xe0, 0xc0, 0xc0, 0xff,
    0xc8, 0x98, 0x90, 0xff, 0xc8, 0x98, 0x90, 0xff, 0xc8, 0x98, 0x98, 0xff,
    0xc8, 0x98, 0x98, 0xff, 0xc8, 0x9c, 0x90, 0xff, 0xa0, 0x84, 0x88, 0xff,
    0x20, 0x40, 0x68, 0xff, 0x20, 0x38, 0x60, 0xff, 0x18, 0x34, 0x50, 0xff,
    0xc8, 0xcc, 0xd8, 0xff, 0xc8, 0xcc, 0xd8, 0xff, 0xc8, 0xcc, 0xd0, 0xff,
    0xc8, 0xcc, 0xd8, 0xff, 0xc8, 0xcc, 0xd0, 0xff, 0xc8, 0xcc, 0xd8, 0xff,
    0x18, 0x34, 0x50, 0xff, 0x18, 0x30, 0x50, 0xff, 0x18, 0x30, 0x58, 0xff,
    0x18, 0x34, 0x50, 0xff, 0x18, 0x30, 0x50, 0xff, 0x18, 0x30, 0x58, 0xff,
    0x20, 0x38, 0x60, 0xff, 0x18, 0x34, 0x58, 0xff, 0x18, 0x30, 0x50, 0xff,
    0x18, 0x34, 0x58, 0xff, 0x18, 0x34, 0x50, 0xff, 0x18, 0x30, 0x50, 0xff,
    0x18, 0x30, 0x58, 0xff, 0x18, 0x34, 0x58, 0xff, 0xf8, 0xfc, 0xf8, 0xff,
    0xf8, 0xfc, 0xf8, 0xff, 0xf8, 0xfc, 0xf8, 0xff, 0xf8, 0xfc, 0xf8, 0xff,
    0xf8, 0xfc, 0xf8, 0xff, 0xf8, 0xfc, 0xf8, 0xff, 0xf8, 0xfc, 0xf8, 0xff,
    0xf8, 0xfc, 0xf8, 0xff, 0xf8, 0xfc, 0xf8, 0xff, 0xf8, 0xfc, 0xf8, 0xff,
    0xf8, 0xfc, 0xf8, 0xff, 0xf8, 0xfc, 0xf8, 0xff, 0xf8, 0xfc, 0xf8, 0xff,
    0xf8, 0xfc, 0xf8, 0xff, 0xf8, 0xfc, 0xf8, 0xff, 0xf8, 0xfc, 0xf8, 0xff,
    0xf8, 0xfc, 0xf8, 0xff, 0xf8, 0xfc, 0xf8, 0xff, 0xf8, 0xfc, 0xf8, 0xff,
    0xf8, 0xfc, 0xf8, 0xff, 0xf8, 0xfc, 0xf8, 0xff, 0xf8, 0xfc, 0xf8, 0xff,
    0xf8, 0xfc, 0xf8, 0xff, 0xf8, 0xfc, 0xf8, 0xff, 0xf8, 0xfc, 0xf8, 0xff,
    0xf8, 0xfc, 0xf8, 0xff, 0xf8, 0xfc, 0xf8, 0xff, 0xf8, 0xfc, 0xf8, 0xff,
    0xf8, 0xfc, 0xf8, 0xff, 0xf8, 0xfc, 0xf8, 0xff, 0xf8, 0xfc, 0xf8, 0xff,
    0xf8, 0xfc, 0xf8, 0xff, 0xf8, 0xfc, 0xf8, 0xff, 0xf8, 0xfc, 0xf8, 0xff,
    0xf8, 0xfc, 0xf8, 0xff, 0xf8, 0xfc, 0xf8, 0xff, 0xf8, 0xfc, 0xf8, 0xff,
    0xf8, 0xfc, 0xf8, 0xff, 0xf8, 0xfc, 0xf8, 0xff, 0xf8, 0xfc, 0xf8, 0xff,
    0xf8, 0xf8, 0xf8, 0xff, 0xe0, 0xc0, 0xb8, 0xff, 0xc8, 0x98, 0x90, 0xff,
    0xc8, 0x98, 0x90, 0xff, 0xc8, 0x98, 0x98, 0xff, 0xc8, 0x98, 0x98, 0xff,
    0xa0, 0x80, 0x88, 0xff, 0x48, 0x60, 0x80, 0xff, 0xd8, 0xdc, 0xe0, 0xff,
    0xf8, 0xfc, 0xf8, 0xff, 0xf8, 0xfc, 0xf8, 0xff, 0xf8, 0xfc, 0xf8, 0xff,
    0xf8, 0xfc, 0xf8, 0xff, 0xf8, 0xfc, 0xf8, 0xff, 0xf8, 0xfc, 0xf8, 0xff,
    0xf8, 0xfc, 0xf8, 0xff, 0xd0, 0xd8, 0xe0, 0xff, 0x50, 0x64, 0x80, 0xff,
    0x40, 0x58, 0x70, 0xff, 0x18, 0x34, 0x58, 0xff, 0x18, 0x30, 0x50, 0xff,
    0x18, 0x30, 0x50, 0xff, 0x18, 0x34, 0x50, 0xff, 0x18, 0x30, 0x50, 0xff,
    0x18, 0x30, 0x58, 0xff, 0x18, 0x30, 0x50, 0xff, 0x18, 0x30, 0x50, 0xff,
    0x18, 0x34, 0x58, 0xff, 0x18, 0x30, 0x50, 0xff, 0x18, 0x30, 0x50, 0xff,
    0xf8, 0xfc, 0xf8, 0xff, 0xf8, 0xfc, 0xf8, 0xff, 0xf8, 0xfc, 0xf8, 0xff,
    0xf8, 0xfc, 0xf8, 0xff, 0xf8, 0xfc, 0xf8, 0xff, 0xf8, 0xfc, 0xf8, 0xff,
    0xf8, 0xfc, 0xf8, 0xff, 0xf8, 0xfc, 0xf8, 0xff, 0xf8, 0xfc, 0xf8, 0xff,
    0xf8, 0xfc, 0xf8, 0xff, 0xf8, 0xfc, 0xf8, 0xff, 0xf8, 0xfc, 0xf8, 0xff,
    0xf8, 0xfc, 0xf8, 0xff, 0xf8, 0xfc, 0xf8, 0xff, 0xf8, 0xfc, 0xf8, 0xff,
    0xf8, 0xfc, 0xf8, 0xff, 0xf8, 0xfc, 0xf8, 0xff, 0xf8, 0xfc, 0xf8, 0xff,
    0xf8, 0xfc, 0xf8, 0xff, 0xf8, 0xfc, 0xf8, 0xff, 0xf8, 0xfc, 0xf8, 0xff,
    0xf8, 0xfc, 0xf8, 0xff, 0xf8, 0xfc, 0xf8, 0xff, 0xf8, 0xfc, 0xf8, 0xff,
    0xf8, 0xfc, 0xf8, 0xff, 0xf8, 0xfc, 0xf8, 0xff, 0xf8, 0xfc, 0xf8, 0xff,
    0xf8, 0xfc, 0xf8, 0xff, 0xf8, 0xfc, 0xf8, 0xff, 0xf8, 0xfc, 0xf8, 0xff,
    0xf8, 0xfc, 0xf8, 0xff, 0xf8, 0xfc, 0xf8, 0xff, 0xf8, 0xfc, 0xf8, 0xff,
    0xf8, 0xfc, 0xf8, 0xff, 0xf8, 0xfc, 0xf8, 0xff, 0xf8, 0xfc, 0xf8, 0xff,
    0xf8, 0xfc, 0xf8, 0xff, 0xf8, 0xfc, 0xf8, 0xff, 0xf8, 0xfc, 0xf8, 0xff,
    0xf8, 0xfc, 0xf8, 0xff, 0xf8, 0xfc, 0xf8, 0xff, 0xf8, 0xfc, 0xf8, 0xff,
    0xe0, 0xcc, 0xc8, 0xff, 0xc8, 0x9c, 0x90, 0xff, 0xc8, 0x98, 0x90, 0xff,
    0xc8, 0x98, 0x90, 0xff, 0xc8, 0xb4, 0xb8, 0xff, 0xe0, 0xe4, 0xe8, 0xff,
    0xf8, 0xfc, 0xf8, 0xff, 0xf8, 0xfc, 0xf8, 0xff, 0xf8, 0xfc, 0xf8, 0xff,
    0xf8, 0xfc, 0xf8, 0xff, 0xf8, 0xfc, 0xf8, 0xff, 0xf8, 0xfc, 0xf8, 0xff,
    0xf8, 0xfc, 0xf8, 0xff, 0xf8, 0xfc, 0xf8, 0xff, 0xf8, 0xfc, 0xf8, 0xff,
    0xf8, 0xfc, 0xf8, 0xff, 0xe0, 0xe4, 0xe8, 0xff, 0x70, 0x80, 0x98, 0xff,
    0x18, 0x30, 0x50, 0xff, 0x18, 0x30, 0x50, 0xff, 0x18, 0x30, 0x58, 0xff,
    0x18, 0x30, 0x50, 0xff, 0x18, 0x34, 0x50, 0xff, 0x18, 0x30, 0x58, 0xff,
    0x18, 0x30, 0x50, 0xff, 0x18, 0x30, 0x58, 0xff, 0x18, 0x34, 0x50, 0xff,
    0x18, 0x30, 0x50, 0xff, 0xf8, 0xfc, 0xf8, 0xff, 0xf8, 0xfc, 0xf8, 0xff,
    0xf8, 0xfc, 0xf8, 0xff, 0xf8, 0xfc, 0xf8, 0xff, 0xf8, 0xfc, 0xf8, 0xff,
    0xf8, 0xfc, 0xf8, 0xff, 0xf8, 0xfc, 0xf8, 0xff, 0xf8, 0xfc, 0xf8, 0xff,
    0xf8, 0xfc, 0xf8, 0xff, 0xf8, 0xfc, 0xf8, 0xff, 0xf8, 0xfc, 0xf8, 0xff,
    0xf8, 0xfc, 0xf8, 0xff, 0xf8, 0xfc, 0xf8, 0xff, 0xf8, 0xfc, 0xf8, 0xff,
    0xf8, 0xfc, 0xf8, 0xff, 0xf8, 0xfc, 0xf8, 0xff, 0xf8, 0xfc, 0xf8, 0xff,
    0xf8, 0xfc, 0xf8, 0xff, 0xf8, 0xfc, 0xf8, 0xff, 0xf8, 0xfc, 0xf8, 0xff,
    0xf8, 0xfc, 0xf8, 0xff, 0xf8, 0xfc, 0xf8, 0xff, 0xf8, 0xfc, 0xf8, 0xff,
    0xf8, 0xfc, 0xf8, 0xff, 0xf8, 0xfc, 0xf8, 0xff, 0xf8, 0xfc, 0xf8, 0xff,
    0xf8, 0xfc, 0xf8, 0xff, 0xf8, 0xfc, 0xf8, 0xff, 0xf8, 0xfc, 0xf8, 0xff,
    0xf8, 0xfc, 0xf8, 0xff, 0xf8, 0xfc, 0xf8, 0xff, 0xf8, 0xfc, 0xf8, 0xff,
    0xf8, 0xfc, 0xf8, 0xff, 0xf8, 0xfc, 0xf8, 0xff, 0xf8, 0xfc, 0xf8, 0xff,
    0xf8, 0xfc, 0xf8, 0xff, 0xf8, 0xfc, 0xf8, 0xff, 0xf8, 0xfc, 0xf8, 0xff,
    0xf8, 0xfc, 0xf8, 0xff, 0xf8, 0xfc, 0xf8, 0xff, 0xf8, 0xfc, 0xf8, 0xff,
    0xf8, 0xfc, 0xf8, 0xff, 0xe8, 0xcc, 0xc8, 0xff, 0xc8, 0x98, 0x98, 0xff,
    0xc8, 0x98, 0x90, 0xff, 0xe8, 0xd4, 0xd0, 0xff, 0xf8, 0xf8, 0xf8, 0xff,
    0xf8, 0xfc, 0xf8, 0xff, 0xf8, 0xfc, 0xf8, 0xff, 0xf8, 0xfc, 0xf8, 0xff,
    0xf8, 0xfc, 0xf8, 0xff, 0xf8, 0xfc, 0xf8, 0xff, 0xf8, 0xfc, 0xf8, 0xff,
    0xf8, 0xfc, 0xf8, 0xff, 0xf8, 0xfc, 0xf8, 0xff, 0xf8, 0xfc, 0xf8, 0xff,
    0xf8, 0xfc, 0xf8, 0xff, 0xf8, 0xfc, 0xf8, 0xff, 0xf8, 0xfc, 0xf8, 0xff,
    0xc8, 0xcc, 0xd8, 0xff, 0x98, 0xa4, 0xb8, 0xff, 0xc8, 0xcc, 0xd8, 0xff,
    0xc8, 0xd0, 0xd8, 0xff, 0xc8, 0xd0, 0xd8, 0xff, 0xc0, 0xcc, 0xd8, 0xff,
    0xc0, 0xcc, 0xd8, 0xff, 0xc8, 0xcc, 0xd0, 0xff, 0xc0, 0xcc, 0xd8, 0xff,
    0x18, 0x30, 0x50, 0xff, 0x18, 0x30, 0x58, 0xff, 0xf8, 0xfc, 0xf8, 0xff,
    0xf8, 0xfc, 0xf8, 0xff, 0xf8, 0xfc, 0xf8, 0xff, 0xf8, 0xfc, 0xf8, 0xff,
    0xf8, 0xfc, 0xf8, 0xff, 0xf8, 0xfc, 0xf8, 0xff, 0xf8, 0xfc, 0xf8, 0xff,
    0xf8, 0xfc, 0xf8, 0xff, 0xf8, 0xfc, 0xf8, 0xff, 0xf8, 0xfc, 0xf8, 0xff,
    0xf8, 0xfc, 0xf8, 0xff, 0xf8, 0xfc, 0xf8, 0xff, 0xf8, 0xfc, 0xf8, 0xff,
    0xf8, 0xfc, 0xf8, 0xff, 0xf8, 0xfc, 0xf8, 0xff, 0xf8, 0xfc, 0xf8, 0xff,
    0xf8, 0xfc, 0xf8, 0xff, 0xf8, 0xfc, 0xf8, 0xff, 0xf8, 0xfc, 0xf8, 0xff,
    0xf8, 0xfc, 0xf8, 0xff, 0xf8, 0xfc, 0xf8, 0xff, 0xf8, 0xfc, 0xf8, 0xff,
    0xf8, 0xfc, 0xf8, 0xff, 0xf8, 0xfc, 0xf8, 0xff, 0xf8, 0xfc, 0xf8, 0xff,
    0xf8, 0xfc, 0xf8, 0xff, 0xf8, 0xfc, 0xf8, 0xff, 0xf8, 0xfc, 0xf8, 0xff,
    0xf8, 0xfc, 0xf8, 0xff, 0xf8, 0xfc, 0xf8, 0xff, 0xf8, 0xfc, 0xf8, 0xff,
    0xf8, 0xfc, 0xf8, 0xff, 0xf8, 0xfc, 0xf8, 0xff, 0xf8, 0xfc, 0xf8, 0xff,
    0xf8, 0xfc, 0xf8, 0xff, 0xf8, 0xfc, 0xf8, 0xff, 0xf8, 0xfc, 0xf8, 0xff,
    0xf8, 0xfc, 0xf8, 0xff, 0xf8, 0xfc, 0xf8, 0xff, 0xf8, 0xfc, 0xf8, 0xff,
    0xf8, 0xfc, 0xf8, 0xff, 0xf8, 0xfc, 0xf8, 0xff, 0xf8, 0xfc, 0xf8, 0xff,
    0xd8, 0xb4, 0xb0, 0xff, 0xd8, 0xc0, 0xc0, 0xff, 0xf8, 0xf8, 0xf8, 0xff,
    0xf8, 0xfc, 0xf8, 0xff, 0xf8, 0xfc, 0xf8, 0xff, 0xf8, 0xfc, 0xf8, 0xff,
    0xf8, 0xfc, 0xf8, 0xff, 0xf8, 0xfc, 0xf8, 0xff, 0xf8, 0xfc, 0xf8, 0xff,
    0xf8, 0xfc, 0xf8, 0xff, 0xf8, 0xfc, 0xf8, 0xff, 0xf8, 0xfc, 0xf8, 0xff,
    0xf8, 0xfc, 0xf8, 0xff, 0xf8, 0xfc, 0xf8, 0xff, 0xf8, 0xfc, 0xf8, 0xff,
    0xf8, 0xfc, 0xf8, 0xff, 0xf0, 0xf4, 0xf0, 0xff, 0xf0, 0xf4, 0xf0, 0xff,
    0xf8, 0xfc, 0xf8, 0xff, 0xf8, 0xfc, 0xf8, 0xff, 0xf8, 0xfc, 0xf8, 0xff,
    0xf8, 0xfc, 0xf8, 0xff, 0xf8, 0xfc, 0xf8, 0xff, 0xf8, 0xfc, 0xf8, 0xff,
    0xf8, 0xfc, 0xf8, 0xff, 0xc8, 0xcc, 0xd8, 0xff, 0x18, 0x30, 0x50, 0xff,
    0xf8, 0xfc, 0xf8, 0xff, 0xf8, 0xfc, 0xf8, 0xff, 0xf8, 0xfc, 0xf8, 0xff,
    0xf8, 0xfc, 0xf8, 0xff, 0xf8, 0xfc, 0xf8, 0xff, 0xf8, 0xfc, 0xf8, 0xff,
    0xf8, 0xfc, 0xf8, 0xff, 0xf8, 0xfc, 0xf8, 0xff, 0xf8, 0xfc, 0xf8, 0xff,
    0xf8, 0xf8, 0xf0, 0xff, 0xf8, 0xfc, 0xf8, 0xff, 0xf8, 0xfc, 0xf8, 0xff,
    0xf8, 0xfc, 0xf8, 0xff, 0xf8, 0xfc, 0xf8, 0xff, 0xf8, 0xfc, 0xf8, 0xff,
    0xf8, 0xfc, 0xf8, 0xff, 0xf8, 0xfc, 0xf8, 0xff, 0xf8, 0xfc, 0xf8, 0xff,
    0xf8, 0xfc, 0xf8, 0xff, 0xf8, 0xfc, 0xf8, 0xff, 0xf8, 0xfc, 0xf8, 0xff,
    0xf8, 0xfc, 0xf8, 0xff, 0xf8, 0xfc, 0xf8, 0xff, 0xf8, 0xfc, 0xf8, 0xff,
    0xf8, 0xfc, 0xf8, 0xff, 0xf8, 0xfc, 0xf8, 0xff, 0xf8, 0xfc, 0xf8, 0xff,
    0xf8, 0xfc, 0xf8, 0xff, 0xf8, 0xfc, 0xf8, 0xff, 0xf8, 0xfc, 0xf8, 0xff,
    0xf8, 0xfc, 0xf8, 0xff, 0xf8, 0xfc, 0xf8, 0xff, 0xf8, 0xfc, 0xf8, 0xff,
    0xf8, 0xfc, 0xf8, 0xff, 0xf8, 0xfc, 0xf8, 0xff, 0xf8, 0xfc, 0xf8, 0xff,
    0xf8, 0xfc, 0xf8, 0xff, 0xf8, 0xfc, 0xf8, 0xff, 0xf8, 0xfc, 0xf8, 0xff,
    0xf8, 0xfc, 0xf8, 0xff, 0xf8, 0xfc, 0xf8, 0xff, 0xf8, 0xfc, 0xf8, 0xff,
    0xf8, 0xfc, 0xf8, 0xff, 0xd8, 0xb4, 0xb0, 0xff, 0xe0, 0xcc, 0xc8, 0xff,
    0xf8, 0xfc, 0xf8, 0xff, 0xf8, 0xfc, 0xf8, 0xff, 0xf8, 0xfc, 0xf8, 0xff,
    0xf8, 0xfc, 0xf8, 0xff, 0xf8, 0xfc, 0xf8, 0xff, 0xf8, 0xfc, 0xf8, 0xff,
    0xf8, 0xfc, 0xf8, 0xff, 0xf8, 0xfc, 0xf8, 0xff, 0xf8, 0xfc, 0xf8, 0xff,
    0xf8, 0xfc, 0xf8, 0xff, 0xf8, 0xfc, 0xf8, 0xff, 0xf8, 0xfc, 0xf8, 0xff,
    0xf8, 0xfc, 0xf8, 0xff, 0xf8, 0xfc, 0xf8, 0xff, 0xf8, 0xfc, 0xf8, 0xff,
    0xf8, 0xfc, 0xf8, 0xff, 0xf8, 0xfc, 0xf8, 0xff, 0xf8, 0xfc, 0xf8, 0xff,
    0xf8, 0xfc, 0xf8, 0xff, 0xf8, 0xfc, 0xf8, 0xff, 0xf8, 0xfc, 0xf8, 0xff,
    0xf8, 0xfc, 0xf8, 0xff, 0xf8, 0xfc, 0xf8, 0xff, 0xf8, 0xfc, 0xf8, 0xff,
    0xf8, 0xfc, 0xf8, 0xff, 0xf8, 0xfc, 0xf8, 0xff, 0xf8, 0xfc, 0xf8, 0xff,
    0xf8, 0xfc, 0xf8, 0xff, 0xf8, 0xfc, 0xf8, 0xff, 0xf8, 0xfc, 0xf8, 0xff,
    0xf8, 0xfc, 0xf8, 0xff, 0xf8, 0xfc, 0xf8, 0xff, 0xf8, 0xfc, 0xf8, 0xff,
    0xf8, 0xf8, 0xf0, 0xff, 0xf8, 0xf4, 0xe0, 0xff, 0xf8, 0xfc, 0xf8, 0xff,
    0xf8, 0xfc, 0xf8, 0xff, 0xf8, 0xfc, 0xf8, 0xff, 0xf8, 0xfc, 0xf8, 0xff,
    0xf8, 0xfc, 0xf8, 0xff, 0xf8, 0xfc, 0xf8, 0xff, 0xf8, 0xfc, 0xf8, 0xff,
    0xf8, 0xfc, 0xf8, 0xff, 0xf8, 0xfc, 0xf8, 0xff, 0xf8, 0xfc, 0xf8, 0xff,
    0xf8, 0xfc, 0xf8, 0xff, 0xf8, 0xfc, 0xf8, 0xff, 0xf8, 0xfc, 0xf8, 0xff,
    0xf8, 0xfc, 0xf8, 0xff, 0xf8, 0xfc, 0xf8, 0xff, 0xf8, 0xfc, 0xf8, 0xff,
    0xf8, 0xfc, 0xf8, 0xff, 0xf8, 0xfc, 0xf8, 0xff, 0xf8, 0xfc, 0xf8, 0xff,
    0xf8, 0xfc, 0xf8, 0xff, 0xf8, 0xfc, 0xf8, 0xff, 0xf8, 0xfc, 0xf8, 0xff,
    0xf8, 0xfc, 0xf8, 0xff, 0xf8, 0xfc, 0xf8, 0xff, 0xf8, 0xfc, 0xf8, 0xff,
    0xf8, 0xfc, 0xf8, 0xff, 0xf8, 0xfc, 0xf8, 0xff, 0xf8, 0xfc, 0xf8, 0xff,
    0xf8, 0xfc, 0xf8, 0xff, 0xf8, 0xfc, 0xf8, 0xff, 0xf8, 0xfc, 0xf8, 0xff,
    0xf8, 0xfc, 0xf8, 0xff, 0xf8, 0xfc, 0xf8, 0xff, 0xf8, 0xec, 0xe8, 0xff,
    0xf8, 0xf4, 0xf0, 0xff, 0xf8, 0xfc, 0xf8, 0xff, 0xf8, 0xfc, 0xf8, 0xff,
    0xf8, 0xfc, 0xf8, 0xff, 0xf8, 0xfc, 0xf8, 0xff, 0xf8, 0xfc, 0xf8, 0xff,
    0xf8, 0xfc, 0xf8, 0xff, 0xf8, 0xfc, 0xf8, 0xff, 0xf8, 0xfc, 0xf8, 0xff,
    0xf8, 0xfc, 0xf8, 0xff, 0xf8, 0xfc, 0xf8, 0xff, 0xf8, 0xfc, 0xf8, 0xff,
    0xf8, 0xfc, 0xf8, 0xff, 0xf8, 0xfc, 0xf8, 0xff, 0xf8, 0xfc, 0xf8, 0xff,
    0xf8, 0xfc, 0xf8, 0xff, 0xf8, 0xfc, 0xf8, 0xff, 0xf8, 0xfc, 0xf8, 0xff,
    0xf8, 0xfc, 0xf8, 0xff, 0xf8, 0xfc, 0xf8, 0xff, 0xf8, 0xfc, 0xf8, 0xff,
    0xf8, 0xfc, 0xf8, 0xff, 0xf8, 0xfc, 0xf8, 0xff, 0xf8, 0xfc, 0xf8, 0xff,
    0xf8, 0xfc, 0xf8, 0xff, 0xf8, 0xfc, 0xf8, 0xff, 0xf8, 0xfc, 0xf8, 0xff,
    0xf8, 0xfc, 0xf8, 0xff, 0xf8, 0xfc, 0xf8, 0xff, 0xf8, 0xfc, 0xf8, 0xff,
    0xf8, 0xfc, 0xf8, 0xff, 0xf8, 0xfc, 0xf8, 0xff, 0xf8, 0xfc, 0xf8, 0xff,
    0xf8, 0xfc, 0xf8, 0xff, 0xf8, 0xf0, 0xd8, 0xff, 0xf8, 0xf0, 0xe0, 0xff,
    0xf8, 0xfc, 0xf8, 0xff, 0xf8, 0xfc, 0xf8, 0xff, 0xf8, 0xfc, 0xf8, 0xff,
    0xf8, 0xfc, 0xf8, 0xff, 0xf8, 0xfc, 0xf8, 0xff, 0xf8, 0xfc, 0xf8, 0xff,
    0xf8, 0xfc, 0xf8, 0xff, 0xf8, 0xfc, 0xf8, 0xff, 0xf8, 0xfc, 0xf8, 0xff,
    0xf8, 0xfc, 0xf8, 0xff, 0xf8, 0xfc, 0xf8, 0xff, 0xf8, 0xfc, 0xf8, 0xff,
    0xf8, 0xfc, 0xf8, 0xff, 0xf8, 0xfc, 0xf8, 0xff, 0xf8, 0xfc, 0xf8, 0xff,
    0xf8, 0xfc, 0xf8, 0xff, 0xf8, 0xfc, 0xf8, 0xff, 0xf8, 0xfc, 0xf8, 0xff,
    0xf8, 0xfc, 0xf8, 0xff, 0xf8, 0xfc, 0xf8, 0xff, 0xf8, 0xfc, 0xf8, 0xff,
    0xf8, 0xfc, 0xf8, 0xff, 0xf8, 0xfc, 0xf8, 0xff, 0xf8, 0xfc, 0xf8, 0xff,
    0xf8, 0xfc, 0xf8, 0xff, 0xf8, 0xfc, 0xf8, 0xff, 0xf8, 0xfc, 0xf8, 0xff,
    0xf8, 0xfc, 0xf8, 0xff, 0xf8, 0xfc, 0xf8, 0xff, 0xf8, 0xfc, 0xf8, 0xff,
    0xf8, 0xfc, 0xf8, 0xff, 0xf8, 0xfc, 0xf8, 0xff, 0xf8, 0xfc, 0xf8, 0xff,
    0xf8, 0xfc, 0xf8, 0xff, 0xf8, 0xfc, 0xf8, 0xff, 0xf8, 0xfc, 0xf8, 0xff,
    0xf8, 0xfc, 0xf8, 0xff, 0xf8, 0xfc, 0xf8, 0xff, 0xf8, 0xfc, 0xf8, 0xff,
    0xf8, 0xfc, 0xf8, 0xff, 0xf8, 0xfc, 0xf8, 0xff, 0xf8, 0xfc, 0xf8, 0xff,
    0xf8, 0xfc, 0xf8, 0xff, 0xf8, 0xfc, 0xf8, 0xff, 0xf8, 0xfc, 0xf8, 0xff,
    0xf8, 0xfc, 0xf8, 0xff, 0xf8, 0xfc, 0xf8, 0xff, 0xf8, 0xfc, 0xf8, 0xff,
    0xf8, 0xfc, 0xf8, 0xff, 0xf8, 0xfc, 0xf8, 0xff, 0xf8, 0xfc, 0xf8, 0xff,
    0xf8, 0xfc, 0xf8, 0xff, 0xf8, 0xfc, 0xf8, 0xff, 0xf8, 0xfc, 0xf8, 0xff,
    0xf8, 0xfc, 0xf8, 0xff, 0xf8, 0xfc, 0xf8, 0xff, 0xf8, 0xfc, 0xf8, 0xff,
    0xf8, 0xfc, 0xf8, 0xff, 0xf8, 0xfc, 0xf8, 0xff, 0xf8, 0xfc, 0xf8, 0xff,
    0xf8, 0xfc, 0xf8, 0xff, 0xf8, 0xfc, 0xf8, 0xff, 0xf8, 0xfc, 0xf8, 0xff,
    0xf8, 0xfc, 0xf8, 0xff, 0xf8, 0xfc, 0xf8, 0xff, 0xf8, 0xfc, 0xf8, 0xff,
    0xf8, 0xfc, 0xf8, 0xff, 0xf8, 0xfc, 0xf8, 0xff, 0xf0, 0xe4, 0xc0, 0xff,
    0xf8, 0xec, 0xd0, 0xff, 0xf8, 0xfc, 0xf8, 0xff, 0xf8, 0xfc, 0xf8, 0xff,
    0xf8, 0xfc, 0xf8, 0xff, 0xf8, 0xfc, 0xf8, 0xff, 0xf8, 0xfc, 0xf8, 0xff,
    0xf8, 0xfc, 0xf8, 0xff, 0xf8, 0xfc, 0xf8, 0xff, 0xf8, 0xfc, 0xf8, 0xff,
    0xf8, 0xfc, 0xf8, 0xff, 0xf8, 0xfc, 0xf8, 0xff, 0xf8, 0xfc, 0xf8, 0xff,
    0xf8, 0xfc, 0xf8, 0xff, 0xf8, 0xfc, 0xf8, 0xff, 0xf8, 0xfc, 0xf8, 0xff,
    0xf8, 0xfc, 0xf8, 0xff, 0xf8, 0xfc, 0xf8, 0xff, 0xf8, 0xfc, 0xf8, 0xff,
    0xf8, 0xfc, 0xf8, 0xff, 0xf8, 0xfc, 0xf8, 0xff, 0xf8, 0xfc, 0xf8, 0xff,
    0xf8, 0xfc, 0xf8, 0xff, 0xf8, 0xfc, 0xf8, 0xff, 0xf8, 0xfc, 0xf8, 0xff,
    0xf8, 0xf8, 0xf0, 0xff, 0xf8, 0xec, 0xd0, 0xff, 0xf8, 0xf4, 0xe8, 0xff,
    0xf8, 0xfc, 0xf8, 0xff, 0xf8, 0xfc, 0xf8, 0xff, 0xf8, 0xfc, 0xf8, 0xff,
    0xf8, 0xfc, 0xf8, 0xff, 0xf8, 0xfc, 0xf8, 0xff, 0xf8, 0xfc, 0xf8, 0xff,
    0xf8, 0xf8, 0xf0, 0xff, 0xf8, 0xfc, 0xf8, 0xff, 0xf8, 0xfc, 0xf8, 0xff,
    0xf8, 0xfc, 0xf8, 0xff, 0xf8, 0xfc, 0xf8, 0xff, 0xf8, 0xfc, 0xf8, 0xff,
    0xf8, 0xfc, 0xf8, 0xff, 0xf8, 0xfc, 0xf8, 0xff, 0xf8, 0xfc, 0xf8, 0xff,
    0xf8, 0xfc, 0xf8, 0xff, 0xf8, 0xfc, 0xf8, 0xff, 0xf8, 0xfc, 0xf8, 0xff,
    0xf8, 0xfc, 0xf8, 0xff, 0xf8, 0xfc, 0xf8, 0xff, 0xf8, 0xfc, 0xf8, 0xff,
    0xf8, 0xfc, 0xf8, 0xff, 0xf8, 0xfc, 0xf8, 0xff, 0xf8, 0xfc, 0xf8, 0xff,
    0xf8, 0xfc, 0xf8, 0xff, 0xf8, 0xfc, 0xf8, 0xff, 0xf8, 0xfc, 0xf8, 0xff,
    0xf8, 0xfc, 0xf8, 0xff, 0xf8, 0xfc, 0xf8, 0xff, 0xf8, 0xfc, 0xf8, 0xff,
    0xf8, 0xfc, 0xf8, 0xff, 0xf8, 0xfc, 0xf8, 0xff, 0xf8, 0xfc, 0xf8, 0xff,
    0xf8, 0xfc, 0xf8, 0xff, 0xf8, 0xfc, 0xf8, 0xff, 0xf8, 0xfc, 0xf8, 0xff,
    0xf8, 0xfc, 0xf8, 0xff, 0xf8, 0xfc, 0xf8, 0xff, 0xf8, 0xfc, 0xf8, 0xff,
    0xf8, 0xfc, 0xf8, 0xff, 0xf8, 0xfc, 0xf8, 0xff, 0xf8, 0xfc, 0xf8, 0xff,
    0xf8, 0xe4, 0xc0, 0xff, 0xf0, 0xe4, 0xc0, 0xff, 0xf8, 0xf8, 0xf0, 0xff,
    0xf8, 0xfc, 0xf8, 0xff, 0xf8, 0xfc, 0xf8, 0xff, 0xf8, 0xfc, 0xf8, 0xff,
    0xf8, 0xfc, 0xf8, 0xff, 0xf8, 0xfc, 0xf8, 0xff, 0xf8, 0xfc, 0xf8, 0xff,
    0xf8, 0xfc, 0xf8, 0xff, 0xf8, 0xfc, 0xf8, 0xff, 0xf8, 0xfc, 0xf8, 0xff,
    0xf8, 0xfc, 0xf8, 0xff, 0xf8, 0xfc, 0xf8, 0xff, 0xf8, 0xfc, 0xf8, 0xff,
    0xf8, 0xfc, 0xf8, 0xff, 0xf8, 0xfc, 0xf8, 0xff, 0xf8, 0xfc, 0xf8, 0xff,
    0xf8, 0xfc, 0xf8, 0xff, 0xf8, 0xfc, 0xf8, 0xff, 0xf8, 0xfc, 0xf8, 0xff,
    0xf8, 0xfc, 0xf8, 0xff, 0xf8, 0xfc, 0xf8, 0xff, 0xf8, 0xfc, 0xf8, 0xff,
    0xf8, 0xfc, 0xf8, 0xff, 0xf8, 0xf0, 0xe0, 0xff, 0xf8, 0xe4, 0xc0, 0xff,
    0xf8, 0xe4, 0xc0, 0xff, 0xf8, 0xf4, 0xe8, 0xff, 0xf8, 0xfc, 0xf8, 0xff,
    0xf8, 0xfc, 0xf8, 0xff, 0xf8, 0xfc, 0xf8, 0xff, 0xf8, 0xfc, 0xf8, 0xff,
    0xf8, 0xf4, 0xe8, 0xff, 0xf8, 0xe8, 0xc8, 0xff, 0xf8, 0xfc, 0xf8, 0xff,
    0xf8, 0xfc, 0xf8, 0xff, 0xf8, 0xfc, 0xf8, 0xff, 0xf8, 0xfc, 0xf8, 0xff,
    0xf8, 0xfc, 0xf8, 0xff, 0xf8, 0xfc, 0xf8, 0xff, 0xf8, 0xfc, 0xf8, 0xff,
    0xf8, 0xfc, 0xf8, 0xff, 0xf8, 0xfc, 0xf8, 0xff, 0xf8, 0xfc, 0xf8, 0xff,
    0xf8, 0xfc, 0xf8, 0xff, 0xf8, 0xfc, 0xf8, 0xff, 0xf8, 0xfc, 0xf8, 0xff,
    0xf8, 0xfc, 0xf8, 0xff, 0xf8, 0xfc, 0xf8, 0xff, 0xf8, 0xfc, 0xf8, 0xff,
    0xf8, 0xfc, 0xf8, 0xff, 0xf8, 0xfc, 0xf8, 0xff, 0xf8, 0xfc, 0xf8, 0xff,
    0xf8, 0xfc, 0xf8, 0xff, 0xf8, 0xfc, 0xf8, 0xff, 0xf8, 0xfc, 0xf8, 0xff,
    0xf8, 0xfc, 0xf8, 0xff, 0xf8, 0xfc, 0xf8, 0xff, 0xf8, 0xfc, 0xf8, 0xff,
    0xf8, 0xfc, 0xf8, 0xff, 0xf8, 0xfc, 0xf8, 0xff, 0xf8, 0xfc, 0xf8, 0xff,
    0xf8, 0xfc, 0xf8, 0xff, 0xf8, 0xfc, 0xf8, 0xff, 0xf8, 0xfc, 0xf8, 0xff,
    0xf8, 0xfc, 0xf8, 0xff, 0xf8, 0xfc, 0xf8, 0xff, 0xf8, 0xfc, 0xf8, 0xff,
    0xf8, 0xfc, 0xf8, 0xff, 0xf8, 0xe4, 0xc0, 0xff, 0xf0, 0xe4, 0xc0, 0xff,
    0xf8, 0xe4, 0xc0, 0xff, 0xf8, 0xf0, 0xd8, 0xff, 0xf8, 0xfc, 0xf8, 0xff,
    0xf8, 0xfc, 0xf8, 0xff, 0xf8, 0xfc, 0xf8, 0xff, 0xf8, 0xfc, 0xf8, 0xff,
    0xf8, 0xfc, 0xf8, 0xff, 0xf8, 0xf4, 0xe0, 0xff, 0xf8, 0xe4, 0xc0, 0xff,
    0xf8, 0xf0, 0xd8, 0xff, 0xf8, 0xfc, 0xf8, 0xff, 0xf8, 0xfc, 0xf8, 0xff,
    0xf8, 0xfc, 0xf8, 0xff, 0xf8, 0xfc, 0xf8, 0xff, 0xf8, 0xfc, 0xf8, 0xff,
    0xf8, 0xfc, 0xf8, 0xff, 0xf8, 0xfc, 0xf8, 0xff, 0xf8, 0xfc, 0xf8, 0xff,
    0xf8, 0xfc, 0xf8, 0xff, 0xf8, 0xfc, 0xf8, 0xff, 0xf8, 0xfc, 0xf8, 0xff,
    0xf8, 0xfc, 0xf8, 0xff, 0xf8, 0xf0, 0xd8, 0xff, 0xf0, 0xe4, 0xc0, 0xff,
    0xf0, 0xe4, 0xc0, 0xff, 0xf0, 0xe4, 0xc0, 0xff, 0xf8, 0xe4, 0xc0, 0xff,
    0xf0, 0xe4, 0xc0, 0xff, 0xf8, 0xe4, 0xc0, 0xff, 0xf0, 0xe4, 0xc0, 0xff,
    0xf8, 0xe4, 0xc0, 0xff, 0xf0, 0xe4, 0xc0, 0xff, 0xf0, 0xe4, 0xc0, 0xff,
    0xf8, 0xfc, 0xf8, 0xff, 0xf8, 0xfc, 0xf8, 0xff, 0xf8, 0xfc, 0xf8, 0xff,
    0xf8, 0xfc, 0xf8, 0xff, 0xf8, 0xfc, 0xf8, 0xff, 0xf8, 0xfc, 0xf8, 0xff,
    0xf8, 0xfc, 0xf8, 0xff, 0xf8, 0xfc, 0xf8, 0xff, 0xf8, 0xfc, 0xf8, 0xff,
    0xf8, 0xfc, 0xf8, 0xff, 0xf8, 0xfc, 0xf8, 0xff, 0xf8, 0xfc, 0xf8, 0xff,
    0xf8, 0xfc, 0xf8, 0xff, 0xf8, 0xfc, 0xf8, 0xff, 0xf8, 0xfc, 0xf8, 0xff,
    0xf8, 0xfc, 0xf8, 0xff, 0xf8, 0xfc, 0xf8, 0xff, 0xf8, 0xfc, 0xf8, 0xff,
    0xf8, 0xfc, 0xf8, 0xff, 0xf8, 0xfc, 0xf8, 0xff, 0xf8, 0xfc, 0xf8, 0xff,
    0xf8, 0xfc, 0xf8, 0xff, 0xf8, 0xfc, 0xf8, 0xff, 0xf8, 0xfc, 0xf8, 0xff,
    0xf8, 0xfc, 0xf8, 0xff, 0xf8, 0xfc, 0xf8, 0xff, 0xf8, 0xfc, 0xf8, 0xff,
    0xf8, 0xfc, 0xf8, 0xff, 0xf8, 0xfc, 0xf8, 0xff, 0xf8, 0xfc, 0xf8, 0xff,
    0xf8, 0xfc, 0xf8, 0xff, 0xf8, 0xfc, 0xf8, 0xff, 0xf8, 0xfc, 0xf8, 0xff,
    0xf8, 0xfc, 0xf8, 0xff, 0xf8, 0xfc, 0xf8, 0xff, 0xf0, 0xe4, 0xc0, 0xff,
    0xf8, 0xe4, 0xc0, 0xff, 0xf0, 0xe4, 0xc0, 0xff, 0xf8, 0xe4, 0xc0, 0xff,
    0xf8, 0xec, 0xd0, 0xff, 0xf8, 0xec, 0xd0, 0xff, 0xf8, 0xec, 0xd0, 0xff,
    0xf8, 0xec, 0xd0, 0xff, 0xf8, 0xec, 0xd0, 0xff, 0xf0, 0xe4, 0xc0, 0xff,
    0xf8, 0xe4, 0xc0, 0xff, 0xf0, 0xe4, 0xc0, 0xff, 0xf8, 0xe8, 0xc8, 0xff,
    0xf8, 0xfc, 0xf8, 0xff, 0xf8, 0xfc, 0xf8, 0xff, 0xf8, 0xfc, 0xf8, 0xff,
    0xf8, 0xfc, 0xf8, 0xff, 0xf8, 0xfc, 0xf8, 0xff, 0xf8, 0xfc, 0xf8, 0xff,
    0xf8, 0xfc, 0xf8, 0xff, 0xf8, 0xfc, 0xf8, 0xff, 0xf8, 0xfc, 0xf8, 0xff,
    0xf8, 0xfc, 0xf8, 0xff, 0xf8, 0xe8, 0xc8, 0xff, 0xf8, 0xe4, 0xc0, 0xff,
    0xf8, 0xe4, 0xc0, 0xff, 0xf0, 0xe4, 0xc0, 0xff, 0xf8, 0xe4, 0xc0, 0xff,
    0xf0, 0xe4, 0xc0, 0xff, 0xf8, 0xe4, 0xc0, 0xff, 0xf0, 0xe4, 0xc0, 0xff,
    0xf8, 0xe4, 0xc0, 0xff, 0xf0, 0xe4, 0xc0, 0xff, 0xf8, 0xe4, 0xc0, 0xff,
    0xf8, 0xe4, 0xc0, 0xff, 0xf8, 0xfc, 0xf8, 0xff, 0xf8, 0xfc, 0xf8, 0xff,
    0xf8, 0xfc, 0xf8, 0xff, 0xf8, 0xfc, 0xf8, 0xff, 0xf8, 0xfc, 0xf8, 0xff,
    0xf8, 0xfc, 0xf8, 0xff, 0xf8, 0xfc, 0xf8, 0xff, 0xf8, 0xfc, 0xf8, 0xff,
    0xf8, 0xfc, 0xf8, 0xff, 0xf8, 0xfc, 0xf8, 0xff, 0xf8, 0xfc, 0xf8, 0xff,
    0xf8, 0xfc, 0xf8, 0xff, 0xf8, 0xfc, 0xf8, 0xff, 0xf8, 0xfc, 0xf8, 0xff,
    0xf8, 0xfc, 0xf8, 0xff, 0xf8, 0xfc, 0xf8, 0xff, 0xf8, 0xfc, 0xf8, 0xff,
    0xf8, 0xfc, 0xf8, 0xff, 0xf8, 0xfc, 0xf8, 0xff, 0xf8, 0xfc, 0xf8, 0xff,
    0xf8, 0xfc, 0xf8, 0xff, 0xf8, 0xfc, 0xf8, 0xff, 0xf8, 0xfc, 0xf8, 0xff,
    0xf8, 0xfc, 0xf8, 0xff, 0xf8, 0xfc, 0xf8, 0xff, 0xf8, 0xfc, 0xf8, 0xff,
    0xf8, 0xfc, 0xf8, 0xff, 0xf8, 0xfc, 0xf8, 0xff, 0xf8, 0xfc, 0xf8, 0xff,
    0xf8, 0xfc, 0xf8, 0xff, 0xf8, 0xfc, 0xf8, 0xff, 0xf8, 0xfc, 0xf8, 0xff,
    0xf8, 0xfc, 0xf8, 0xff, 0xf8, 0xfc, 0xf8, 0xff, 0xf8, 0xfc, 0xf8, 0xff,
    0xf8, 0xf8, 0xf0, 0xff, 0xf0, 0xe4, 0xc0, 0xff, 0xf8, 0xe4, 0xc0, 0xff,
    0xf0, 0xe4, 0xc0, 0xff, 0xf0, 0xe4, 0xc0, 0xff, 0xf8, 0xe4, 0xc0, 0xff,
    0xf0, 0xe4, 0xc0, 0xff, 0xf0, 0xe4, 0xc0, 0xff, 0xf8, 0xe4, 0xc0, 0xff,
    0xf0, 0xe4, 0xc0, 0xff, 0xf0, 0xe4, 0xc0, 0xff, 0xf8, 0xe4, 0xc0, 0xff,
    0xf8, 0xe4, 0xc0, 0xff, 0xf0, 0xe4, 0xc0, 0xff, 0xf8, 0xf0, 0xd8, 0xff,
    0xf8, 0xf8, 0xf0, 0xff, 0xf8, 0xf8, 0xf0, 0xff, 0xf8, 0xf8, 0xf0, 0xff,
    0xf8, 0xf8, 0xf0, 0xff, 0xf8, 0xf8, 0xf0, 0xff, 0xf8, 0xf8, 0xf0, 0xff,
    0xf8, 0xe8, 0xc8, 0xff, 0xf0, 0xe4, 0xc0, 0xff, 0xf0, 0xe4, 0xc0, 0xff,
    0xf8, 0xe4, 0xc0, 0xff, 0xf0, 0xe4, 0xc0, 0xff, 0xf8, 0xe4, 0xc0, 0xff,
    0xf8, 0xe4, 0xc0, 0xff, 0xf0, 0xe4, 0xc0, 0xff, 0xf8, 0xe4, 0xc0, 0xff,
    0xf0, 0xe4, 0xc0, 0xff, 0xf8, 0xe4, 0xc0, 0xff, 0xf0, 0xe4, 0xc0, 0xff,
    0xf0, 0xe4, 0xc0, 0xff, 0xf8, 0xe4, 0xc0, 0xff, 0xf8, 0xfc, 0xf8, 0xff,
    0xf8, 0xfc, 0xf8, 0xff, 0xf8, 0xfc, 0xf8, 0xff, 0xf8, 0xfc, 0xf8, 0xff,
    0xf8, 0xfc, 0xf8, 0xff, 0xf8, 0xfc, 0xf8, 0xff, 0xf8, 0xfc, 0xf8, 0xff,
    0xf8, 0xfc, 0xf8, 0xff, 0xf8, 0xfc, 0xf8, 0xff, 0xf8, 0xfc, 0xf8, 0xff,
    0xf8, 0xfc, 0xf8, 0xff, 0xf8, 0xfc, 0xf8, 0xff, 0xf8, 0xfc, 0xf8, 0xff,
    0xf8, 0xfc, 0xf8, 0xff, 0xf8, 0xfc, 0xf8, 0xff, 0xf8, 0xfc, 0xf8, 0xff,
    0xf8, 0xfc, 0xf8, 0xff, 0xf8, 0xfc, 0xf8, 0xff, 0xf8, 0xfc, 0xf8, 0xff,
    0xf8, 0xfc, 0xf8, 0xff, 0xf8, 0xfc, 0xf8, 0xff, 0xf8, 0xfc, 0xf8, 0xff,
    0xf8, 0xfc, 0xf8, 0xff, 0xf8, 0xfc, 0xf8, 0xff, 0xf8, 0xfc, 0xf8, 0xff,
    0xf8, 0xfc, 0xf8, 0xff, 0xf8, 0xfc, 0xf8, 0xff, 0xf8, 0xfc, 0xf8, 0xff,
    0xf8, 0xfc, 0xf8, 0xff, 0xf8, 0xfc, 0xf8, 0xff, 0xf8, 0xfc, 0xf8, 0xff,
    0xf8, 0xfc, 0xf8, 0xff, 0xf8, 0xfc, 0xf8, 0xff, 0xf8, 0xfc, 0xf8, 0xff,
    0xf8, 0xfc, 0xf8, 0xff, 0xf8, 0xf8, 0xf0, 0xff, 0xf8, 0xe4, 0xc0, 0xff,
    0xf0, 0xe4, 0xc0, 0xff, 0xf8, 0xe4, 0xc0, 0xff, 0xf0, 0xe4, 0xc0, 0xff,
    0xf8, 0xe4, 0xc0, 0xff, 0xf0, 0xe4, 0xc0, 0xff, 0xf8, 0xe4, 0xc0, 0xff,
    0xf8, 0xe4, 0xc0, 0xff, 0xf0, 0xe4, 0xc0, 0xff, 0xf8, 0xe4, 0xc0, 0xff,
    0xf8, 0xe4, 0xc0, 0xff, 0xf0, 0xe4, 0xc0, 0xff, 0xf8, 0xe4, 0xc0, 0xff,
    0xf8, 0xe4, 0xc0, 0xff, 0xf0, 0xe4, 0xc0, 0xff, 0xf8, 0xe4, 0xc0, 0xff,
    0xf8, 0xe4, 0xc0, 0xff, 0xf0, 0xe4, 0xc0, 0xff, 0xf8, 0xe4, 0xc0, 0xff,
    0xf8, 0xe4, 0xc0, 0xff, 0xf0, 0xe4, 0xc0, 0xff, 0xf8, 0xe4, 0xc0, 0xff,
    0xf8, 0xe4, 0xc0, 0xff, 0xf0, 0xe4, 0xc0, 0xff, 0xf0, 0xe4, 0xc0, 0xff,
    0xf8, 0xe4, 0xc0, 0xff, 0xf0, 0xe4, 0xc0, 0xff, 0xf0, 0xe4, 0xc0, 0xff,
    0xf8, 0xe4, 0xc0, 0xff, 0xf8, 0xe4, 0xc0, 0xff, 0xf0, 0xe4, 0xc0, 0xff,
    0xf8, 0xe4, 0xc0, 0xff, 0xf0, 0xe4, 0xc0, 0xff, 0xf0, 0xe4, 0xc0, 0xff,
    0xf8, 0xf0, 0xd8, 0xff, 0xf8, 0xfc, 0xf8, 0xff, 0xf8, 0xfc, 0xf8, 0xff,
    0xf8, 0xfc, 0xf8, 0xff, 0xf8, 0xfc, 0xf8, 0xff, 0xf8, 0xfc, 0xf8, 0xff,
    0xf8, 0xfc, 0xf8, 0xff, 0xf8, 0xfc, 0xf8, 0xff, 0xf8, 0xfc, 0xf8, 0xff,
    0xf8, 0xfc, 0xf8, 0xff, 0xf8, 0xfc, 0xf8, 0xff, 0xf8, 0xfc, 0xf8, 0xff,
    0xf8, 0xfc, 0xf8, 0xff, 0xf8, 0xfc, 0xf8, 0xff, 0xf8, 0xfc, 0xf8, 0xff,
    0xf8, 0xfc, 0xf8, 0xff, 0xf8, 0xfc, 0xf8, 0xff, 0xf8, 0xfc, 0xf8, 0xff,
    0xf8, 0xfc, 0xf8, 0xff, 0xf8, 0xf4, 0xe8, 0xff, 0xf8, 0xfc, 0xf0, 0xff,
    0xf8, 0xfc, 0xf8, 0xff, 0xf8, 0xfc, 0xf8, 0xff, 0xf8, 0xfc, 0xf8, 0xff,
    0xf8, 0xfc, 0xf8, 0xff, 0xf8, 0xfc, 0xf8, 0xff, 0xf8, 0xfc, 0xf8, 0xff,
    0xf8, 0xfc, 0xf8, 0xff, 0xf8, 0xfc, 0xf8, 0xff, 0xf8, 0xfc, 0xf8, 0xff,
    0xf8, 0xfc, 0xf8, 0xff, 0xf8, 0xfc, 0xf8, 0xff, 0xf8, 0xfc, 0xf8, 0xff,
    0xf8, 0xfc, 0xf8, 0xff, 0xf8, 0xfc, 0xf8, 0xff, 0xf8, 0xfc, 0xf8, 0xff,
    0xf8, 0xfc, 0xf8, 0xff, 0xf8, 0xfc, 0xf8, 0xff, 0xf8, 0xfc, 0xf8, 0xff,
    0xf8, 0xfc, 0xf8, 0xff, 0xf8, 0xf8, 0xf0, 0xff, 0xf8, 0xec, 0xd0, 0xff,
    0xf0, 0xe4, 0xc0, 0xff, 0xf8, 0xe4, 0xc0, 0xff, 0xf0, 0xe4, 0xc0, 0xff,
    0xf8, 0xe8, 0xc8, 0xff, 0xf8, 0xf0, 0xe0, 0xff, 0xf8, 0xf0, 0xe0, 0xff,
    0xf8, 0xf4, 0xe0, 0xff, 0xf8, 0xf0, 0xe0, 0xff, 0xf8, 0xf0, 0xe0, 0xff,
    0xf8, 0xf4, 0xe0, 0xff, 0xf8, 0xf0, 0xd8, 0xff, 0xf0, 0xe4, 0xc0, 0xff,
    0xf8, 0xec, 0xd0, 0xff, 0xf8, 0xfc, 0xf8, 0xff, 0xf8, 0xfc, 0xf8, 0xff,
    0xf8, 0xfc, 0xf8, 0xff, 0xf8, 0xfc, 0xf8, 0xff, 0xf8, 0xfc, 0xf8, 0xff,
    0xf8, 0xfc, 0xf8, 0xff, 0xf8, 0xfc, 0xf8, 0xff, 0xf8, 0xfc, 0xf8, 0xff,
    0xf8, 0xfc, 0xf8, 0xff, 0xf8, 0xfc, 0xf8, 0xff, 0xf8, 0xfc, 0xf8, 0xff,
    0xf8, 0xfc, 0xf8, 0xff, 0xf8, 0xfc, 0xf8, 0xff, 0xf8, 0xfc, 0xf8, 0xff,
    0xf8, 0xfc, 0xf8, 0xff, 0xf8, 0xfc, 0xf8, 0xff, 0xf8, 0xfc, 0xf8, 0xff,
    0xf8, 0xfc, 0xf8, 0xff, 0xf8, 0xfc, 0xf8, 0xff, 0xf8, 0xfc, 0xf8, 0xff,
    0xf8, 0xfc, 0xf8, 0xff, 0xf8, 0xfc, 0xf8, 0xff, 0xf8, 0xfc, 0xf8, 0xff,
    0xf8, 0xfc, 0xf8, 0xff, 0xf8, 0xfc, 0xf8, 0xff, 0xf8, 0xfc, 0xf8, 0xff,
    0xf8, 0xfc, 0xf8, 0xff, 0xf8, 0xfc, 0xf8, 0xff, 0xf8, 0xfc, 0xf8, 0xff,
    0xf8, 0xfc, 0xf8, 0xff, 0xf8, 0xfc, 0xf8, 0xff, 0xf8, 0xfc, 0xf8, 0xff,
    0xf8, 0xfc, 0xf8, 0xff, 0xf8, 0xf4, 0xe0, 0xff, 0xf0, 0xe4, 0xc0, 0xff,
    0xf8, 0xe4, 0xc0, 0xff, 0xf8, 0xf8, 0xf0, 0xff, 0xf8, 0xfc, 0xf8, 0xff,
    0xf8, 0xfc, 0xf8, 0xff, 0xf8, 0xfc, 0xf8, 0xff, 0xf8, 0xfc, 0xf8, 0xff,
    0xf8, 0xfc, 0xf8, 0xff, 0xf8, 0xfc, 0xf8, 0xff, 0xf8, 0xfc, 0xf8, 0xff,
    0xf8, 0xfc, 0xf8, 0xff, 0xf8, 0xfc, 0xf8, 0xff, 0xf8, 0xfc, 0xf8, 0xff,
    0xf8, 0xfc, 0xf8, 0xff, 0xf8, 0xfc, 0xf8, 0xff, 0xf8, 0xfc, 0xf8, 0xff,
    0xf8, 0xfc, 0xf8, 0xff, 0xf8, 0xfc, 0xf8, 0xff, 0xf8, 0xfc, 0xf8, 0xff,
    0xf8, 0xfc, 0xf8, 0xff, 0xf8, 0xf0, 0xd8, 0xff, 0xf8, 0xe8, 0xc8, 0xff,
    0xf0, 0xe4, 0xc0, 0xff, 0xf8, 0xe4, 0xc0, 0xff, 0xf0, 0xe4, 0xc0, 0xff,
    0xf0, 0xe4, 0xc0, 0xff, 0xf8, 0xe4, 0xc0, 0xff, 0xf0, 0xe4, 0xc0, 0xff,
    0xf0, 0xe4, 0xc0, 0xff, 0xf0, 0xe4, 0xc0, 0xff, 0xf8, 0xe4, 0xc0, 0xff,
    0xf0, 0xe4, 0xc0, 0xff, 0xf0, 0xe4, 0xc0, 0xff, 0xf8, 0xe4, 0xc0, 0xff,
    0xf8, 0xe4, 0xc0, 0xff, 0xf8, 0xec, 0xd0, 0xff, 0xf8, 0xfc, 0xf8, 0xff,
    0xf8, 0xfc, 0xf8, 0xff, 0xf8, 0xfc, 0xf8, 0xff, 0xf8, 0xfc, 0xf8, 0xff,
    0xf8, 0xfc, 0xf8, 0xff, 0xf8, 0xfc, 0xf8, 0xff, 0xf8, 0xfc, 0xf8, 0xff,
    0xf8, 0xfc, 0xf8, 0xff, 0xf8, 0xfc, 0xf8, 0xff, 0xf8, 0xfc, 0xf8, 0xff,
    0xf8, 0xfc, 0xf8, 0xff, 0xf8, 0xfc, 0xf8, 0xff, 0xf8, 0xfc, 0xf8, 0xff,
    0xf8, 0xfc, 0xf8, 0xff, 0xf8, 0xfc, 0xf8, 0xff, 0xf8, 0xfc, 0xf8, 0xff,
    0xf8, 0xf0, 0xe0, 0xff, 0xf8, 0xfc, 0xf8, 0xff, 0xf8, 0xfc, 0xf8, 0xff,
    0xf8, 0xfc, 0xf8, 0xff, 0xf8, 0xfc, 0xf8, 0xff, 0xf8, 0xfc, 0xf8, 0xff,
    0xf8, 0xfc, 0xf8, 0xff, 0xf8, 0xfc, 0xf8, 0xff, 0xf8, 0xfc, 0xf8, 0xff,
    0xf8, 0xfc, 0xf8, 0xff, 0xf8, 0xfc, 0xf8, 0xff, 0xf8, 0xfc, 0xf8, 0xff,
    0xf8, 0xfc, 0xf8, 0xff, 0xf8, 0xfc, 0xf8, 0xff, 0xf8, 0xfc, 0xf8, 0xff,
    0xf8, 0xfc, 0xf8, 0xff, 0xf8, 0xf8, 0xf0, 0xff, 0xf8, 0xec, 0xd0, 0xff,
    0xf0, 0xe4, 0xc0, 0xff, 0xf0, 0xe4, 0xc0, 0xff, 0xf8, 0xe4, 0xc0, 0xff,
    0xf8, 0xf0, 0xe0, 0xff, 0xf8, 0xf4, 0xe0, 0xff, 0xf8, 0xf4, 0xe0, 0xff,
    0xf8, 0xf0, 0xe0, 0xff, 0xf8, 0xf0, 0xe0, 0xff, 0xf8, 0xfc, 0xf8, 0xff,
    0xf8, 0xfc, 0xf8, 0xff, 0xf8, 0xfc, 0xf8, 0xff, 0xf8, 0xfc, 0xf8, 0xff,
    0xf8, 0xfc, 0xf8, 0xff, 0xf8, 0xfc, 0xf8, 0xff, 0xf8, 0xfc, 0xf8, 0xff,
    0xf8, 0xfc, 0xf8, 0xff, 0xf8, 0xfc, 0xf8, 0xff, 0xf8, 0xfc, 0xf8, 0xff,
    0xf8, 0xfc, 0xf8, 0xff, 0xf8, 0xf0, 0xe0, 0xff, 0xf8, 0xe4, 0xc8, 0xff,
    0xf0, 0xe4, 0xc0, 0xff, 0xf8, 0xe4, 0xc0, 0xff, 0xf8, 0xe4, 0xc0, 0xff,
    0xf0, 0xe4, 0xc0, 0xff, 0xf8, 0xe4, 0xc0, 0xff, 0xf8, 0xe4, 0xc0, 0xff,
    0xf0, 0xe4, 0xc0, 0xff, 0xf8, 0xe4, 0xc0, 0xff, 0xf8, 0xe4, 0xc0, 0xff,
    0xf0, 0xe4, 0xc0, 0xff, 0xf8, 0xe4, 0xc0, 0xff, 0xf0, 0xe4, 0xc0, 0xff,
    0xf0, 0xe4, 0xc0, 0xff, 0xf8, 0xe4, 0xc0, 0xff, 0xf8, 0xec, 0xd0, 0xff,
    0xf8, 0xfc, 0xf8, 0xff, 0xf8, 0xfc, 0xf8, 0xff, 0xf8, 0xfc, 0xf8, 0xff,
    0xf8, 0xfc, 0xf8, 0xff, 0xf8, 0xfc, 0xf8, 0xff, 0xf8, 0xfc, 0xf8, 0xff,
    0xf8, 0xfc, 0xf8, 0xff, 0xf8, 0xf8, 0xf0, 0xff, 0xf8, 0xec, 0xd0, 0xff,
    0xf8, 0xfc, 0xf8, 0xff, 0xf8, 0xfc, 0xf8, 0xff, 0xf8, 0xfc, 0xf8, 0xff,
    0xf8, 0xfc, 0xf8, 0xff, 0xf8, 0xfc, 0xf8, 0xff, 0xf8, 0xfc, 0xf0, 0xff,
    0xf8, 0xe8, 0xd0, 0xff, 0xf8, 0xe4, 0xc0, 0xff, 0xf8, 0xe8, 0xc8, 0xff,
    0xf8, 0xfc, 0xf0, 0xff, 0xf8, 0xfc, 0xf8, 0xff, 0xf8, 0xfc, 0xf8, 0xff,
    0xf8, 0xfc, 0xf8, 0xff, 0xf8, 0xfc, 0xf8, 0xff, 0xf8, 0xfc, 0xf8, 0xff,
    0xf8, 0xfc, 0xf8, 0xff, 0xf8, 0xfc, 0xf8, 0xff, 0xf8, 0xfc, 0xf8, 0xff,
    0xf8, 0xfc, 0xf8, 0xff, 0xf8, 0xfc, 0xf8, 0xff, 0xf8, 0xfc, 0xf8, 0xff,
    0xf8, 0xfc, 0xf8, 0xff, 0xf8, 0xfc, 0xf0, 0xff, 0xf8, 0xe8, 0xc8, 0xff,
    0xf0, 0xe4, 0xc0, 0xff, 0xf8, 0xe4, 0xc0, 0xff, 0xf8, 0xe4, 0xc0, 0xff,
    0xf0, 0xe4, 0xc0, 0xff, 0xf0, 0xe4, 0xc0, 0xff, 0xf8, 0xe4, 0xc0, 0xff,
    0xf0, 0xe4, 0xc0, 0xff, 0xf0, 0xe4, 0xc0, 0xff, 0xf8, 0xe4, 0xc0, 0xff
};
